customer_id,recency,frequency,monetary,r_score,f_score,m_score,rfm_score,rfm_total,segment,country
12346,326,12,77556.46,2,5,5,255,12,At Risk,United Kingdom
12347,2,8,5633.32,5,4,5,545,14,Champions,Iceland
12348,75,5,2019.4,3,4,4,344,11,Loyal Customers,Finland
12349,19,4,4428.69,5,3,5,535,13,Loyal Customers,Italy
12350,310,1,334.4,2,1,2,212,5,Lost,Norway
12351,375,1,300.93,2,1,2,212,5,Lost,Unspecified
12352,36,10,2849.84,4,5,4,454,13,Champions,Norway
12353,204,2,406.76,2,2,2,222,6,Lost,Bahrain
12354,232,1,1079.4,2,1,3,213,6,Needs Attention,Spain
12355,214,2,947.61,2,2,3,223,7,Needs Attention,Bahrain
12356,23,6,6373.68,4,4,5,445,13,Champions,Portugal
12357,33,3,18287.66,4,3,5,435,12,Loyal Customers,Switzerland
12358,2,5,3887.07,5,4,5,545,14,Champions,Austria
12359,58,10,8935.94,4,5,5,455,14,Champions,Cyprus
12360,52,8,4252.89,4,4,5,445,13,Champions,Austria
12361,287,4,511.25,2,3,2,232,7,Needs Attention,Belgium
12362,3,11,5356.23,5,5,5,555,15,Champions,Belgium
12363,110,2,552.0,3,2,2,322,7,Promising,Unspecified
12364,8,4,1313.1,5,3,4,534,12,Loyal Customers,Belgium
12365,291,2,641.38,2,2,3,223,7,Needs Attention,Cyprus
12366,634,1,500.24,1,1,2,112,4,Lost,Cyprus
12367,4,1,168.9,5,1,1,511,7,New Customers,Denmark
12368,628,1,917.7,1,1,3,113,5,Needs Attention,Cyprus
12369,413,3,1791.1499999999999,1,3,4,134,8,Needs Attention,Austria
12370,51,7,4320.3099999999995,4,4,5,445,13,Champions,Cyprus
12371,45,5,4067.38,4,4,5,445,13,Champions,Switzerland
12372,72,3,1298.04,3,3,4,334,10,Loyal Customers,Denmark
12373,311,3,1127.65,2,3,3,233,8,Needs Attention,Austria
12374,25,4,2989.22,4,3,5,435,12,Loyal Customers,Austria
12375,11,2,457.5,5,2,2,522,9,New Customers,Finland
12376,390,2,503.15,2,2,2,222,6,Lost,Switzerland
12377,315,4,3426.32,2,3,5,235,10,Needs Attention,Switzerland
12378,130,2,5416.32,3,2,5,325,10,Needs Attention,Switzerland
12379,82,4,1620.22,3,3,4,334,10,Loyal Customers,Belgium
12380,22,11,9676.3,4,5,5,455,14,Champions,Belgium
12381,5,5,1845.31,5,4,4,544,13,Champions,Norway
12383,185,5,1850.56,3,4,4,344,11,Loyal Customers,Belgium
12384,29,2,585.27,4,2,2,422,8,New Customers,Switzerland
12385,379,1,1938.4,2,1,4,214,7,Needs Attention,Belgium
12386,338,2,660.8,2,2,3,223,7,Needs Attention,Australia
12387,415,1,143.94,1,1,1,111,3,Lost,Australia
12388,16,8,3901.11,5,4,5,545,14,Champions,Australia
12389,403,3,1433.33,2,3,4,234,9,Needs Attention,Australia
12390,80,1,549.84,3,1,2,312,6,Promising,Belgium
12391,22,6,2773.42,4,4,4,444,12,Champions,Cyprus
12392,591,1,234.75,1,1,1,111,3,Lost,Australia
12393,72,6,2399.45,3,4,4,344,11,Loyal Customers,Australia
12394,64,2,1272.48,3,2,4,324,9,Needs Attention,Belgium
12395,19,15,5067.2699999999995,5,5,5,555,15,Champions,Belgium
12396,674,1,931.43,1,1,3,113,5,Needs Attention,RSA
12397,36,2,2409.9,4,2,4,424,10,New Customers,Belgium
12398,46,1,1635.6599999999999,4,1,4,414,9,New Customers,Switzerland
12399,119,7,1962.3,3,4,4,344,11,Loyal Customers,Belgium
12400,414,1,205.25,1,1,1,111,3,Lost,Australia
12401,303,1,84.3,2,1,1,211,4,Lost,Belgium
12402,323,6,1256.9,2,4,4,244,10,At Risk,Belgium
12403,50,2,1019.36,4,2,3,423,9,New Customers,Denmark
12404,682,1,63.24,1,1,1,111,3,Lost,Finland
12405,149,1,1710.3899999999999,3,1,4,314,8,Needs Attention,Finland
12406,22,5,6390.36,4,4,5,445,13,Champions,Denmark
12407,50,5,1708.12,4,4,4,444,12,Champions,Belgium
12408,33,8,4340.77,4,4,5,445,13,Champions,Belgium
12409,79,7,23419.29,3,4,5,345,12,Loyal Customers,Switzerland
12410,309,3,1013.71,2,3,3,233,8,Needs Attention,Switzerland
12411,410,1,346.9,2,1,2,212,5,Lost,Australia
12412,75,6,2596.93,3,4,4,344,11,Loyal Customers,Denmark
12413,67,4,999.45,3,3,3,333,9,Loyal Customers,France
12414,217,6,952.41,2,4,3,243,9,At Risk,Austria
12415,24,28,144458.37,4,5,5,455,14,Champions,Australia
12416,657,1,202.56,1,1,1,111,3,Lost,Australia
12417,3,20,6816.91,5,5,5,555,15,Champions,Belgium
12418,113,4,2021.2,3,3,4,334,10,Loyal Customers,Switzerland
12419,386,2,503.01,2,2,2,222,6,Lost,Spain
12420,64,1,600.39,3,1,2,312,6,Promising,Cyprus
12421,16,6,1098.6,5,4,3,543,12,Loyal Customers,Spain
12422,96,17,5231.8,3,5,5,355,13,Loyal Customers,Switzerland
12423,1,10,2622.39,5,5,4,554,14,Champions,Belgium
12424,163,4,3340.0299999999997,3,3,5,335,11,Loyal Customers,Australia
12425,78,2,1741.41,3,2,4,324,9,Needs Attention,Portugal
12426,195,2,1345.21,2,2,4,224,8,Needs Attention,Germany
12427,22,3,1129.3,4,3,3,433,10,Loyal Customers,Germany
12428,26,9,7956.46,4,5,5,455,14,Champions,Finland
12429,9,8,7485.91,5,4,5,545,14,Champions,Denmark
12430,43,1,256.4,4,1,1,411,6,New Customers,Norway
12431,36,27,10857.97,4,5,5,455,14,Champions,Australia
12432,43,5,5059.32,4,4,5,445,13,Champions,Norway
12433,1,10,20581.26,5,5,5,555,15,Champions,Norway
12434,85,3,1103.43,3,3,3,333,9,Loyal Customers,Australia
12435,80,6,13925.93,3,4,5,345,12,Loyal Customers,Denmark
12436,100,1,509.01,3,1,2,312,6,Promising,Norway
12437,2,39,12683.4,5,5,5,555,15,Champions,France
12438,14,2,2906.85,5,2,4,524,11,New Customers,Norway
12439,683,2,1158.18,1,2,3,123,6,Needs Attention,Cyprus
12440,462,2,859.2,1,2,3,123,6,Needs Attention,Austria
12441,367,1,347.1,2,1,2,212,5,Lost,France
12442,3,1,172.06,5,1,1,511,7,New Customers,Spain
12443,732,1,485.31,1,1,2,112,4,Lost,Norway
12444,21,5,5005.46,4,4,5,445,13,Champions,Norway
12445,22,2,434.98,4,2,2,422,8,New Customers,Spain
12446,58,1,1002.31,4,1,3,413,8,New Customers,RSA
12447,243,1,476.49,2,1,2,212,5,Lost,Belgium
12448,44,1,449.45,4,1,2,412,7,New Customers,Spain
12449,22,6,4835.89,4,4,5,445,13,Champions,Belgium
12450,156,5,688.2,3,4,3,343,10,Loyal Customers,Spain
12451,11,8,12669.88,5,4,5,545,14,Champions,Switzerland
12452,17,2,430.57,5,2,2,522,9,New Customers,Switzerland
12453,134,1,707.09,3,1,3,313,7,Needs Attention,Austria
12454,56,5,16679.78,4,4,5,445,13,Champions,Spain
12455,73,10,5879.95,3,5,5,355,13,Loyal Customers,Cyprus
12456,44,3,3181.04,4,3,5,435,12,Loyal Customers,Switzerland
12457,66,8,2995.91,3,4,5,345,12,Loyal Customers,Switzerland
12458,71,4,1777.49,3,3,4,334,10,Loyal Customers,Switzerland
12459,605,1,454.36,1,1,2,112,4,Lost,Spain
12460,456,1,326.65,1,1,2,112,4,Lost,Belgium
12461,94,2,826.88,3,2,3,323,8,Needs Attention,Switzerland
12462,19,2,1189.59,5,2,3,523,10,New Customers,Spain
12463,53,4,1344.78,4,3,4,434,11,Loyal Customers,Belgium
12464,10,8,1212.05,5,4,3,543,12,Loyal Customers,Belgium
12465,17,2,742.1899999999999,5,2,3,523,10,New Customers,Belgium
12466,682,1,56.73,1,1,1,111,3,Lost,France
12467,423,1,132.8,1,1,1,111,3,Lost,USA
12468,188,5,3670.74,3,4,5,345,12,Loyal Customers,Germany
12469,523,2,3070.54,1,2,5,125,8,Needs Attention,Thailand
12470,690,1,211.95,1,1,1,111,3,Lost,Unspecified
12471,2,79,39963.79,5,5,5,555,15,Champions,Germany
12472,32,19,17880.59,4,5,5,455,14,Champions,Germany
12473,29,5,3938.55,4,4,5,445,13,Champions,Germany
12474,17,31,12424.45,5,5,5,555,15,Champions,Germany
12475,54,2,1149.64,4,2,3,423,9,New Customers,Germany
12476,16,23,14115.41,5,5,5,555,15,Champions,Germany
12477,23,9,20276.37,4,5,5,455,14,Champions,Germany
12478,4,1,680.99,5,1,3,513,9,New Customers,Greece
12479,11,1,527.2,5,1,2,512,8,New Customers,Germany
12480,28,7,5464.85,4,4,5,445,13,Champions,Germany
12481,23,15,12361.39,4,5,5,455,14,Champions,Germany
12482,576,29,23691.4,1,5,5,155,11,At Risk,Sweden
12483,17,19,5120.58,5,5,5,555,15,Champions,Sweden
12484,33,12,6370.15,4,5,5,455,14,Champions,Spain
12485,529,1,708.1,1,1,3,113,5,Needs Attention,Sweden
12486,432,1,1037.28,1,1,3,113,5,Needs Attention,Sweden
12487,731,1,285.3,1,1,1,111,3,Lost,Sweden
12488,10,3,1298.66,5,3,4,534,12,Loyal Customers,France
12489,336,1,334.93,2,1,2,212,5,Lost,France
12490,5,21,9823.64,5,5,5,555,15,Champions,France
12491,39,1,460.4,4,1,2,412,7,New Customers,France
12492,63,3,715.21,3,3,3,333,9,Loyal Customers,Germany
12493,166,2,433.74,3,2,2,322,7,Promising,France
12494,16,9,1872.87,5,5,4,554,14,Champions,France
12495,641,1,357.4,1,1,2,112,4,Lost,Sweden
12496,620,2,54.09,1,2,1,121,4,Lost,Spain
12497,82,3,6248.5,3,3,5,335,11,Loyal Customers,Germany
12498,21,3,403.7,4,3,2,432,9,Loyal Customers,Germany
12499,560,1,393.72,1,1,2,112,4,Lost,Germany
12500,23,19,5955.21,4,5,5,455,14,Champions,Germany
12501,337,1,2169.39,2,1,4,214,7,Needs Attention,Germany
12502,96,5,3723.87,3,4,5,345,12,Loyal Customers,Spain
12503,584,1,1126.0,1,1,3,113,5,Needs Attention,Spain
12504,18,4,779.05,5,3,3,533,11,Loyal Customers,Germany
12505,409,1,955.2,2,1,3,213,6,Needs Attention,Italy
12506,233,1,73.5,2,1,1,211,4,Lost,France
12507,134,4,1844.06,3,3,4,334,10,Loyal Customers,Spain
12508,26,2,398.27,4,2,2,422,8,New Customers,France
12509,284,1,176.5,2,1,1,211,4,Lost,France
12510,143,9,5178.02,3,5,5,355,13,Loyal Customers,Spain
12511,429,1,3084.02,1,1,5,115,7,Needs Attention,Greece
12512,66,2,138.03,3,2,1,321,6,Promising,Israel
12513,113,1,612.29,3,1,2,312,6,Promising,France
12514,267,2,1597.76,2,2,4,224,8,Needs Attention,Italy
12515,353,1,383.7,2,1,2,212,5,Lost,Italy
12516,78,4,2648.62,3,3,4,334,10,Loyal Customers,Germany
12517,28,5,2502.84,4,4,4,444,12,Champions,Germany
12518,1,5,2056.89,5,4,4,544,13,Champions,Germany
12519,64,2,726.54,3,2,3,323,8,Needs Attention,Germany
12520,79,5,2634.2599999999998,3,4,4,344,11,Loyal Customers,Germany
12521,143,1,599.68,3,1,2,312,6,Promising,Germany
12522,39,2,192.72,4,2,1,421,7,New Customers,Germany
12523,19,23,4372.15,5,5,5,555,15,Champions,France
12524,9,17,11126.11,5,5,5,555,15,Champions,Germany
12525,498,3,973.73,1,3,3,133,7,Needs Attention,France
12526,1,3,1316.66,5,3,4,534,12,Loyal Customers,Germany
12527,82,5,735.51,3,4,3,343,10,Loyal Customers,Germany
12528,9,6,1933.48,5,4,4,544,13,Champions,Germany
12529,528,1,316.48,1,1,2,112,4,Lost,France
12530,60,9,3759.2599999999998,3,5,5,355,13,Loyal Customers,Germany
12531,15,2,1933.2,5,2,4,524,11,New Customers,Germany
12532,30,1,349.83,4,1,2,412,7,New Customers,France
12533,628,2,1367.89,1,2,4,124,7,Needs Attention,Germany
12534,131,1,1089.18,3,1,3,313,7,Needs Attention,Germany
12535,92,2,716.35,3,2,3,323,8,Needs Attention,France
12536,43,3,12601.830000000002,4,3,5,435,12,Loyal Customers,France
12537,409,1,732.9399999999999,2,1,3,213,6,Needs Attention,Sweden
12538,29,2,640.45,4,2,3,423,9,New Customers,Spain
12539,22,7,11214.75,4,4,5,445,13,Champions,Spain
12540,20,33,22254.489999999998,4,5,5,455,14,Champions,Spain
12541,30,3,981.18,4,3,3,433,10,Loyal Customers,Spain
12542,484,2,481.88,1,2,2,122,5,Lost,Spain
12543,448,1,980.25,1,1,3,113,5,Needs Attention,Spain
12544,36,1,372.7,4,1,2,412,7,New Customers,Spain
12545,75,2,1000.39,3,2,3,323,8,Needs Attention,Spain
12546,47,2,1161.5,4,2,3,423,9,New Customers,Spain
12547,198,3,383.58,2,3,2,232,7,Needs Attention,Spain
12548,166,1,95.19999999999999,3,1,1,311,5,Promising,Spain
12549,576,6,1575.6799999999998,1,4,4,144,9,At Risk,USA
12550,79,1,964.83,3,1,3,313,7,Needs Attention,Spain
12551,358,1,168.0,2,1,1,211,4,Lost,Spain
12552,39,2,437.82,4,2,2,422,8,New Customers,Italy
12553,8,12,4608.75,5,5,5,555,15,Champions,France
12554,449,1,468.5,1,1,2,112,4,Lost,Spain
12555,682,1,129.23,1,1,1,111,3,Lost,Spain
12556,50,2,603.71,4,2,2,422,8,New Customers,Spain
12557,16,8,18716.14,5,4,5,545,14,Champions,Spain
12558,8,1,269.96,5,1,1,511,7,New Customers,USA
12559,311,2,561.71,2,2,2,222,6,Lost,Germany
12560,5,3,2134.0099999999998,5,3,4,534,12,Loyal Customers,Germany
12561,303,1,238.85,2,1,1,211,4,Lost,Germany
12562,8,9,4966.92,5,5,5,555,15,Champions,France
12563,409,1,249.24,2,1,1,211,4,Lost,Italy
12564,261,1,456.9,2,1,2,212,5,Lost,France
12565,289,1,145.92,2,1,1,211,4,Lost,Saudi Arabia
12566,86,1,351.65,3,1,2,312,6,Promising,Germany
12567,23,15,13709.86,4,5,5,455,14,Champions,France
12568,645,1,70.0,1,1,1,111,3,Lost,Germany
12569,2,32,4124.69,5,5,5,555,15,Champions,Germany
12570,682,1,77.52,1,1,1,111,3,Lost,Spain
12571,40,2,519.61,4,2,2,422,8,New Customers,France
12572,9,2,1020.42,5,2,3,523,10,New Customers,Germany
12573,227,5,717.41,2,4,3,243,9,At Risk,France
12574,316,1,218.45,2,1,1,211,4,Lost,France
12575,457,2,622.82,1,2,3,123,6,Needs Attention,France
12576,36,8,2142.72,4,4,4,444,12,Champions,Poland
12577,35,8,1653.75,4,4,4,444,12,Champions,France
12578,21,4,4642.45,4,3,5,435,12,Loyal Customers,Italy
12579,78,1,440.42,3,1,2,312,6,Promising,France
12580,247,2,1052.9,2,2,3,223,7,Needs Attention,Germany
12581,40,1,197.71,4,1,1,411,6,New Customers,Germany
12582,239,4,1980.4,2,3,4,234,9,Needs Attention,Finland
12583,3,27,14447.44,5,5,5,555,15,Champions,France
12584,4,9,2338.15,5,5,4,554,14,Champions,Italy
12585,234,2,2040.1,2,2,4,224,8,Needs Attention,Germany
12586,17,4,2062.67,5,3,4,534,12,Loyal Customers,Italy
12587,8,1,144.0,5,1,1,511,7,New Customers,Finland
12588,39,4,958.78,4,3,3,433,10,Loyal Customers,Finland
12589,29,8,4695.66,4,4,5,445,13,Champions,France
12590,211,2,9864.26,2,2,5,225,9,Needs Attention,Germany
12591,317,3,1352.1499999999999,2,3,4,234,9,Needs Attention,Italy
12592,92,5,2582.66,3,4,4,344,11,Loyal Customers,Germany
12593,109,3,418.1,3,3,2,332,8,Loyal Customers,France
12594,38,15,5090.11,4,5,5,455,14,Champions,Italy
12595,505,1,299.02,1,1,2,112,4,Lost,Germany
12596,51,2,618.27,4,2,3,423,9,New Customers,Spain
12597,19,4,3811.22,5,3,5,535,13,Loyal Customers,Spain
12598,10,11,4534.09,5,5,5,555,15,Champions,France
12599,29,13,2296.72,4,5,4,454,13,Champions,France
12600,29,21,5043.92,4,5,5,455,14,Champions,Germany
12601,190,6,681.26,2,4,3,243,9,At Risk,Germany
12602,59,1,153.12,4,1,1,411,6,New Customers,France
12603,22,1,739.2,4,1,3,413,8,New Customers,Germany
12604,79,2,254.17999999999998,3,2,1,321,6,Promising,France
12605,376,4,1232.95,2,3,3,233,8,Needs Attention,Germany
12606,682,1,21.0,1,1,1,111,3,Lost,Spain
12607,60,1,1579.51,3,1,4,314,8,Needs Attention,USA
12608,405,1,415.79,2,1,2,212,5,Lost,United Kingdom
12609,78,9,3435.86,3,5,5,355,13,Loyal Customers,Germany
12610,23,5,2099.54,4,4,4,444,12,Champions,Italy
12611,52,1,1193.32,4,1,3,413,8,New Customers,Italy
12612,74,1,704.04,3,1,3,313,7,Needs Attention,Germany
12613,57,10,6835.07,4,5,5,455,14,Champions,Germany
12614,278,1,315.6,2,1,2,212,5,Lost,Germany
12615,2,8,5740.98,5,4,5,545,14,Champions,France
12616,95,3,1131.1,3,3,3,333,9,Loyal Customers,France
12617,29,1,355.53000000000003,4,1,2,412,7,New Customers,France
12618,22,1,177.31,4,1,1,411,6,New Customers,Italy
12619,16,10,3781.38,5,5,5,555,15,Champions,Germany
12620,15,3,1339.41,5,3,4,534,12,Loyal Customers,France
12621,2,35,24775.81,5,5,5,555,15,Champions,Germany
12622,232,1,180.1,2,1,1,211,4,Lost,Germany
12623,276,7,3747.84,2,4,5,245,11,At Risk,Germany
12624,106,2,641.13,3,2,3,323,8,Needs Attention,France
12625,212,4,5164.88,2,3,5,235,10,Needs Attention,Germany
12626,23,9,6620.48,4,5,5,455,14,Champions,Germany
12627,11,7,4478.53,5,4,5,545,14,Champions,Germany
12628,4,3,786.46,5,3,3,533,11,Loyal Customers,Germany
12629,386,2,1558.22,2,2,4,224,8,Needs Attention,Sweden
12630,10,2,1270.88,5,2,4,524,11,New Customers,Finland
12631,57,6,3481.57,4,4,5,445,13,Champions,Finland
12632,521,2,804.88,1,2,3,123,6,Needs Attention,Germany
12633,59,7,5678.16,4,4,5,445,13,Champions,Germany
12634,536,2,490.0,1,2,2,122,5,Lost,USA
12635,90,4,2930.41,3,3,4,334,10,Loyal Customers,Germany
12636,739,1,141.0,1,1,1,111,3,Lost,USA
12637,67,12,8340.31,3,5,5,355,13,Loyal Customers,France
12638,33,2,921.49,4,2,3,423,9,New Customers,Sweden
12639,239,3,1312.37,2,3,4,234,9,Needs Attention,Sweden
12640,24,3,1174.58,4,3,3,433,10,Loyal Customers,France
12641,115,1,185.9,3,1,1,311,5,Promising,Sweden
12642,25,3,1013.26,4,3,3,433,10,Loyal Customers,Germany
12643,128,12,8350.42,3,5,5,355,13,Loyal Customers,France
12644,130,4,1918.49,3,3,4,334,10,Loyal Customers,Germany
12645,34,8,3539.2999999999997,4,4,5,445,13,Champions,Germany
12646,5,2,1346.97,5,2,4,524,11,New Customers,USA
12647,22,36,17924.35,4,5,5,455,14,Champions,Germany
12648,155,4,1112.0,3,3,3,333,9,Loyal Customers,Germany
12649,107,8,2294.65,3,4,4,344,11,Loyal Customers,Germany
12650,3,1,314.44,5,1,2,512,8,New Customers,France
12651,335,4,377.75,2,3,2,232,7,Needs Attention,France
12652,331,2,1017.03,2,2,3,223,7,Needs Attention,France
12653,149,3,4160.83,3,3,5,335,11,Loyal Customers,Israel
12654,11,5,601.98,5,4,2,542,11,Loyal Customers,Germany
12655,424,1,261.35,1,1,1,111,3,Lost,France
12656,17,8,6407.83,5,4,5,545,14,Champions,France
12657,11,4,1643.18,5,3,4,534,12,Loyal Customers,France
12658,19,1,686.05,5,1,3,513,9,New Customers,Germany
12659,30,1,91.68,4,1,1,411,6,New Customers,France
12660,11,1,245.1,5,1,1,511,7,New Customers,France
12661,436,1,162.0,1,1,1,111,3,Lost,Sweden
12662,1,20,6988.0199999999995,5,5,5,555,15,Champions,Germany
12663,625,2,239.4,1,2,1,121,4,Lost,Germany
12664,8,11,6070.04,5,5,5,555,15,Champions,Finland
12665,325,3,313.6,2,3,2,232,7,Needs Attention,Germany
12666,394,1,1248.42,2,1,3,213,6,Needs Attention,Israel
12667,58,1,620.13,4,1,3,413,8,New Customers,Finland
12668,12,10,11444.68,5,5,5,555,15,Champions,Germany
12669,151,3,2744.0299999999997,3,3,4,334,10,Loyal Customers,France
12670,10,7,3760.29,5,4,5,545,14,Champions,France
12671,606,1,2622.48,1,1,4,114,6,Needs Attention,Germany
12672,330,2,437.05,2,2,2,222,6,Lost,France
12673,5,3,1230.02,5,3,3,533,11,Loyal Customers,Germany
12674,39,4,1970.6,4,3,4,434,11,Loyal Customers,France
12675,554,2,958.5,1,2,3,123,6,Needs Attention,Italy
12676,25,11,2843.09,4,5,4,454,13,Champions,Sweden
12677,555,2,395.1,1,2,2,122,5,Lost,France
12678,42,21,34281.18,4,5,5,455,14,Champions,France
12679,59,4,1113.02,4,3,3,433,10,Loyal Customers,France
12680,1,4,880.81,5,3,3,533,11,Loyal Customers,France
12681,15,45,30868.28,5,5,5,555,15,Champions,France
12682,4,52,24033.91,5,5,5,555,15,Champions,France
12683,4,21,12696.78,5,5,5,555,15,Champions,France
12684,8,7,2283.63,5,4,4,544,13,Champions,France
12685,28,6,2863.08,4,4,4,444,12,Champions,France
12686,372,1,178.28,2,1,1,211,4,Lost,France
12687,481,2,2138.91,1,2,4,124,7,Needs Attention,Sweden
12688,114,1,4873.81,3,1,5,315,9,Needs Attention,Israel
12689,26,2,1247.61,4,2,3,423,9,New Customers,France
12690,206,1,389.01,2,1,2,212,5,Lost,France
12691,28,7,1170.4,4,4,3,443,11,Loyal Customers,France
12692,637,1,110.95,1,1,1,111,3,Lost,France
12693,127,7,1703.02,3,4,4,344,11,Loyal Customers,Germany
12694,70,3,1843.35,3,3,4,334,10,Loyal Customers,France
12695,7,7,1407.1200000000001,5,4,4,544,13,Champions,France
12696,435,2,851.91,1,2,3,123,6,Needs Attention,Finland
12697,29,3,957.59,4,3,3,433,10,Loyal Customers,Sweden
12698,590,1,339.75,1,1,2,112,4,Lost,Germany
12699,418,1,638.11,1,1,3,113,5,Needs Attention,Germany
12700,8,4,4939.99,5,3,5,535,13,Loyal Customers,France
12701,80,6,2446.41,3,4,4,344,11,Loyal Customers,Germany
12702,20,1,219.0,4,1,1,411,6,New Customers,Germany
12703,71,4,1006.53,3,3,3,333,9,Loyal Customers,Germany
12704,7,8,2340.84,5,4,4,544,13,Champions,Finland
12705,15,14,11762.1,5,5,5,555,15,Champions,Germany
12707,292,1,603.42,2,1,2,212,5,Lost,France
12708,30,18,5314.1,4,5,5,455,14,Champions,Germany
12709,15,34,31093.34,5,5,5,555,15,Champions,Germany
12710,97,3,1149.02,3,3,3,333,9,Loyal Customers,Germany
12711,612,2,1339.05,1,2,4,124,7,Needs Attention,Germany
12712,29,21,7193.66,4,5,5,455,14,Champions,Germany
12713,1,1,848.55,5,1,3,513,9,New Customers,Germany
12714,9,12,14093.71,5,5,5,555,15,Champions,France
12715,106,1,353.86,3,1,2,312,6,Promising,Sweden
12716,4,2,1053.49,5,2,3,523,10,New Customers,France
12717,151,3,1308.91,3,3,4,334,10,Loyal Customers,Greece
12718,71,1,238.25,3,1,1,311,5,Promising,France
12719,5,2,644.95,5,2,3,523,10,New Customers,France
12720,3,30,8260.67,5,5,5,555,15,Champions,Germany
12721,32,8,4013.08,4,4,5,445,13,Champions,France
12722,85,4,997.63,3,3,3,333,9,Loyal Customers,France
12723,4,5,725.07,5,4,3,543,12,Loyal Customers,France
12724,5,7,2317.52,5,4,4,544,13,Champions,France
12725,371,4,2694.56,2,3,4,234,9,Needs Attention,Italy
12726,28,11,4014.6,4,5,5,455,14,Champions,France
12727,11,10,5679.53,5,5,5,555,15,Champions,France
12728,71,5,1070.17,3,4,3,343,10,Loyal Customers,France
12729,114,1,453.01,3,1,2,312,6,Promising,France
12730,522,1,829.25,1,1,3,113,5,Needs Attention,Germany
12731,24,17,25775.71,4,5,5,455,14,Champions,France
12732,180,1,236.26,3,1,1,311,5,Promising,France
12733,234,4,2424.87,2,3,4,234,9,Needs Attention,USA
12734,353,3,639.65,2,3,3,233,8,Needs Attention,France
12735,315,2,779.5699999999999,2,2,3,223,7,Needs Attention,France
12736,333,1,234.0,2,1,1,211,4,Lost,France
12737,499,2,3710.5,1,2,5,125,8,Needs Attention,France
12738,372,1,310.7,2,1,2,212,5,Lost,Germany
12739,78,4,2726.73,3,3,4,334,10,Loyal Customers,United Arab Emirates
12740,64,1,427.6,3,1,2,312,6,Promising,France
12741,529,2,406.07,1,2,2,122,5,Lost,USA
12742,626,1,1201.52,1,1,3,113,5,Needs Attention,United Arab Emirates
12743,134,2,546.43,3,2,2,322,7,Promising,Unspecified
12744,52,11,25317.06,4,5,5,455,14,Champions,Singapore
12745,487,3,925.41,1,3,3,133,7,Needs Attention,United Kingdom
12746,541,1,254.55,1,1,1,111,3,Lost,United Kingdom
12747,2,26,9276.539999999999,5,5,5,555,15,Champions,United Kingdom
12748,1,336,56599.39,5,5,5,555,15,Champions,United Kingdom
12749,4,9,6897.36,5,5,5,555,15,Champions,United Kingdom
12750,129,1,275.88,3,1,1,311,5,Promising,Poland
12751,445,1,268.27,1,1,1,111,3,Lost,Brazil
12752,81,1,4366.78,3,1,5,315,9,Needs Attention,Norway
12753,23,6,21429.39,4,4,5,445,13,Champions,Japan
12754,236,3,3010.7400000000002,2,3,5,235,10,Needs Attention,Japan
12755,281,11,9030.66,2,5,5,255,12,At Risk,Japan
12756,87,1,112.08,3,1,1,311,5,Promising,Japan
12757,16,13,7857.1,5,5,5,555,15,Champions,Portugal
12758,117,7,9903.24,3,4,5,345,12,Loyal Customers,Portugal
12759,52,8,5020.74,4,4,5,445,13,Champions,Netherlands
12760,456,1,347.8,1,1,2,112,4,Lost,Netherlands
12761,458,2,782.95,1,2,3,123,6,Needs Attention,Netherlands
12762,8,2,1898.52,5,2,4,524,11,New Customers,Portugal
12763,138,2,814.16,3,2,3,323,8,Needs Attention,Japan
12764,317,1,1693.88,2,1,4,214,7,Needs Attention,Lebanon
12765,472,6,1404.58,1,4,4,144,9,At Risk,Netherlands
12766,4,9,10068.28,5,5,5,555,15,Champions,Portugal
12767,376,1,949.8199999999999,2,1,3,213,6,Needs Attention,Korea
12768,451,1,168.69,1,1,1,111,3,Lost,Korea
12769,239,1,1143.6,2,1,3,213,6,Needs Attention,Brazil
12770,211,2,3246.45,2,2,5,225,9,Needs Attention,Japan
12771,486,1,282.3,1,1,1,111,3,Lost,Portugal
12772,60,1,892.47,3,1,3,313,7,Needs Attention,Portugal
12773,564,1,124.25,1,1,1,111,3,Lost,Portugal
12774,536,1,98.7,1,1,1,111,3,Lost,Netherlands
12775,17,7,1686.12,5,4,4,544,13,Champions,Netherlands
12776,668,1,55.5,1,1,1,111,3,Lost,Portugal
12777,458,1,519.45,1,1,2,112,4,Lost,United Kingdom
12778,20,9,1775.68,4,5,4,454,13,Champions,Netherlands
12779,38,14,6722.2699999999995,4,5,5,455,14,Champions,Poland
12780,599,1,337.4,1,1,2,112,4,Lost,Netherlands
12781,64,2,826.74,3,2,3,323,8,Needs Attention,Czech Republic
12782,5,11,4618.24,5,5,5,555,15,Champions,Portugal
12783,2,6,2225.91,5,4,4,544,13,Champions,Portugal
12784,9,3,1804.75,5,3,4,534,12,Loyal Customers,Portugal
12785,364,3,1100.4,2,3,3,233,8,Needs Attention,Portugal
12786,610,1,728.5,1,1,3,113,5,Needs Attention,Netherlands
12787,10,4,862.18,5,3,3,533,11,Loyal Customers,Netherlands
12788,463,4,444.9,1,3,2,132,6,Needs Attention,Netherlands
12789,65,3,273.35,3,3,1,331,7,Loyal Customers,Netherlands
12790,192,2,591.85,2,2,2,222,6,Lost,Netherlands
12791,374,6,1056.11,2,4,3,243,9,At Risk,Netherlands
12792,257,2,827.01,2,2,3,223,7,Needs Attention,Portugal
12793,335,3,1017.33,2,3,3,233,8,Needs Attention,Portugal
12794,53,2,860.41,4,2,3,423,9,New Customers,Portugal
12795,19,1,430.48,5,1,2,512,8,New Customers,Portugal
12796,628,1,381.0,1,1,2,112,4,Lost,Netherlands
12797,366,2,806.11,2,2,3,223,7,Needs Attention,Portugal
12798,10,4,8510.93,5,3,5,535,13,Loyal Customers,Japan
12799,529,1,219.35,1,1,1,111,3,Lost,Japan
12800,470,3,584.25,1,3,2,132,6,Needs Attention,Portugal
12801,501,1,1071.82,1,1,3,113,5,Needs Attention,Sweden
12802,187,7,2416.42,3,4,4,344,11,Loyal Customers,Netherlands
12803,393,1,1092.81,2,1,3,213,6,Needs Attention,Netherlands
12804,466,2,327.02,1,2,2,122,5,Lost,Netherlands
12805,382,4,1434.95,2,3,4,234,9,Needs Attention,Netherlands
12806,435,4,2878.96,1,3,4,134,8,Needs Attention,Netherlands
12807,383,1,330.35,2,1,2,212,5,Lost,Sweden
12808,37,5,906.1,4,4,3,443,11,Loyal Customers,Portugal
12809,178,3,1755.94,3,3,4,334,10,Loyal Customers,Portugal
12810,535,2,534.99,1,2,2,122,5,Lost,Japan
12811,261,5,1033.9,2,4,3,243,9,At Risk,Portugal
12812,45,1,229.64,4,1,1,411,6,New Customers,Japan
12813,502,3,1687.8,1,3,4,134,8,Needs Attention,Netherlands
12814,102,1,125.92,3,1,1,311,5,Promising,Poland
12815,148,2,1063.46,3,2,3,323,8,Needs Attention,Poland
12816,96,2,572.2,3,2,2,322,7,Promising,Poland
12817,281,3,690.98,2,3,3,233,8,Needs Attention,Austria
12818,262,1,1542.08,2,1,4,214,7,Needs Attention,Austria
12819,458,1,540.52,1,1,2,112,4,Lost,United Kingdom
12820,3,11,2689.52,5,5,4,554,14,Champions,United Kingdom
12821,214,2,220.8,2,2,1,221,5,Lost,United Kingdom
12822,71,2,948.88,3,2,3,323,8,Needs Attention,United Kingdom
12823,75,18,6501.5,3,5,5,355,13,Loyal Customers,United Kingdom
12824,60,1,397.12,3,1,2,312,6,Promising,United Kingdom
12825,521,2,518.63,1,2,2,122,5,Lost,United Kingdom
12826,3,12,2955.75,5,5,4,554,14,Champions,United Kingdom
12827,6,3,430.15,5,3,2,532,10,Loyal Customers,United Kingdom
12828,3,6,1018.7099999999999,5,4,3,543,12,Loyal Customers,United Kingdom
12829,337,3,385.3,2,3,2,232,7,Needs Attention,United Kingdom
12830,38,6,6814.64,4,4,5,445,13,Champions,United Kingdom
12831,262,3,451.11,2,3,2,232,7,Needs Attention,United Kingdom
12832,32,2,383.03000000000003,4,2,2,422,8,New Customers,United Kingdom
12833,145,1,417.38,3,1,2,312,6,Promising,United Kingdom
12834,283,1,312.38,2,1,2,212,5,Lost,United Kingdom
12835,428,41,6043.31,1,5,5,155,11,At Risk,United Kingdom
12836,59,15,6585.62,4,5,5,455,14,Champions,United Kingdom
12837,173,2,688.41,3,2,3,323,8,Needs Attention,United Kingdom
12838,34,10,3398.48,4,5,5,455,14,Champions,United Kingdom
12839,3,26,10071.73,5,5,5,555,15,Champions,United Kingdom
12840,144,7,4041.97,3,4,5,345,12,Loyal Customers,United Kingdom
12841,5,40,7540.68,5,5,5,555,15,Champions,United Kingdom
12842,70,4,1917.99,3,3,4,334,10,Loyal Customers,United Kingdom
12843,66,30,6588.41,3,5,5,355,13,Loyal Customers,United Kingdom
12844,29,4,648.6,4,3,3,433,10,Loyal Customers,United Kingdom
12845,267,4,354.09000000000003,2,3,2,232,7,Needs Attention,United Kingdom
12846,682,1,15.58,1,1,1,111,3,Lost,United Kingdom
12847,22,2,1636.8999999999999,4,2,4,424,10,New Customers,United Kingdom
12848,676,1,208.0,1,1,1,111,3,Lost,United Kingdom
12849,31,6,3090.56,4,4,5,445,13,Champions,United Kingdom
12850,446,1,330.0,1,1,2,112,4,Lost,United Kingdom
12851,97,2,284.13,3,2,1,321,6,Promising,United Kingdom
12852,295,1,311.55,2,1,2,212,5,Lost,United Kingdom
12853,135,11,3907.5,3,5,5,355,13,Loyal Customers,United Kingdom
12854,79,7,2994.02,3,4,5,345,12,Loyal Customers,United Kingdom
12855,373,4,650.9399999999999,2,3,3,233,8,Needs Attention,United Kingdom
12856,8,6,2179.93,5,4,4,544,13,Champions,United Kingdom
12857,211,6,3688.0,2,4,5,245,11,At Risk,United Kingdom
12858,383,1,177.92,2,1,1,211,4,Lost,United Kingdom
12859,459,1,575.1,1,1,2,112,4,Lost,United Kingdom
12860,693,1,55.47,1,1,1,111,3,Lost,United Kingdom
12861,620,1,68.25,1,1,1,111,3,Lost,United Kingdom
12862,426,2,1008.3199999999999,1,2,3,123,6,Needs Attention,United Kingdom
12863,52,6,2792.55,4,4,4,444,12,Champions,United Kingdom
12864,138,2,299.57,3,2,2,322,7,Promising,United Kingdom
12865,26,4,3323.47,4,3,5,435,12,Loyal Customers,Austria
12866,283,3,1227.35,2,3,3,233,8,Needs Attention,Belgium
12867,26,13,7913.29,4,5,5,455,14,Champions,United Kingdom
12868,186,8,2247.06,3,4,4,344,11,Loyal Customers,United Kingdom
12869,682,1,337.66999999999996,1,1,2,112,4,Lost,United Kingdom
12870,375,3,1676.95,2,3,4,234,9,Needs Attention,United Kingdom
12871,84,3,744.02,3,3,3,333,9,Loyal Customers,United Kingdom
12872,327,12,3685.49,2,5,5,255,12,At Risk,United Kingdom
12873,282,3,2027.3,2,3,4,234,9,Needs Attention,United Kingdom
12874,385,2,948.42,2,2,3,223,7,Needs Attention,Belgium
12875,143,5,1356.99,3,4,4,344,11,Loyal Customers,United Kingdom
12876,58,4,4081.79,4,3,5,435,12,Loyal Customers,Belgium
12877,4,20,2955.17,5,5,4,554,14,Champions,United Kingdom
12878,236,2,854.99,2,2,3,223,7,Needs Attention,United Kingdom
12879,45,3,573.22,4,3,2,432,9,Loyal Customers,United Kingdom
12880,382,2,640.13,2,2,3,223,7,Needs Attention,United Kingdom
12881,276,1,298.0,2,1,2,212,5,Lost,United Kingdom
12882,9,2,1463.04,5,2,4,524,11,New Customers,United Kingdom
12883,25,4,703.47,4,3,3,433,10,Loyal Customers,United Kingdom
12884,88,1,309.05,3,1,2,312,6,Promising,United Kingdom
12885,63,3,1175.22,3,3,3,333,9,Loyal Customers,United Kingdom
12886,68,2,1378.4,3,2,4,324,9,Needs Attention,United Kingdom
12887,384,1,222.4,2,1,1,211,4,Lost,United Kingdom
12888,214,2,354.12,2,2,2,222,6,Lost,United Kingdom
12889,381,4,385.46,2,3,2,232,7,Needs Attention,United Kingdom
12890,24,2,717.27,4,2,3,423,9,New Customers,United Kingdom
12891,186,11,840.5,3,5,3,353,11,Loyal Customers,United Kingdom
12892,397,1,263.38,2,1,1,211,4,Lost,United Kingdom
12893,31,1,188.14,4,1,1,411,6,New Customers,United Kingdom
12894,575,1,157.35,1,1,1,111,3,Lost,United Kingdom
12895,42,2,372.8,4,2,2,422,8,New Customers,United Kingdom
12897,205,4,514.25,2,3,2,232,7,Needs Attention,United Kingdom
12898,464,2,310.96,1,2,2,122,5,Lost,United Kingdom
12899,414,1,366.4,1,1,2,112,4,Lost,United Kingdom
12900,422,1,340.33,1,1,2,112,4,Lost,United Kingdom
12901,9,28,17654.54,5,5,5,555,15,Champions,United Kingdom
12902,265,1,138.68,2,1,1,211,4,Lost,United Kingdom
12903,429,1,833.53,1,1,3,113,5,Needs Attention,United Kingdom
12904,18,2,509.58,5,2,2,522,9,New Customers,United Kingdom
12905,577,2,1018.42,1,2,3,123,6,Needs Attention,United Kingdom
12906,12,5,2919.81,5,4,4,544,13,Champions,United Kingdom
12907,396,2,508.91,2,2,2,222,6,Lost,United Kingdom
12908,176,5,1776.0,3,4,4,344,11,Loyal Customers,United Kingdom
12909,40,8,3103.19,4,4,5,445,13,Champions,United Kingdom
12910,23,13,5796.5199999999995,4,5,5,455,14,Champions,United Kingdom
12911,552,1,1680.47,1,1,4,114,6,Needs Attention,United Kingdom
12912,3,5,1662.3,5,4,4,544,13,Champions,United Kingdom
12913,5,13,6700.86,5,5,5,555,15,Champions,United Kingdom
12914,401,1,223.98,2,1,1,211,4,Lost,United Kingdom
12915,149,4,1174.75,3,3,3,333,9,Loyal Customers,United Kingdom
12916,139,7,4654.0199999999995,3,4,5,345,12,Loyal Customers,United Kingdom
12917,128,6,4359.2,3,4,5,345,12,Loyal Customers,United Kingdom
12918,626,1,10953.5,1,1,5,115,7,Needs Attention,United Kingdom
12919,8,6,1335.19,5,4,4,544,13,Champions,United Kingdom
12920,17,4,488.09,5,3,2,532,10,Loyal Customers,United Kingdom
12921,9,74,35921.04,5,5,5,555,15,Champions,United Kingdom
12922,161,1,405.38,3,1,2,312,6,Promising,United Kingdom
12923,64,3,789.87,3,3,3,333,9,Loyal Customers,United Kingdom
12924,88,12,2469.4,3,5,4,354,12,Loyal Customers,United Kingdom
12925,5,3,729.33,5,3,3,533,11,Loyal Customers,United Kingdom
12926,411,4,1548.46,1,3,4,134,8,Needs Attention,United Kingdom
12927,395,1,197.31,2,1,1,211,4,Lost,United Kingdom
12928,35,12,4304.89,4,5,5,455,14,Champions,United Kingdom
12929,312,1,117.85,2,1,1,211,4,Lost,United Kingdom
12930,78,2,415.8,3,2,2,322,7,Promising,United Kingdom
12931,22,57,92347.34,4,5,5,455,14,Champions,United Kingdom
12932,539,8,1698.56,1,4,4,144,9,At Risk,United Kingdom
12933,24,8,1687.03,4,4,4,444,12,Champions,United Kingdom
12934,737,1,181.65,1,1,1,111,3,Lost,United Kingdom
12935,2,15,4243.86,5,5,5,555,15,Champions,United Kingdom
12936,17,4,1063.9,5,3,3,533,11,Loyal Customers,United Kingdom
12937,15,9,3097.61,5,5,5,555,15,Champions,United Kingdom
12938,26,1,114.14,4,1,1,411,6,New Customers,United Kingdom
12939,64,20,25264.8,3,5,5,355,13,Loyal Customers,United Kingdom
12940,55,2,913.54,4,2,3,423,9,New Customers,United Kingdom
12941,724,1,377.49,1,1,2,112,4,Lost,United Kingdom
12942,131,3,942.65,3,3,3,333,9,Loyal Customers,United Kingdom
12943,558,2,496.5,1,2,2,122,5,Lost,United Kingdom
12944,36,2,604.51,4,2,2,422,8,New Customers,United Kingdom
12945,288,2,900.11,2,2,3,223,7,Needs Attention,United Kingdom
12946,437,1,324.45,1,1,2,112,4,Lost,United Kingdom
12947,144,6,1908.03,3,4,4,344,11,Loyal Customers,United Kingdom
12948,16,9,2317.43,5,5,4,554,14,Champions,United Kingdom
12949,31,22,15526.7,4,5,5,455,14,Champions,United Kingdom
12950,2,3,1843.0,5,3,4,534,12,Loyal Customers,United Kingdom
12951,9,15,3213.72,5,5,5,555,15,Champions,United Kingdom
12952,6,4,1387.79,5,3,4,534,12,Loyal Customers,United Kingdom
12953,10,2,828.81,5,2,3,523,10,New Customers,United Kingdom
12954,639,1,162.45,1,1,1,111,3,Lost,United Kingdom
12955,1,11,4757.16,5,5,5,555,15,Champions,United Kingdom
12956,306,4,521.89,2,3,2,232,7,Needs Attention,United Kingdom
12957,10,13,8706.97,5,5,5,555,15,Champions,United Kingdom
12958,400,2,539.49,2,2,2,222,6,Lost,United Kingdom
12959,484,1,150.95,1,1,1,111,3,Lost,United Kingdom
12960,414,4,1322.07,1,3,4,134,8,Needs Attention,United Kingdom
12961,379,1,211.99,2,1,1,211,4,Lost,United Kingdom
12962,7,2,266.39,5,2,1,521,8,New Customers,United Kingdom
12963,8,12,3601.59,5,5,5,555,15,Champions,United Kingdom
12964,437,1,132.24,1,1,1,111,3,Lost,United Kingdom
12965,89,1,771.91,3,1,3,313,7,Needs Attention,United Kingdom
12966,10,1,160.18,5,1,1,511,7,New Customers,United Kingdom
12967,358,3,4306.92,2,3,5,235,10,Needs Attention,United Kingdom
12968,112,1,135.95,3,1,1,311,5,Promising,United Kingdom
12969,603,1,122.45,1,1,1,111,3,Lost,United Kingdom
12970,7,10,1524.97,5,5,4,554,14,Champions,United Kingdom
12971,4,116,15972.79,5,5,5,555,15,Champions,United Kingdom
12972,414,4,1161.2,1,3,3,133,7,Needs Attention,United Kingdom
12973,414,1,385.55,1,1,2,112,4,Lost,United Kingdom
12974,198,2,408.95,2,2,2,222,6,Lost,United Kingdom
12975,437,6,2100.09,1,4,4,144,9,At Risk,United Kingdom
12976,212,8,3156.38,2,4,5,245,11,At Risk,United Kingdom
12977,156,4,517.63,3,3,2,332,8,Loyal Customers,United Kingdom
12978,385,5,2502.82,2,4,4,244,10,At Risk,United Kingdom
12979,729,1,517.7,1,1,2,112,4,Lost,United Arab Emirates
12980,158,21,16245.78,3,5,5,355,13,Loyal Customers,United Kingdom
12981,30,2,372.21999999999997,4,2,2,422,8,New Customers,United Kingdom
12982,243,8,2744.81,2,4,4,244,10,At Risk,United Kingdom
12983,598,1,490.08,1,1,2,112,4,Lost,United Kingdom
12984,19,1,97.5,5,1,1,511,7,New Customers,United Kingdom
12985,1,2,1239.38,5,2,3,523,10,New Customers,United Kingdom
12986,429,10,2729.84,1,5,4,154,10,At Risk,United Kingdom
12987,74,5,1312.21,3,4,4,344,11,Loyal Customers,United Kingdom
12988,292,1,535.32,2,1,2,212,5,Lost,United Kingdom
12989,3,33,13551.75,5,5,5,555,15,Champions,United Kingdom
12990,31,7,955.5,4,4,3,443,11,Loyal Customers,United Kingdom
12991,23,3,764.82,4,3,3,433,10,Loyal Customers,United Kingdom
12992,725,1,93.35,1,1,1,111,3,Lost,United Kingdom
12993,23,8,1259.63,4,4,4,444,12,Champions,United Kingdom
12994,4,3,974.42,5,3,3,533,11,Loyal Customers,United Kingdom
12995,85,1,211.32,3,1,1,311,5,Promising,United Kingdom
12996,376,1,355.5,2,1,2,212,5,Lost,United Kingdom
12997,22,8,2110.91,4,4,4,444,12,Champions,United Kingdom
12998,493,3,920.0799999999999,1,3,3,133,7,Needs Attention,United Kingdom
12999,196,3,455.88,2,3,2,232,7,Needs Attention,United Kingdom
13000,107,4,1032.5,3,3,3,333,9,Loyal Customers,United Kingdom
13001,4,33,24172.1,5,5,5,555,15,Champions,United Kingdom
13002,318,3,414.13,2,3,2,232,7,Needs Attention,United Kingdom
13003,106,3,149.05,3,3,1,331,7,Loyal Customers,United Kingdom
13004,12,36,11650.85,5,5,5,555,15,Champions,United Kingdom
13005,174,4,999.68,3,3,3,333,9,Loyal Customers,United Kingdom
13006,56,1,81.57,4,1,1,411,6,New Customers,United Kingdom
13007,580,1,175.25,1,1,1,111,3,Lost,United Kingdom
13008,323,3,612.13,2,3,2,232,7,Needs Attention,United Kingdom
13009,673,1,234.0,1,1,1,111,3,Lost,United Kingdom
13010,374,2,330.12,2,2,2,222,6,Lost,United Kingdom
13011,372,1,101.1,2,1,1,211,4,Lost,United Kingdom
13012,9,11,2972.83,5,5,5,555,15,Champions,United Kingdom
13013,1,29,12625.77,5,5,5,555,15,Champions,United Kingdom
13014,11,11,5381.08,5,5,5,555,15,Champions,United Kingdom
13015,53,11,6586.42,4,5,5,455,14,Champions,United Kingdom
13016,73,3,789.89,3,3,3,333,9,Loyal Customers,United Kingdom
13017,7,1,204.0,5,1,1,511,7,New Customers,United Kingdom
13018,16,35,9763.16,5,5,5,555,15,Champions,United Kingdom
13019,379,6,1229.95,2,4,3,243,9,At Risk,United Kingdom
13020,563,2,618.96,1,2,3,123,6,Needs Attention,United Kingdom
13021,4,17,4887.24,5,5,5,555,15,Champions,United Kingdom
13022,430,1,65.3,1,1,1,111,3,Lost,Belgium
13023,64,3,1449.03,3,3,4,334,10,Loyal Customers,United Kingdom
13024,471,2,555.87,1,2,2,122,5,Lost,United Kingdom
13025,732,1,323.39,1,1,2,112,4,Lost,United Kingdom
13026,1,9,1733.08,5,5,4,554,14,Champions,United Kingdom
13027,114,19,17335.2,3,5,5,355,13,Loyal Customers,United Kingdom
13028,23,2,661.3199999999999,4,2,3,423,9,New Customers,United Kingdom
13029,31,5,1927.3,4,4,4,444,12,Champions,United Kingdom
13030,11,2,1227.22,5,2,3,523,10,New Customers,United Kingdom
13031,407,5,3419.27,2,4,5,245,11,At Risk,United Kingdom
13032,52,9,2843.55,4,5,4,454,13,Champions,United Kingdom
13033,357,2,220.55,2,2,1,221,5,Lost,United Kingdom
13034,55,3,922.68,4,3,3,433,10,Loyal Customers,United Kingdom
13035,74,3,1364.2,3,3,4,334,10,Loyal Customers,United Kingdom
13036,685,1,307.1,1,1,2,112,4,Lost,United Kingdom
13037,138,12,3914.95,3,5,5,355,13,Loyal Customers,United Kingdom
13038,80,3,908.46,3,3,3,333,9,Loyal Customers,United Kingdom
13039,584,4,1010.73,1,3,3,133,7,Needs Attention,United Kingdom
13040,9,2,676.99,5,2,3,523,10,New Customers,United Kingdom
13041,451,4,799.13,1,3,3,133,7,Needs Attention,United Kingdom
13042,598,3,1556.54,1,3,4,134,8,Needs Attention,United Kingdom
13043,273,1,516.42,2,1,2,212,5,Lost,United Kingdom
13044,291,11,4853.9,2,5,5,255,12,At Risk,United Kingdom
13045,99,3,808.92,3,3,3,333,9,Loyal Customers,United Kingdom
13046,31,3,949.25,4,3,3,433,10,Loyal Customers,United Kingdom
13047,32,24,8795.16,4,5,5,455,14,Champions,United Kingdom
13048,14,9,4084.21,5,5,5,555,15,Champions,United Kingdom
13049,64,4,1408.24,3,3,4,334,10,Loyal Customers,United Kingdom
13050,15,35,12344.53,5,5,5,555,15,Champions,United Kingdom
13051,579,2,155.8,1,2,1,121,4,Lost,United Kingdom
13052,212,7,3168.53,2,4,5,245,11,At Risk,United Kingdom
13053,622,1,127.65,1,1,1,111,3,Lost,United Kingdom
13055,78,4,2321.11,3,3,4,334,10,Loyal Customers,United Kingdom
13056,551,1,209.48,1,1,1,111,3,Lost,United Kingdom
13057,530,3,722.09,1,3,3,133,7,Needs Attention,United Kingdom
13058,25,3,271.40000000000003,4,3,1,431,8,Loyal Customers,United Kingdom
13059,250,10,2303.17,2,5,4,254,11,At Risk,United Kingdom
13060,254,1,307.53,2,1,2,212,5,Lost,United Kingdom
13061,72,1,248.60999999999999,3,1,1,311,5,Promising,United Kingdom
13062,191,1,346.98,2,1,2,212,5,Lost,United Kingdom
13063,481,1,188.4,1,1,1,111,3,Lost,United Kingdom
13064,13,6,1680.74,5,4,4,544,13,Champions,United Kingdom
13065,373,5,1260.91,2,4,4,244,10,At Risk,United Kingdom
13066,24,2,470.8,4,2,2,422,8,New Customers,United Kingdom
13067,82,3,508.51,3,3,2,332,8,Loyal Customers,United Kingdom
13068,10,2,344.0,5,2,2,522,9,New Customers,United Kingdom
13069,1,38,9683.13,5,5,5,555,15,Champions,United Kingdom
13070,192,4,751.7,2,3,3,233,8,Needs Attention,United Kingdom
13071,612,1,129.22,1,1,1,111,3,Lost,United Kingdom
13072,267,1,177.15,2,1,1,211,4,Lost,United Kingdom
13073,411,2,418.08,1,2,2,122,5,Lost,United Kingdom
13074,511,4,1378.74,1,3,4,134,8,Needs Attention,United Kingdom
13075,130,1,919.61,3,1,3,313,7,Needs Attention,United Kingdom
13076,458,1,135.4,1,1,1,111,3,Lost,United Kingdom
13077,1,11,3064.67,5,5,5,555,15,Champions,United Kingdom
13078,3,57,29532.45,5,5,5,555,15,Champions,United Kingdom
13079,4,6,419.18,5,4,2,542,11,Loyal Customers,United Kingdom
13080,179,4,280.73,3,3,1,331,7,Loyal Customers,United Kingdom
13081,12,28,59205.15,5,5,5,555,15,Champions,United Kingdom
13082,126,21,7335.75,3,5,5,355,13,Loyal Customers,United Kingdom
13083,4,3,395.43,5,3,2,532,10,Loyal Customers,United Kingdom
13084,492,1,122.39999999999999,1,1,1,111,3,Lost,United Kingdom
13085,158,8,2433.28,3,4,4,344,11,Loyal Customers,United Kingdom
13086,383,1,439.33,2,1,2,212,5,Lost,United Kingdom
13087,726,1,313.64,1,1,2,112,4,Lost,United Kingdom
13088,417,1,236.11,1,1,1,111,3,Lost,United Kingdom
13089,3,203,116737.86,5,5,5,555,15,Champions,United Kingdom
13090,9,24,14103.09,5,5,5,555,15,Champions,United Kingdom
13091,28,3,2321.82,4,3,4,434,11,Loyal Customers,United Kingdom
13092,71,12,2140.28,3,5,4,354,12,Loyal Customers,United Kingdom
13093,276,55,54943.65,2,5,5,255,12,At Risk,United Kingdom
13094,21,13,2433.12,4,5,4,454,13,Champions,United Kingdom
13095,71,1,74.4,3,1,1,311,5,Promising,United Kingdom
13096,394,1,419.7,2,1,2,212,5,Lost,United Kingdom
13097,33,28,13389.22,4,5,5,455,14,Champions,United Kingdom
13098,1,28,28882.44,5,5,5,555,15,Champions,United Kingdom
13099,99,1,207.36,3,1,1,311,5,Promising,United Kingdom
13101,234,4,695.4,2,3,3,233,8,Needs Attention,United Kingdom
13102,1,37,11696.92,5,5,5,555,15,Champions,United Kingdom
13103,40,3,709.64,4,3,3,433,10,Loyal Customers,United Kingdom
13104,3,9,1709.1,5,5,4,554,14,Champions,United Kingdom
13105,436,1,72.0,1,1,1,111,3,Lost,United Kingdom
13106,133,2,603.46,3,2,2,322,7,Promising,United Kingdom
13107,44,9,5253.07,4,5,5,455,14,Champions,United Kingdom
13108,373,2,1098.52,2,2,3,223,7,Needs Attention,United Kingdom
13109,60,3,1134.03,3,3,3,333,9,Loyal Customers,United Kingdom
13110,31,12,2957.47,4,5,4,454,13,Champions,United Kingdom
13111,719,1,321.88000000000005,1,1,2,112,4,Lost,United Kingdom
13112,541,1,20.599999999999998,1,1,1,111,3,Lost,United Kingdom
13113,1,37,18625.73,5,5,5,555,15,Champions,United Kingdom
13114,731,1,234.38,1,1,1,111,3,Lost,United Kingdom
13115,12,10,5494.7,5,5,5,555,15,Champions,United Kingdom
13116,138,1,501.14,3,1,2,312,6,Promising,United Kingdom
13117,22,18,2643.81,4,5,4,454,13,Champions,United Kingdom
13118,20,9,2415.41,4,5,4,454,13,Champions,United Kingdom
13119,669,1,134.9,1,1,1,111,3,Lost,United Kingdom
13120,239,1,30.6,2,1,1,211,4,Lost,United Kingdom
13121,269,1,283.73,2,1,1,211,4,Lost,United Kingdom
13122,94,2,922.39,3,2,3,323,8,Needs Attention,United Kingdom
13123,473,2,506.75,1,2,2,122,5,Lost,United Kingdom
13124,90,4,4782.45,3,3,5,335,11,Loyal Customers,United Kingdom
13125,524,1,158.57,1,1,1,111,3,Lost,United Kingdom
13126,5,13,3998.25,5,5,5,555,15,Champions,United Kingdom
13127,78,1,259.17,3,1,1,311,5,Promising,United Kingdom
13128,631,1,263.5,1,1,1,111,3,Lost,United Kingdom
13129,452,2,233.25,1,2,1,121,4,Lost,United Kingdom
13130,94,1,64.0,3,1,1,311,5,Promising,United Kingdom
13131,23,7,3313.77,4,4,5,445,13,Champions,United Kingdom
13132,262,1,77.3,2,1,1,211,4,Lost,United Kingdom
13133,274,3,200.45,2,3,1,231,6,Needs Attention,United Kingdom
13134,86,6,2475.23,3,4,4,344,11,Loyal Customers,United Kingdom
13135,197,2,3371.45,2,2,5,225,9,Needs Attention,United Kingdom
13136,56,13,6274.56,4,5,5,455,14,Champions,United Kingdom
13137,11,16,7712.7,5,5,5,555,15,Champions,United Kingdom
13138,22,7,1467.24,4,4,4,444,12,Champions,United Kingdom
13139,16,8,8202.98,5,4,5,545,14,Champions,United Kingdom
13140,108,5,1215.68,3,4,3,343,10,Loyal Customers,United Kingdom
13141,85,17,7668.58,3,5,5,355,13,Loyal Customers,United Kingdom
13142,19,1,307.09000000000003,5,1,2,512,8,New Customers,United Kingdom
13143,585,1,405.1,1,1,2,112,4,Lost,United Kingdom
13144,333,2,135.35,2,2,1,221,5,Lost,United Kingdom
13145,40,7,1423.52,4,4,4,444,12,Champions,United Kingdom
13146,26,1,228.91,4,1,1,411,6,New Customers,United Kingdom
13147,10,4,712.8,5,3,3,533,11,Loyal Customers,United Kingdom
13148,29,26,8621.81,4,5,5,455,14,Champions,United Kingdom
13149,14,4,1676.06,5,3,4,534,12,Loyal Customers,United Kingdom
13150,484,3,449.96999999999997,1,3,2,132,6,Needs Attention,United Kingdom
13151,296,3,2580.74,2,3,4,234,9,Needs Attention,United Kingdom
13152,417,7,2146.38,1,4,4,144,9,At Risk,United Kingdom
13153,6,1,486.22,5,1,2,512,8,New Customers,United Kingdom
13154,399,3,1624.84,2,3,4,234,9,Needs Attention,United Kingdom
13155,33,6,1750.18,4,4,4,444,12,Champions,United Kingdom
13156,385,3,1586.54,2,3,4,234,9,Needs Attention,United Kingdom
13157,49,9,5687.36,4,5,5,455,14,Champions,United Kingdom
13158,95,5,1508.18,3,4,4,344,11,Loyal Customers,United Kingdom
13159,9,4,1437.85,5,3,4,534,12,Loyal Customers,United Kingdom
13160,22,1,91.8,4,1,1,411,6,New Customers,United Kingdom
13161,313,2,478.88,2,2,2,222,6,Lost,United Kingdom
13162,122,16,9275.49,3,5,5,355,13,Loyal Customers,United Kingdom
13163,610,1,17.65,1,1,1,111,3,Lost,United Kingdom
13164,569,2,372.2,1,2,2,122,5,Lost,United Kingdom
13165,46,3,1451.16,4,3,4,434,11,Loyal Customers,United Kingdom
13166,283,2,884.18,2,2,3,223,7,Needs Attention,United Kingdom
13167,19,5,1125.15,5,4,3,543,12,Loyal Customers,United Kingdom
13168,36,5,1875.31,4,4,4,444,12,Champions,United Kingdom
13169,64,3,840.08,3,3,3,333,9,Loyal Customers,United Kingdom
13170,27,1,116.00999999999999,4,1,1,411,6,New Customers,United Kingdom
13171,22,3,468.41,4,3,2,432,9,Loyal Customers,United Kingdom
13172,400,1,69.6,2,1,1,211,4,Lost,United Kingdom
13173,4,11,2639.35,5,5,4,554,14,Champions,United Kingdom
13174,16,12,9494.84,5,5,5,555,15,Champions,United Kingdom
13175,582,2,831.45,1,2,3,123,6,Needs Attention,United Kingdom
13176,46,1,492.84,4,1,2,412,7,New Customers,United Kingdom
13177,65,2,512.2,3,2,2,322,7,Promising,United Kingdom
13178,26,21,14059.19,4,5,5,455,14,Champions,United Kingdom
13179,619,1,572.31,1,1,2,112,4,Lost,United Kingdom
13180,607,1,86.1,1,1,1,111,3,Lost,United Kingdom
13181,381,1,359.69,2,1,2,212,5,Lost,United Kingdom
13182,45,1,121.18,4,1,1,411,6,New Customers,United Kingdom
13183,8,15,7036.18,5,5,5,555,15,Champions,United Kingdom
13184,15,10,1701.29,5,5,4,554,14,Champions,United Kingdom
13185,268,1,71.4,2,1,1,211,4,Lost,United Kingdom
13186,40,3,1575.89,4,3,4,434,11,Loyal Customers,United Kingdom
13187,337,4,367.01,2,3,2,232,7,Needs Attention,United Kingdom
13188,11,1,114.6,5,1,1,511,7,New Customers,United Kingdom
13189,19,2,260.68,5,2,1,521,8,New Customers,United Kingdom
13190,544,3,570.66,1,3,2,132,6,Needs Attention,United Kingdom
13191,658,1,164.69,1,1,1,111,3,Lost,United Kingdom
13192,95,6,2558.58,3,4,4,344,11,Loyal Customers,United Kingdom
13193,61,1,117.88,3,1,1,311,5,Promising,United Kingdom
13194,136,2,472.78,3,2,2,322,7,Promising,United Kingdom
13195,414,1,172.38,1,1,1,111,3,Lost,United Kingdom
13196,11,7,3068.84,5,4,5,545,14,Champions,United Kingdom
13197,610,1,373.01,1,1,2,112,4,Lost,United Kingdom
13198,10,8,4974.23,5,4,5,545,14,Champions,United Kingdom
13199,4,67,16432.89,5,5,5,555,15,Champions,United Kingdom
13200,19,4,870.09,5,3,3,533,11,Loyal Customers,United Kingdom
13201,502,4,1240.61,1,3,3,133,7,Needs Attention,United Kingdom
13202,394,7,1580.3,2,4,4,244,10,At Risk,United Kingdom
13203,10,10,2648.25,5,5,4,554,14,Champions,United Kingdom
13204,731,1,966.66,1,1,3,113,5,Needs Attention,United Kingdom
13205,443,1,2803.2,1,1,4,114,6,Needs Attention,United Kingdom
13206,400,13,8377.32,2,5,5,255,12,At Risk,United Kingdom
13207,15,4,535.86,5,3,2,532,10,Loyal Customers,United Kingdom
13208,59,9,1988.5,4,5,4,454,13,Champions,United Kingdom
13209,30,13,8509.51,4,5,5,455,14,Champions,United Kingdom
13210,94,1,353.48,3,1,2,312,6,Promising,United Kingdom
13211,10,10,2729.32,5,5,4,554,14,Champions,United Kingdom
13212,20,3,788.08,4,3,3,433,10,Loyal Customers,United Kingdom
13213,57,11,3851.52,4,5,5,455,14,Champions,United Kingdom
13214,418,7,3264.23,1,4,5,145,10,At Risk,United Kingdom
13215,402,1,81.6,2,1,1,211,4,Lost,United Kingdom
13216,268,1,333.74,2,1,2,212,5,Lost,United Kingdom
13217,122,4,666.48,3,3,3,333,9,Loyal Customers,United Kingdom
13218,127,1,62.64,3,1,1,311,5,Promising,United Kingdom
13219,618,1,76.23,1,1,1,111,3,Lost,United Kingdom
13220,78,5,1336.0900000000001,3,4,4,344,11,Loyal Customers,United Kingdom
13221,240,2,847.41,2,2,3,223,7,Needs Attention,United Kingdom
13222,577,1,88.5,1,1,1,111,3,Lost,United Kingdom
13223,200,6,969.12,2,4,3,243,9,At Risk,United Kingdom
13224,60,2,2155.95,3,2,4,324,9,Needs Attention,United Kingdom
13225,3,16,16260.07,5,5,5,555,15,Champions,United Kingdom
13226,273,2,312.46,2,2,2,222,6,Lost,United Kingdom
13227,202,1,257.7,2,1,1,211,4,Lost,United Kingdom
13228,81,1,358.0,3,1,2,312,6,Promising,United Kingdom
13229,226,1,160.95,2,1,1,211,4,Lost,United Kingdom
13230,4,30,6360.78,5,5,5,555,15,Champions,United Kingdom
13232,13,7,1357.6,5,4,4,544,13,Champions,United Kingdom
13233,74,4,1176.46,3,3,3,333,9,Loyal Customers,United Kingdom
13234,673,2,356.95,1,2,2,122,5,Lost,United Kingdom
13235,212,1,1031.07,2,1,3,213,6,Needs Attention,United Kingdom
13236,25,2,744.85,4,2,3,423,9,New Customers,United Kingdom
13237,388,1,643.0,2,1,3,213,6,Needs Attention,United Kingdom
13238,17,6,1006.63,5,4,3,543,12,Loyal Customers,United Kingdom
13239,262,5,1594.69,2,4,4,244,10,At Risk,United Kingdom
13240,96,8,1738.52,3,4,4,344,11,Loyal Customers,United Kingdom
13241,412,1,115.58,1,1,1,111,3,Lost,United Kingdom
13242,112,7,699.4,3,4,3,343,10,Loyal Customers,United Kingdom
13243,203,5,1278.04,2,4,4,244,10,At Risk,United Kingdom
13244,93,1,121.74000000000001,3,1,1,311,5,Promising,United Kingdom
13245,51,2,989.22,4,2,3,423,9,New Customers,United Kingdom
13246,18,11,3387.43,5,5,5,555,15,Champions,United Kingdom
13247,18,4,501.12,5,3,2,532,10,Loyal Customers,United Kingdom
13248,125,2,465.68,3,2,2,322,7,Promising,United Kingdom
13249,92,9,1608.9299999999998,3,5,4,354,12,Loyal Customers,United Kingdom
13250,461,2,256.04,1,2,1,121,4,Lost,United Kingdom
13251,402,1,252.68,2,1,1,211,4,Lost,United Kingdom
13252,394,2,399.3,2,2,2,222,6,Lost,United Kingdom
13253,157,4,2951.11,3,3,4,334,10,Loyal Customers,United Kingdom
13254,376,1,51.41,2,1,1,211,4,Lost,United Kingdom
13255,9,3,904.4599999999999,5,3,3,533,11,Loyal Customers,United Kingdom
13257,436,1,149.75,1,1,1,111,3,Lost,United Kingdom
13258,12,5,1035.18,5,4,3,543,12,Loyal Customers,United Kingdom
13259,62,9,1433.38,3,5,4,354,12,Loyal Customers,United Kingdom
13260,61,1,557.62,3,1,2,312,6,Promising,United Kingdom
13261,269,2,944.1,2,2,3,223,7,Needs Attention,United Kingdom
13262,263,3,573.45,2,3,2,232,7,Needs Attention,United Kingdom
13263,1,39,8704.69,5,5,5,555,15,Champions,United Kingdom
13264,443,1,722.56,1,1,3,113,5,Needs Attention,United Kingdom
13265,53,5,2107.66,4,4,4,444,12,Champions,United Kingdom
13266,11,19,6135.04,5,5,5,555,15,Champions,United Kingdom
13267,3,36,9758.26,5,5,5,555,15,Champions,United Kingdom
13268,18,11,3214.69,5,5,5,555,15,Champions,United Kingdom
13269,1,28,8891.7,5,5,5,555,15,Champions,United Kingdom
13270,366,1,1180.0,2,1,3,213,6,Needs Attention,United Kingdom
13271,37,1,217.38,4,1,1,411,6,New Customers,United Kingdom
13272,31,2,276.56,4,2,1,421,7,New Customers,United Kingdom
13273,113,1,138.98,3,1,1,311,5,Promising,United Kingdom
13274,409,1,360.85,2,1,2,212,5,Lost,United Kingdom
13275,384,2,241.66,2,2,1,221,5,Lost,United Kingdom
13276,64,5,1939.26,3,4,4,344,11,Loyal Customers,United Kingdom
13277,16,7,523.3,5,4,2,542,11,Loyal Customers,United Kingdom
13278,41,4,1435.85,4,3,4,434,11,Loyal Customers,United Kingdom
13279,78,1,137.75,3,1,1,311,5,Promising,United Kingdom
13280,122,7,2322.63,3,4,4,344,11,Loyal Customers,United Kingdom
13281,439,1,350.85,1,1,2,112,4,Lost,United Kingdom
13282,18,4,1313.19,5,3,4,534,12,Loyal Customers,United Kingdom
13283,60,4,373.36,3,3,2,332,8,Loyal Customers,United Kingdom
13284,331,1,201.19,2,1,1,211,4,Lost,United Kingdom
13285,23,6,3364.59,4,4,5,445,13,Champions,United Kingdom
13286,600,1,734.91,1,1,3,113,5,Needs Attention,United Kingdom
13287,603,3,781.59,1,3,3,133,7,Needs Attention,United Kingdom
13288,443,5,927.61,1,4,3,143,8,At Risk,United Kingdom
13289,724,1,307.95,1,1,2,112,4,Lost,United Kingdom
13290,438,1,208.63,1,1,1,111,3,Lost,United Kingdom
13291,156,11,3320.84,3,5,5,355,13,Loyal Customers,United Kingdom
13292,39,5,994.51,4,4,3,443,11,Loyal Customers,United Kingdom
13293,392,6,1192.94,2,4,3,243,9,At Risk,United Kingdom
13294,190,3,1689.53,2,3,4,234,9,Needs Attention,United Kingdom
13295,360,4,1101.97,2,3,3,233,8,Needs Attention,United Kingdom
13296,137,6,792.51,3,4,3,343,10,Loyal Customers,United Kingdom
13297,8,7,4368.62,5,4,5,545,14,Champions,United Kingdom
13298,1,1,360.0,5,1,2,512,8,New Customers,United Kingdom
13299,268,3,1218.7,2,3,3,233,8,Needs Attention,United Kingdom
13300,169,3,1285.51,3,3,4,334,10,Loyal Customers,United Kingdom
13301,104,4,618.09,3,3,2,332,8,Loyal Customers,United Kingdom
13302,155,2,159.2,3,2,1,321,6,Promising,United Kingdom
13303,400,1,61.72,2,1,1,211,4,Lost,United Kingdom
13304,351,4,1217.99,2,3,3,233,8,Needs Attention,United Kingdom
13305,4,16,3754.71,5,5,5,555,15,Champions,United Kingdom
13306,430,1,53.65,1,1,1,111,3,Lost,United Kingdom
13307,120,3,273.34,3,3,1,331,7,Loyal Customers,United Kingdom
13308,23,4,1670.37,4,3,4,434,11,Loyal Customers,United Kingdom
13309,7,6,1706.37,5,4,4,544,13,Champions,United Kingdom
13310,28,5,1541.2,4,4,4,444,12,Champions,United Kingdom
13311,4,2,598.5699999999999,5,2,2,522,9,New Customers,United Kingdom
13312,451,1,124.75,1,1,1,111,3,Lost,United Kingdom
13313,22,12,3445.32,4,5,5,455,14,Champions,United Kingdom
13314,2,3,775.9399999999999,5,3,3,533,11,Loyal Customers,United Kingdom
13315,689,1,310.26,1,1,2,112,4,Lost,United Kingdom
13316,37,10,13191.57,4,5,5,455,14,Champions,United Kingdom
13317,66,19,6486.09,3,5,5,355,13,Loyal Customers,United Kingdom
13318,1,3,640.76,5,3,3,533,11,Loyal Customers,United Kingdom
13319,5,58,22082.5,5,5,5,555,15,Champions,United Kingdom
13320,78,6,2228.1,3,4,4,344,11,Loyal Customers,United Kingdom
13321,72,2,567.36,3,2,2,322,7,Promising,United Kingdom
13322,17,1,199.48000000000002,5,1,1,511,7,New Customers,United Kingdom
13323,3,5,787.85,5,4,3,543,12,Loyal Customers,United Kingdom
13324,36,18,10513.47,4,5,5,455,14,Champions,United Kingdom
13325,82,1,675.3,3,1,3,313,7,Needs Attention,United Kingdom
13326,432,1,281.76,1,1,1,111,3,Lost,United Kingdom
13327,39,20,9879.48,4,5,5,455,14,Champions,United Kingdom
13328,316,1,1308.48,2,1,4,214,7,Needs Attention,United Kingdom
13329,32,8,5112.97,4,4,5,445,13,Champions,United Kingdom
13330,93,6,2806.18,3,4,4,344,11,Loyal Customers,United Kingdom
13331,402,1,262.4,2,1,1,211,4,Lost,United Kingdom
13332,14,1,350.9,5,1,2,512,8,New Customers,United Kingdom
13333,411,3,1015.74,1,3,3,133,7,Needs Attention,United Kingdom
13334,82,5,6263.75,3,4,5,345,12,Loyal Customers,United Kingdom
13336,77,1,795.12,3,1,3,313,7,Needs Attention,United Kingdom
13337,546,1,1575.26,1,1,4,114,6,Needs Attention,United Kingdom
13338,158,4,2445.62,3,3,4,334,10,Loyal Customers,United Kingdom
13339,201,1,860.12,2,1,3,213,6,Needs Attention,United Kingdom
13340,45,12,22100.56,4,5,5,455,14,Champions,United Kingdom
13341,261,1,775.85,2,1,3,213,6,Needs Attention,United Kingdom
13343,178,1,353.43,3,1,2,312,6,Promising,United Kingdom
13344,68,3,2543.72,3,3,4,334,10,Loyal Customers,United Kingdom
13345,288,1,389.5,2,1,2,212,5,Lost,United Kingdom
13346,463,6,299.4,1,4,2,142,7,At Risk,United Kingdom
13347,70,1,341.36,3,1,2,312,6,Promising,United Kingdom
13348,64,1,233.76,3,1,1,311,5,Promising,United Kingdom
13349,11,1,247.32,5,1,1,511,7,New Customers,United Kingdom
13350,16,2,979.12,5,2,3,523,10,New Customers,United Kingdom
13351,66,1,373.94,3,1,2,312,6,Promising,United Kingdom
13352,60,1,397.98,3,1,2,312,6,Promising,United Kingdom
13354,71,1,743.53,3,1,3,313,7,Needs Attention,United Kingdom
13355,122,1,674.7,3,1,3,313,7,Needs Attention,United Kingdom
13356,80,1,768.24,3,1,3,313,7,Needs Attention,United Kingdom
13357,257,5,3838.36,2,4,5,245,11,At Risk,United Kingdom
13358,269,1,439.03,2,1,2,212,5,Lost,United Kingdom
13359,64,2,1043.31,3,2,3,323,8,Needs Attention,United Kingdom
13360,432,4,1553.6499999999999,1,3,4,134,8,Needs Attention,United Kingdom
13361,472,2,1450.5,1,2,4,124,7,Needs Attention,United Kingdom
13362,9,7,5394.07,5,4,5,545,14,Champions,United Kingdom
13363,18,3,1723.86,5,3,4,534,12,Loyal Customers,United Kingdom
13364,71,1,134.96,3,1,1,311,5,Promising,United Kingdom
13365,34,2,2225.37,4,2,4,424,10,New Customers,United Kingdom
13366,50,1,56.16,4,1,1,411,6,New Customers,United Kingdom
13367,432,1,510.2,1,1,2,112,4,Lost,United Kingdom
13368,257,4,1121.5,2,3,3,233,8,Needs Attention,United Kingdom
13369,366,1,616.56,2,1,2,212,5,Lost,United Kingdom
13370,372,1,1509.74,2,1,4,214,7,Needs Attention,United Kingdom
13371,505,2,2297.66,1,2,4,124,7,Needs Attention,United Kingdom
13372,90,1,378.64,3,1,2,312,6,Promising,United Kingdom
13373,61,6,7587.19,3,4,5,345,12,Loyal Customers,United Kingdom
13374,415,2,422.8,1,2,2,122,5,Lost,United Kingdom
13375,89,2,1792.23,3,2,4,324,9,Needs Attention,United Kingdom
13376,99,3,1019.76,3,3,3,333,9,Loyal Customers,United Kingdom
13377,397,2,1552.88,2,2,4,224,8,Needs Attention,United Kingdom
13379,26,3,572.56,4,3,2,432,9,Loyal Customers,United Kingdom
13380,433,1,62.4,1,1,1,111,3,Lost,United Kingdom
13381,32,12,8224.37,4,5,5,455,14,Champions,United Kingdom
13382,281,5,1387.58,2,4,4,244,10,At Risk,United Kingdom
13383,544,1,305.28,1,1,2,112,4,Lost,United Kingdom
13384,31,11,6680.83,4,5,5,455,14,Champions,United Kingdom
13385,330,1,534.57,2,1,2,212,5,Lost,United Kingdom
13386,414,2,835.46,1,2,3,123,6,Needs Attention,United Kingdom
13387,417,1,189.44,1,1,1,111,3,Lost,United Kingdom
13388,131,3,1185.65,3,3,3,333,9,Loyal Customers,United Kingdom
13389,11,3,797.96,5,3,3,533,11,Loyal Customers,United Kingdom
13390,75,1,544.08,3,1,2,312,6,Promising,United Kingdom
13391,204,1,59.8,2,1,1,211,4,Lost,United Kingdom
13392,677,1,91.14,1,1,1,111,3,Lost,United Kingdom
13393,584,4,1131.45,1,3,3,133,7,Needs Attention,United Kingdom
13394,2,19,6621.7,5,5,5,555,15,Champions,United Kingdom
13395,185,3,1180.23,3,3,3,333,9,Loyal Customers,United Kingdom
13396,29,2,1360.99,4,2,4,424,10,New Customers,United Kingdom
13397,73,10,3191.87,3,5,5,355,13,Loyal Customers,United Kingdom
13398,192,2,670.34,2,2,3,223,7,Needs Attention,United Kingdom
13399,464,3,275.4,1,3,1,131,5,Needs Attention,United Kingdom
13400,583,1,310.83,1,1,2,112,4,Lost,United Kingdom
13402,127,4,1535.1299999999999,3,3,4,334,10,Loyal Customers,United Kingdom
13403,18,3,229.5,5,3,1,531,9,Loyal Customers,United Kingdom
13404,1,2,252.49,5,2,1,521,8,New Customers,United Kingdom
13405,74,6,1213.81,3,4,3,343,10,Loyal Customers,United Kingdom
13406,427,2,568.92,1,2,2,122,5,Lost,United Kingdom
13407,579,3,2244.7,1,3,4,134,8,Needs Attention,United Kingdom
13408,2,106,51733.46,5,5,5,555,15,Champions,United Kingdom
13410,24,9,2201.96,4,5,4,454,13,Champions,United Kingdom
13411,107,1,213.55,3,1,1,311,5,Promising,United Kingdom
13412,620,1,487.35,1,1,2,112,4,Lost,United Kingdom
13413,640,6,429.44,1,4,2,142,7,At Risk,United Kingdom
13414,134,6,2494.14,3,4,4,344,11,Loyal Customers,United Kingdom
13415,473,4,800.67,1,3,3,133,7,Needs Attention,United Kingdom
13416,44,3,940.8,4,3,3,433,10,Loyal Customers,United Kingdom
13417,5,6,1669.49,5,4,4,544,13,Champions,United Kingdom
13418,12,31,12233.6,5,5,5,555,15,Champions,United Kingdom
13419,64,1,221.06,3,1,1,311,5,Promising,United Kingdom
13420,150,2,159.85,3,2,1,321,6,Promising,United Kingdom
13421,40,8,4103.12,4,4,5,445,13,Champions,United Kingdom
13422,64,1,2626.3,3,1,4,314,8,Needs Attention,United Kingdom
13423,429,1,217.03,1,1,1,111,3,Lost,United Kingdom
13424,450,1,572.77,1,1,2,112,4,Lost,United Kingdom
13425,108,5,3403.63,3,4,5,345,12,Loyal Customers,United Kingdom
13426,1,22,8167.38,5,5,5,555,15,Champions,United Kingdom
13427,19,6,1006.53,5,4,3,543,12,Loyal Customers,United Kingdom
13428,10,3,499.98,5,3,2,532,10,Loyal Customers,United Kingdom
13429,11,4,1006.8,5,3,3,533,11,Loyal Customers,United Kingdom
13430,19,2,679.45,5,2,3,523,10,New Customers,United Kingdom
13431,67,8,3316.24,3,4,5,345,12,Loyal Customers,United Kingdom
13432,571,2,439.1,1,2,2,122,5,Lost,United Kingdom
13433,501,4,658.32,1,3,3,133,7,Needs Attention,United Kingdom
13434,74,5,1666.86,3,4,4,344,11,Loyal Customers,United Kingdom
13435,5,9,4475.23,5,5,5,555,15,Champions,United Kingdom
13436,2,1,196.89,5,1,1,511,7,New Customers,United Kingdom
13437,14,7,3408.06,5,4,5,545,14,Champions,United Kingdom
13438,547,1,46.5,1,1,1,111,3,Lost,United Kingdom
13439,255,3,986.61,2,3,3,233,8,Needs Attention,United Kingdom
13440,423,7,1295.25,1,4,4,144,9,At Risk,United Kingdom
13441,92,2,720.9,3,2,3,323,8,Needs Attention,United Kingdom
13442,667,3,419.87,1,3,2,132,6,Needs Attention,United Kingdom
13443,449,6,1280.16,1,4,4,144,9,At Risk,United Kingdom
13444,374,2,631.68,2,2,3,223,7,Needs Attention,United Kingdom
13445,626,1,241.89999999999998,1,1,1,111,3,Lost,United Kingdom
13446,430,11,3881.89,1,5,5,155,11,At Risk,United Kingdom
13447,23,3,1129.1399999999999,4,3,3,433,10,Loyal Customers,United Kingdom
13448,17,13,9240.869999999999,5,5,5,555,15,Champions,United Kingdom
13449,24,1,291.88,4,1,2,412,7,New Customers,United Kingdom
13450,27,13,4120.04,4,5,5,455,14,Champions,United Kingdom
13451,26,11,7190.92,4,5,5,455,14,Champions,United Kingdom
13452,259,3,729.8,2,3,3,233,8,Needs Attention,United Kingdom
13453,166,3,781.69,3,3,3,333,9,Loyal Customers,United Kingdom
13454,641,1,219.87,1,1,1,111,3,Lost,United Kingdom
13455,25,6,2905.93,4,4,4,444,12,Champions,United Kingdom
13456,18,6,1766.72,5,4,4,544,13,Champions,United Kingdom
13457,689,2,148.22,1,2,1,121,4,Lost,United Kingdom
13458,7,16,11959.27,5,5,5,555,15,Champions,United Kingdom
13459,625,2,1160.41,1,2,3,123,6,Needs Attention,United Kingdom
13460,29,2,183.44,4,2,1,421,7,New Customers,United Kingdom
13461,39,6,4160.0,4,4,5,445,13,Champions,United Kingdom
13462,253,5,1153.85,2,4,3,243,9,At Risk,United Kingdom
13464,58,6,3097.64,4,4,5,445,13,Champions,United Kingdom
13465,446,2,931.12,1,2,3,123,6,Needs Attention,United Kingdom
13466,184,5,1013.35,3,4,3,343,10,Loyal Customers,United Kingdom
13467,11,2,1083.71,5,2,3,523,10,New Customers,United Kingdom
13468,2,72,13390.51,5,5,5,555,15,Champions,United Kingdom
13469,653,1,82.4,1,1,1,111,3,Lost,United Kingdom
13470,99,2,165.0,3,2,1,321,6,Promising,United Kingdom
13471,1,4,2531.58,5,3,4,534,12,Loyal Customers,United Kingdom
13472,464,2,592.24,1,2,2,122,5,Lost,United Kingdom
13473,61,8,2657.7599999999998,3,4,4,344,11,Loyal Customers,United Kingdom
13474,236,3,663.79,2,3,3,233,8,Needs Attention,United Kingdom
13475,191,4,1431.78,2,3,4,234,9,Needs Attention,United Kingdom
13476,179,5,2061.47,3,4,4,344,11,Loyal Customers,United Kingdom
13477,38,11,2834.17,4,5,4,454,13,Champions,United Kingdom
13478,469,5,2215.78,1,4,4,144,9,At Risk,United Kingdom
13479,201,4,851.37,2,3,3,233,8,Needs Attention,United Kingdom
13480,417,2,627.8199999999999,1,2,3,123,6,Needs Attention,United Kingdom
13481,46,11,3830.84,4,5,5,455,14,Champions,United Kingdom
13482,232,2,336.09,2,2,2,222,6,Lost,United Kingdom
13483,66,1,140.34,3,1,1,311,5,Promising,United Kingdom
13484,241,3,790.72,2,3,3,233,8,Needs Attention,United Kingdom
13485,233,11,3019.22,2,5,5,255,12,At Risk,United Kingdom
13486,78,3,1122.41,3,3,3,333,9,Loyal Customers,United Kingdom
13487,58,5,846.87,4,4,3,443,11,Loyal Customers,United Kingdom
13488,17,23,15587.88,5,5,5,555,15,Champions,United Kingdom
13489,105,4,449.52,3,3,2,332,8,Loyal Customers,United Kingdom
13490,654,1,154.25,1,1,1,111,3,Lost,United Kingdom
13491,52,27,4566.56,4,5,5,455,14,Champions,United Kingdom
13492,136,3,1269.84,3,3,4,334,10,Loyal Customers,Switzerland
13493,275,2,618.63,2,2,3,223,7,Needs Attention,Switzerland
13494,312,1,316.26,2,1,2,212,5,Lost,United Kingdom
13495,8,10,5374.26,5,5,5,555,15,Champions,United Kingdom
13496,11,2,653.33,5,2,3,523,10,New Customers,United Kingdom
13497,283,6,1320.33,2,4,4,244,10,At Risk,United Kingdom
13498,730,1,327.38,1,1,2,112,4,Lost,United Kingdom
13499,18,5,1159.11,5,4,3,543,12,Loyal Customers,United Kingdom
13500,23,4,1466.3,4,3,4,434,11,Loyal Customers,United Kingdom
13501,288,3,2885.11,2,3,4,234,9,Needs Attention,Switzerland
13502,17,5,780.5,5,4,3,543,12,Loyal Customers,United Kingdom
13503,71,6,1905.39,3,4,4,344,11,Loyal Customers,United Kingdom
13504,64,1,295.93,3,1,2,312,6,Promising,United Kingdom
13505,73,4,4393.63,3,3,5,335,11,Loyal Customers,Switzerland
13506,316,5,1639.2,2,4,4,244,10,At Risk,United Kingdom
13507,3,4,2479.16,5,3,4,534,12,Loyal Customers,United Kingdom
13508,244,2,287.05,2,2,1,221,5,Lost,United Kingdom
13509,9,8,1114.72,5,4,3,543,12,Loyal Customers,United Kingdom
13510,1,11,4558.29,5,5,5,555,15,Champions,United Kingdom
13511,677,1,282.76,1,1,1,111,3,Lost,United Kingdom
13512,261,4,713.39,2,3,3,233,8,Needs Attention,United Kingdom
13513,127,3,824.59,3,3,3,333,9,Loyal Customers,United Kingdom
13514,74,4,815.9,3,3,3,333,9,Loyal Customers,United Kingdom
13515,73,6,1265.82,3,4,4,344,11,Loyal Customers,United Kingdom
13516,21,4,1685.26,4,3,4,434,11,Loyal Customers,United Kingdom
13517,60,3,2128.42,3,3,4,334,10,Loyal Customers,United Kingdom
13518,86,1,659.44,3,1,3,313,7,Needs Attention,United Kingdom
13519,78,2,343.21,3,2,2,322,7,Promising,United Kingdom
13520,59,11,6909.4,4,5,5,455,14,Champions,Switzerland
13521,1,3,1093.65,5,3,3,533,11,Loyal Customers,United Kingdom
13522,30,1,125.8,4,1,1,411,6,New Customers,United Kingdom
13523,33,6,5101.5199999999995,4,4,5,445,13,Champions,United Kingdom
13524,41,5,680.18,4,4,3,443,11,Loyal Customers,United Kingdom
13525,15,2,628.78,5,2,3,523,10,New Customers,United Kingdom
13526,738,2,1182.0,1,2,3,123,6,Needs Attention,United Kingdom
13527,34,12,4683.74,4,5,5,455,14,Champions,United Kingdom
13529,79,2,307.76,3,2,2,322,7,Promising,United Kingdom
13530,634,1,402.98,1,1,2,112,4,Lost,United Kingdom
13531,205,6,1738.52,2,4,4,244,10,At Risk,United Kingdom
13532,34,1,210.31,4,1,1,411,6,New Customers,United Kingdom
13533,183,3,270.79,3,3,1,331,7,Loyal Customers,United Kingdom
13534,2,35,7720.9,5,5,5,555,15,Champions,United Kingdom
13535,403,1,89.5,2,1,1,211,4,Lost,United Kingdom
13536,1,7,3448.29,5,4,5,545,14,Champions,United Kingdom
13537,426,2,717.85,1,2,3,123,6,Needs Attention,United Kingdom
13538,43,12,3112.73,4,5,5,455,14,Champions,United Kingdom
13539,86,7,1569.36,3,4,4,344,11,Loyal Customers,United Kingdom
13540,467,3,632.39,1,3,3,133,7,Needs Attention,United Kingdom
13541,427,2,785.25,1,2,3,123,6,Needs Attention,United Kingdom
13542,377,17,4006.17,2,5,5,255,12,At Risk,United Kingdom
13543,634,2,1439.61,1,2,4,124,7,Needs Attention,United Kingdom
13544,40,6,829.0,4,4,3,443,11,Loyal Customers,United Kingdom
13545,391,2,374.64,2,2,2,222,6,Lost,United Kingdom
13546,12,5,1092.1399999999999,5,4,3,543,12,Loyal Customers,United Kingdom
13547,408,1,175.53,2,1,1,211,4,Lost,United Kingdom
13548,96,3,908.99,3,3,3,333,9,Loyal Customers,United Kingdom
13549,26,8,1005.8,4,4,3,443,11,Loyal Customers,United Kingdom
13550,383,1,349.51,2,1,2,212,5,Lost,United Kingdom
13551,319,2,244.20000000000002,2,2,1,221,5,Lost,United Kingdom
13552,66,22,6978.92,3,5,5,355,13,Loyal Customers,United Kingdom
13553,675,1,517.8,1,1,2,112,4,Lost,United Kingdom
13554,380,7,1638.28,2,4,4,244,10,At Risk,United Kingdom
13555,74,13,8999.19,3,5,5,355,13,Loyal Customers,United Kingdom
13556,429,2,200.82,1,2,1,121,4,Lost,United Kingdom
13557,28,13,3032.2599999999998,4,5,5,455,14,Champions,United Kingdom
13558,6,4,605.06,5,3,2,532,10,Loyal Customers,United Kingdom
13559,513,2,990.0,1,2,3,123,6,Needs Attention,United Kingdom
13560,7,1,174.37,5,1,1,511,7,New Customers,United Kingdom
13561,216,11,1820.72,2,5,4,254,11,At Risk,United Kingdom
13562,82,8,4838.18,3,4,5,345,12,Loyal Customers,United Kingdom
13563,84,2,777.53,3,2,3,323,8,Needs Attention,United Kingdom
13564,144,37,17249.55,3,5,5,355,13,Loyal Customers,United Kingdom
13565,19,3,414.8,5,3,2,532,10,Loyal Customers,United Kingdom
13566,41,5,1708.1200000000001,4,4,4,444,12,Champions,United Kingdom
13567,428,4,1083.69,1,3,3,133,7,Needs Attention,United Kingdom
13568,173,1,192.85,3,1,1,311,5,Promising,United Kingdom
13569,17,4,893.78,5,3,3,533,11,Loyal Customers,United Kingdom
13570,243,1,239.49,2,1,1,211,4,Lost,United Kingdom
13571,13,26,4546.54,5,5,5,555,15,Champions,United Kingdom
13572,206,1,1384.25,2,1,4,214,7,Needs Attention,United Kingdom
13573,50,6,916.47,4,4,3,443,11,Loyal Customers,United Kingdom
13574,411,1,421.25,1,1,2,112,4,Lost,United Kingdom
13575,23,5,732.07,4,4,3,443,11,Loyal Customers,United Kingdom
13576,10,28,11551.74,5,5,5,555,15,Champions,United Kingdom
13577,25,11,3489.28,4,5,5,455,14,Champions,United Kingdom
13578,409,1,147.66,2,1,1,211,4,Lost,United Kingdom
13579,15,5,1539.04,5,4,4,544,13,Champions,United Kingdom
13580,406,1,107.75,2,1,1,211,4,Lost,United Kingdom
13581,309,2,280.53000000000003,2,2,1,221,5,Lost,United Kingdom
13582,390,2,241.68,2,2,1,221,5,Lost,United Kingdom
13583,156,2,1445.03,3,2,4,324,9,Needs Attention,United Kingdom
13584,307,3,392.45,2,3,2,232,7,Needs Attention,United Kingdom
13585,531,3,684.54,1,3,3,133,7,Needs Attention,United Kingdom
13586,541,1,131.53,1,1,1,111,3,Lost,United Kingdom
13587,64,4,1673.5,3,3,4,334,10,Loyal Customers,United Kingdom
13588,16,9,2478.95,5,5,4,554,14,Champions,United Kingdom
13589,15,6,1120.74,5,4,3,543,12,Loyal Customers,United Kingdom
13590,11,18,6349.59,5,5,5,555,15,Champions,United Kingdom
13591,65,7,2093.94,3,4,4,344,11,Loyal Customers,United Kingdom
13592,36,4,247.96,4,3,1,431,8,Loyal Customers,United Kingdom
13593,108,14,5523.69,3,5,5,355,13,Loyal Customers,United Kingdom
13594,53,2,533.32,4,2,2,422,8,New Customers,United Kingdom
13595,517,3,818.22,1,3,3,133,7,Needs Attention,United Kingdom
13596,6,2,697.04,5,2,3,523,10,New Customers,United Kingdom
13597,400,2,396.71,2,2,2,222,6,Lost,United Kingdom
13598,47,5,789.59,4,4,3,443,11,Loyal Customers,United Kingdom
13599,1,33,10167.63,5,5,5,555,15,Champions,United Kingdom
13600,312,2,518.42,2,2,2,222,6,Lost,United Kingdom
13601,45,4,1185.14,4,3,3,433,10,Loyal Customers,United Kingdom
13602,65,4,1025.17,3,3,3,333,9,Loyal Customers,United Kingdom
13603,26,1,164.34,4,1,1,411,6,New Customers,United Kingdom
13604,659,1,717.62,1,1,3,113,5,Needs Attention,United Kingdom
13605,387,2,522.67,2,2,2,222,6,Lost,United Kingdom
13606,29,3,280.54,4,3,1,431,8,Loyal Customers,United Kingdom
13607,40,2,1078.31,4,2,3,423,9,New Customers,United Kingdom
13608,541,1,236.2,1,1,1,111,3,Lost,United Kingdom
13609,593,1,167.35,1,1,1,111,3,Lost,United Kingdom
13610,12,14,2175.88,5,5,4,554,14,Champions,United Kingdom
13611,89,10,3319.53,3,5,5,355,13,Loyal Customers,United Kingdom
13612,633,1,818.29,1,1,3,113,5,Needs Attention,United Kingdom
13613,453,5,1039.85,1,4,3,143,8,At Risk,United Kingdom
13614,24,6,2359.19,4,4,4,444,12,Champions,United Kingdom
13615,319,8,6272.53,2,4,5,245,11,At Risk,United Kingdom
13616,568,2,288.1,1,2,1,121,4,Lost,United Kingdom
13617,40,8,1278.75,4,4,4,444,12,Champions,United Kingdom
13618,174,1,177.34,3,1,1,311,5,Promising,United Kingdom
13619,545,2,231.69,1,2,1,121,4,Lost,United Kingdom
13620,528,1,112.34,1,1,1,111,3,Lost,United Kingdom
13621,117,1,213.85,3,1,1,311,5,Promising,United Kingdom
13622,696,1,658.95,1,1,3,113,5,Needs Attention,United Kingdom
13623,31,10,2566.49,4,5,4,454,13,Champions,United Kingdom
13624,388,1,462.08,2,1,2,212,5,Lost,United Kingdom
13625,597,1,301.26,1,1,2,112,4,Lost,United Kingdom
13626,253,2,707.04,2,2,3,223,7,Needs Attention,United Kingdom
13627,59,7,2245.9,4,4,4,444,12,Champions,United Kingdom
13628,676,1,310.14,1,1,2,112,4,Lost,United Kingdom
13629,23,19,13370.86,4,5,5,455,14,Champions,United Kingdom
13630,5,7,2031.78,5,4,4,544,13,Champions,United Kingdom
13631,100,11,3070.42,3,5,5,355,13,Loyal Customers,United Kingdom
13632,25,8,3648.15,4,4,5,445,13,Champions,United Kingdom
13634,33,16,5073.47,4,5,5,455,14,Champions,United Kingdom
13635,68,4,2999.16,3,3,5,335,11,Loyal Customers,United Kingdom
13636,37,5,949.12,4,4,3,443,11,Loyal Customers,United Kingdom
13637,52,3,810.5,4,3,3,433,10,Loyal Customers,United Kingdom
13638,16,1,122.64,5,1,1,511,7,New Customers,United Kingdom
13639,74,2,1346.27,3,2,4,324,9,Needs Attention,United Kingdom
13640,611,1,405.0,1,1,2,112,4,Lost,United Kingdom
13641,641,5,1016.47,1,4,3,143,8,At Risk,United Kingdom
13642,216,4,514.72,2,3,2,232,7,Needs Attention,United Kingdom
13643,31,10,2156.77,4,5,4,454,13,Champions,United Kingdom
13644,16,4,2624.26,5,3,4,534,12,Loyal Customers,United Kingdom
13645,120,1,252.1,3,1,1,311,5,Promising,United Kingdom
13646,400,2,326.25,2,2,2,222,6,Lost,United Kingdom
13647,10,8,3071.68,5,4,5,545,14,Champions,United Kingdom
13648,400,8,1764.02,2,4,4,244,10,At Risk,United Kingdom
13649,257,6,1678.88,2,4,4,244,10,At Risk,United Kingdom
13650,17,10,3288.0,5,5,5,555,15,Champions,United Kingdom
13651,35,3,226.85,4,3,1,431,8,Loyal Customers,United Kingdom
13652,46,5,2570.85,4,4,4,444,12,Champions,United Kingdom
13653,488,1,152.2,1,1,1,111,3,Lost,United Kingdom
13654,43,11,6308.0,4,5,5,455,14,Champions,United Kingdom
13655,114,6,2280.5099999999998,3,4,4,344,11,Loyal Customers,United Kingdom
13656,165,4,1078.85,3,3,3,333,9,Loyal Customers,United Kingdom
13657,11,2,382.14,5,2,2,522,9,New Customers,United Kingdom
13658,10,9,6025.5,5,5,5,555,15,Champions,United Kingdom
13659,206,12,4894.88,2,5,5,255,12,At Risk,United Kingdom
13660,400,1,314.59,2,1,2,212,5,Lost,United Kingdom
13661,603,1,325.24,1,1,2,112,4,Lost,United Kingdom
13662,86,11,2250.11,3,5,4,354,12,Loyal Customers,United Kingdom
13663,179,5,2047.51,3,4,4,344,11,Loyal Customers,United Kingdom
13665,386,3,1711.66,2,3,4,234,9,Needs Attention,United Kingdom
13666,60,5,127.9,3,4,1,341,8,Loyal Customers,United Kingdom
13667,149,1,305.02,3,1,2,312,6,Promising,United Kingdom
13668,3,35,13089.94,5,5,5,555,15,Champions,United Kingdom
13669,51,3,413.55,4,3,2,432,9,Loyal Customers,United Kingdom
13670,75,1,349.7,3,1,2,312,6,Promising,United Kingdom
13671,395,1,194.95,2,1,1,211,4,Lost,United Kingdom
13672,301,3,419.92,2,3,2,232,7,Needs Attention,United Kingdom
13673,19,2,396.92,5,2,2,522,9,New Customers,United Kingdom
13674,433,1,240.68,1,1,1,111,3,Lost,United Kingdom
13675,151,2,486.82,3,2,2,322,7,Promising,United Kingdom
13676,539,2,243.9,1,2,1,121,4,Lost,United Kingdom
13677,405,2,556.19,2,2,2,222,6,Lost,United Kingdom
13678,152,1,232.6,3,1,1,311,5,Promising,United Kingdom
13679,494,3,281.26,1,3,1,131,5,Needs Attention,United Kingdom
13680,1,12,11435.67,5,5,5,555,15,Champions,United Kingdom
13681,18,4,827.83,5,3,3,533,11,Loyal Customers,United Kingdom
13682,187,1,59.5,3,1,1,311,5,Promising,United Kingdom
13683,458,1,258.6,1,1,1,111,3,Lost,United Kingdom
13684,286,4,596.98,2,3,2,232,7,Needs Attention,United Kingdom
13685,3,7,3119.44,5,4,5,545,14,Champions,United Kingdom
13686,183,3,409.04,3,3,2,332,8,Loyal Customers,United Kingdom
13687,438,1,11880.84,1,1,5,115,7,Needs Attention,United Kingdom
13688,635,1,375.5,1,1,2,112,4,Lost,United Kingdom
13689,63,2,1259.5,3,2,4,324,9,Needs Attention,United Kingdom
13690,59,1,172.25,4,1,1,411,6,New Customers,United Kingdom
13691,396,1,212.78,2,1,1,211,4,Lost,United Kingdom
13692,25,5,3114.4,4,4,5,445,13,Champions,United Kingdom
13693,374,9,2011.82,2,5,4,254,11,At Risk,United Kingdom
13694,4,143,196482.81,5,5,5,555,15,Champions,United Kingdom
13695,31,16,2770.73,4,5,4,454,13,Champions,United Kingdom
13696,422,3,2020.4,1,3,4,134,8,Needs Attention,United Kingdom
13697,39,1,151.3,4,1,1,411,6,New Customers,United Kingdom
13698,597,2,465.53000000000003,1,2,2,122,5,Lost,United Kingdom
13699,155,2,764.15,3,2,3,323,8,Needs Attention,United Kingdom
13700,26,13,2613.46,4,5,4,454,13,Champions,United Kingdom
13701,447,1,161.0,1,1,1,111,3,Lost,United Kingdom
13702,446,1,135.18,1,1,1,111,3,Lost,United Kingdom
13703,318,2,425.56,2,2,2,222,6,Lost,United Kingdom
13704,5,9,2308.06,5,5,4,554,14,Champions,United Kingdom
13705,8,7,2035.33,5,4,4,544,13,Champions,United Kingdom
13706,303,2,631.17,2,2,3,223,7,Needs Attention,United Kingdom
13707,267,5,3365.86,2,4,5,245,11,At Risk,United Kingdom
13708,271,1,296.88,2,1,2,212,5,Lost,United Kingdom
13709,4,18,7591.75,5,5,5,555,15,Champions,United Kingdom
13710,32,3,509.52,4,3,2,432,9,Loyal Customers,United Kingdom
13711,219,9,1792.26,2,5,4,254,11,At Risk,United Kingdom
13712,247,2,766.42,2,2,3,223,7,Needs Attention,United Kingdom
13713,408,3,743.26,2,3,3,233,8,Needs Attention,United Kingdom
13714,465,1,161.35,1,1,1,111,3,Lost,United Kingdom
13715,281,17,8483.289999999999,2,5,5,255,12,At Risk,United Kingdom
13716,269,1,138.28,2,1,1,211,4,Lost,United Kingdom
13717,32,8,1763.3,4,4,4,444,12,Champions,United Kingdom
13718,246,2,306.55,2,2,2,222,6,Lost,United Kingdom
13719,15,11,2815.25,5,5,4,554,14,Champions,United Kingdom
13720,117,4,799.9,3,3,3,333,9,Loyal Customers,United Kingdom
13721,36,2,741.54,4,2,3,423,9,New Customers,United Kingdom
13722,132,10,5635.41,3,5,5,355,13,Loyal Customers,United Kingdom
13723,217,6,1209.2,2,4,3,243,9,At Risk,United Kingdom
13724,637,1,213.01,1,1,1,111,3,Lost,United Kingdom
13725,50,8,1980.56,4,4,4,444,12,Champions,United Kingdom
13726,39,2,1079.66,4,2,3,423,9,New Customers,United Kingdom
13727,29,8,1080.05,4,4,3,443,11,Loyal Customers,United Kingdom
13728,37,16,2855.17,4,5,4,454,13,Champions,United Kingdom
13729,436,3,724.73,1,3,3,133,7,Needs Attention,United Kingdom
13730,136,2,752.6,3,2,3,323,8,Needs Attention,United Kingdom
13731,219,2,610.59,2,2,2,222,6,Lost,United Kingdom
13732,28,1,491.86,4,1,2,412,7,New Customers,United Kingdom
13733,411,2,487.03,1,2,2,122,5,Lost,United Kingdom
13734,509,4,6701.64,1,3,5,135,9,Needs Attention,United Kingdom
13735,25,13,9813.22,4,5,5,455,14,Champions,United Kingdom
13736,5,7,2766.21,5,4,4,544,13,Champions,United Kingdom
13737,200,1,339.6,2,1,2,212,5,Lost,United Kingdom
13738,396,1,440.93,2,1,2,212,5,Lost,United Kingdom
13739,18,2,292.2,5,2,2,522,9,New Customers,United Kingdom
13740,241,5,1597.77,2,4,4,244,10,At Risk,United Kingdom
13741,72,3,668.43,3,3,3,333,9,Loyal Customers,United Kingdom
13742,17,12,3131.02,5,5,5,555,15,Champions,United Kingdom
13743,3,7,1341.6,5,4,4,544,13,Champions,United Kingdom
13744,95,2,1156.36,3,2,3,323,8,Needs Attention,United Kingdom
13745,162,2,777.36,3,2,3,323,8,Needs Attention,United Kingdom
13746,414,1,176.69,1,1,1,111,3,Lost,United Kingdom
13747,374,2,249.39999999999998,2,2,1,221,5,Lost,United Kingdom
13748,96,9,2268.35,3,5,4,354,12,Loyal Customers,United Kingdom
13750,54,11,3602.18,4,5,5,455,14,Champions,United Kingdom
13751,288,1,296.25,2,1,2,212,5,Lost,United Kingdom
13752,124,7,1590.73,3,4,4,344,11,Loyal Customers,United Kingdom
13753,288,4,2094.57,2,3,4,234,9,Needs Attention,United Kingdom
13754,152,3,447.05,3,3,2,332,8,Loyal Customers,United Kingdom
13755,4,9,2161.35,5,5,4,554,14,Champions,United Kingdom
13756,2,23,9207.5,5,5,5,555,15,Champions,United Kingdom
13757,675,1,195.55,1,1,1,111,3,Lost,United Kingdom
13758,12,15,9416.98,5,5,5,555,15,Champions,United Kingdom
13759,33,2,659.41,4,2,3,423,9,New Customers,United Kingdom
13760,54,5,1363.6399999999999,4,4,4,444,12,Champions,United Kingdom
13761,50,6,1952.17,4,4,4,444,12,Champions,United Kingdom
13762,219,5,2472.48,2,4,4,244,10,At Risk,United Kingdom
13763,63,3,5217.44,3,3,5,335,11,Loyal Customers,United Kingdom
13764,71,6,2953.26,3,4,4,344,11,Loyal Customers,United Kingdom
13765,653,1,352.82,1,1,2,112,4,Lost,United Kingdom
13766,495,1,190.35,1,1,1,111,3,Lost,United Kingdom
13767,2,73,35540.53,5,5,5,555,15,Champions,United Kingdom
13768,727,2,875.97,1,2,3,123,6,Needs Attention,United Kingdom
13769,2,20,5800.42,5,5,5,555,15,Champions,United Kingdom
13770,422,4,785.37,1,3,3,133,7,Needs Attention,United Kingdom
13771,64,9,5728.82,3,5,5,355,13,Loyal Customers,United Kingdom
13772,34,8,3114.22,4,4,5,445,13,Champions,United Kingdom
13773,397,2,301.54,2,2,2,222,6,Lost,United Kingdom
13774,82,1,345.0,3,1,2,312,6,Promising,United Kingdom
13775,591,1,1049.66,1,1,3,113,5,Needs Attention,United Kingdom
13776,428,2,623.98,1,2,3,123,6,Needs Attention,United Kingdom
13777,1,61,56478.42,5,5,5,555,15,Champions,United Kingdom
13778,103,4,1124.49,3,3,3,333,9,Loyal Customers,United Kingdom
13779,516,1,161.13,1,1,1,111,3,Lost,United Kingdom
13780,7,3,735.8199999999999,5,3,3,533,11,Loyal Customers,United Kingdom
13781,251,3,778.83,2,3,3,233,8,Needs Attention,United Kingdom
13782,13,13,1793.72,5,5,4,554,14,Champions,United Kingdom
13783,488,4,1542.09,1,3,4,134,8,Needs Attention,United Kingdom
13784,10,14,2910.23,5,5,4,554,14,Champions,United Kingdom
13785,429,4,542.49,1,3,2,132,6,Needs Attention,United Kingdom
13786,367,6,3358.94,2,4,5,245,11,At Risk,United Kingdom
13787,76,6,1222.5,3,4,3,343,10,Loyal Customers,United Kingdom
13788,505,1,3.75,1,1,1,111,3,Lost,United Kingdom
13789,388,1,239.46,2,1,1,211,4,Lost,United Kingdom
13790,4,1,348.8,5,1,2,512,8,New Customers,United Kingdom
13791,128,2,1516.0,3,2,4,324,9,Needs Attention,United Kingdom
13792,66,3,383.95,3,3,2,332,8,Loyal Customers,United Kingdom
13793,647,1,96.0,1,1,1,111,3,Lost,United Kingdom
13794,547,1,126.03,1,1,1,111,3,Lost,United Kingdom
13795,388,4,836.3,2,3,3,233,8,Needs Attention,United Kingdom
13796,499,1,289.7,1,1,1,111,3,Lost,United Kingdom
13797,437,3,1179.45,1,3,3,133,7,Needs Attention,United Kingdom
13798,1,110,75836.87,5,5,5,555,15,Champions,United Kingdom
13799,117,9,2803.57,3,5,4,354,12,Loyal Customers,United Kingdom
13800,310,3,1679.56,2,3,4,234,9,Needs Attention,United Kingdom
13801,67,1,324.8,3,1,2,312,6,Promising,United Kingdom
13802,139,19,26259.11,3,5,5,355,13,Loyal Customers,United Kingdom
13803,255,3,1338.91,2,3,4,234,9,Needs Attention,United Kingdom
13804,31,9,3208.52,4,5,5,455,14,Champions,United Kingdom
13805,52,2,924.5999999999999,4,2,3,423,9,New Customers,United Kingdom
13806,64,1,256.38,3,1,1,311,5,Promising,United Kingdom
13807,367,3,534.8,2,3,2,232,7,Needs Attention,United Kingdom
13808,6,5,1747.66,5,4,4,544,13,Champions,United Kingdom
13809,305,3,679.6999999999999,2,3,3,233,8,Needs Attention,Cyprus
13810,29,3,1499.01,4,3,4,434,11,Loyal Customers,Germany
13811,184,3,814.5,3,3,3,333,9,Loyal Customers,Germany
13812,42,3,539.0,4,3,2,432,9,Loyal Customers,Germany
13813,40,8,2765.47,4,4,4,444,12,Champions,Germany
13814,92,3,2257.32,3,3,4,334,10,Loyal Customers,Germany
13815,22,8,7475.74,4,4,5,445,13,Champions,Germany
13816,24,2,571.67,4,2,2,422,8,New Customers,Germany
13817,29,2,382.98,4,2,2,422,8,New Customers,Germany
13818,430,1,61.28,1,1,1,111,3,Lost,United Kingdom
13819,302,6,2642.35,2,4,4,244,10,At Risk,United Kingdom
13820,418,3,660.65,1,3,3,133,7,Needs Attention,United Kingdom
13821,145,6,1410.73,3,4,4,344,11,Loyal Customers,United Kingdom
13822,6,2,632.0,5,2,3,523,10,New Customers,United Kingdom
13823,19,7,3403.45,5,4,5,545,14,Champions,United Kingdom
13824,33,12,3314.76,4,5,5,455,14,Champions,United Kingdom
13825,622,2,255.59,1,2,1,121,4,Lost,United Kingdom
13826,176,1,189.5,3,1,1,311,5,Promising,United Kingdom
13827,58,3,412.05,4,3,2,432,9,Loyal Customers,United Kingdom
13828,22,1,209.49,4,1,1,411,6,New Customers,United Kingdom
13829,421,1,102.0,1,1,1,111,3,Lost,United Kingdom
13830,582,1,156.85,1,1,1,111,3,Lost,United Kingdom
13831,16,18,7023.58,5,5,5,555,15,Champions,United Kingdom
13832,19,2,613.6899999999999,5,2,2,522,9,New Customers,United Kingdom
13833,159,2,701.36,3,2,3,323,8,Needs Attention,United Kingdom
13834,577,2,324.19,1,2,2,122,5,Lost,United Kingdom
13835,25,7,1095.27,4,4,3,443,11,Loyal Customers,United Kingdom
13836,399,2,620.37,2,2,3,223,7,Needs Attention,United Kingdom
13837,212,2,271.24,2,2,1,221,5,Lost,United Kingdom
13838,6,10,1966.09,5,5,4,554,14,Champions,United Kingdom
13839,486,1,139.95000000000002,1,1,1,111,3,Lost,United Kingdom
13840,416,1,651.4,1,1,3,113,5,Needs Attention,United Kingdom
13841,253,1,85.0,2,1,1,211,4,Lost,United Kingdom
13842,59,18,5629.91,4,5,5,455,14,Champions,United Kingdom
13843,381,1,319.75,2,1,2,212,5,Lost,United Kingdom
13844,11,1,361.62,5,1,2,512,8,New Customers,United Kingdom
13845,65,1,312.98,3,1,2,312,6,Promising,United Kingdom
13846,25,4,1307.79,4,3,4,434,11,Loyal Customers,United Kingdom
13847,720,1,310.72,1,1,2,112,4,Lost,United Kingdom
13848,92,8,3335.0,3,4,5,345,12,Loyal Customers,United Kingdom
13849,52,5,3469.3,4,4,5,445,13,Champions,United Kingdom
13850,129,1,1595.48,3,1,4,314,8,Needs Attention,United Kingdom
13851,96,8,4606.46,3,4,5,345,12,Loyal Customers,United Kingdom
13852,611,1,187.35,1,1,1,111,3,Lost,United Kingdom
13853,57,1,1090.1399999999999,4,1,3,413,8,New Customers,United Kingdom
13854,9,39,12253.96,5,5,5,555,15,Champions,United Kingdom
13855,501,4,1310.34,1,3,4,134,8,Needs Attention,United Kingdom
13856,169,11,1142.03,3,5,3,353,11,Loyal Customers,United Kingdom
13857,393,6,1001.01,2,4,3,243,9,At Risk,United Kingdom
13858,57,1,216.17000000000002,4,1,1,411,6,New Customers,United Kingdom
13859,326,2,515.86,2,2,2,222,6,Lost,United Kingdom
13860,1,5,1245.9,5,4,3,543,12,Loyal Customers,United Kingdom
13861,429,2,273.26,1,2,1,121,4,Lost,United Kingdom
13862,18,9,2556.09,5,5,4,554,14,Champions,United Kingdom
13863,248,4,1239.55,2,3,3,233,8,Needs Attention,United Kingdom
13864,387,1,662.4,2,1,3,213,6,Needs Attention,United Kingdom
13865,58,4,501.56,4,3,2,432,9,Loyal Customers,United Kingdom
13866,74,1,145.67,3,1,1,311,5,Promising,United Kingdom
13867,31,3,1015.29,4,3,3,433,10,Loyal Customers,United Kingdom
13868,7,2,3192.54,5,2,5,525,12,New Customers,United Kingdom
13869,123,10,8111.57,3,5,5,355,13,Loyal Customers,United Kingdom
13870,2,15,5712.08,5,5,5,555,15,Champions,United Kingdom
13871,23,17,7885.85,4,5,5,455,14,Champions,United Kingdom
13872,527,3,919.57,1,3,3,133,7,Needs Attention,United Kingdom
13873,120,8,1038.92,3,4,3,343,10,Loyal Customers,United Kingdom
13874,358,7,2049.15,2,4,4,244,10,At Risk,United Kingdom
13875,54,14,4814.37,4,5,5,455,14,Champions,United Kingdom
13876,64,1,122.7,3,1,1,311,5,Promising,United Kingdom
13877,86,3,449.68,3,3,2,332,8,Loyal Customers,United Kingdom
13878,55,4,2473.06,4,3,4,434,11,Loyal Customers,United Kingdom
13879,646,1,395.5,1,1,2,112,4,Lost,United Kingdom
13880,21,17,4391.66,4,5,5,455,14,Champions,United Kingdom
13881,4,43,45179.1,5,5,5,555,15,Champions,United Kingdom
13882,3,5,1191.13,5,4,3,543,12,Loyal Customers,United Kingdom
13883,11,15,6560.0199999999995,5,5,5,555,15,Champions,United Kingdom
13884,7,10,1888.48,5,5,4,554,14,Champions,United Kingdom
13885,189,2,506.8,3,2,2,322,7,Promising,United Kingdom
13886,71,1,243.56,3,1,1,311,5,Promising,United Kingdom
13887,204,1,349.55,2,1,2,212,5,Lost,United Kingdom
13888,120,7,2169.05,3,4,4,344,11,Loyal Customers,United Kingdom
13889,93,6,1991.23,3,4,4,344,11,Loyal Customers,United Kingdom
13890,1,14,2927.38,5,5,4,554,14,Champions,United Kingdom
13891,378,3,863.56,2,3,3,233,8,Needs Attention,United Kingdom
13892,27,6,1267.65,4,4,4,444,12,Champions,United Kingdom
13893,298,1,821.1,2,1,3,213,6,Needs Attention,United Kingdom
13894,24,3,564.62,4,3,2,432,9,Loyal Customers,United Kingdom
13895,28,6,4008.52,4,4,5,445,13,Champions,United Kingdom
13896,626,1,388.55,1,1,2,112,4,Lost,United Kingdom
13897,50,3,1160.72,4,3,3,433,10,Loyal Customers,United Kingdom
13898,326,2,686.4,2,2,3,223,7,Needs Attention,United Kingdom
13899,16,2,388.52,5,2,2,522,9,New Customers,United Kingdom
13900,183,6,1610.59,3,4,4,344,11,Loyal Customers,United Kingdom
13901,72,15,5676.34,3,5,5,355,13,Loyal Customers,United Kingdom
13902,632,5,34095.26,1,4,5,145,10,At Risk,Denmark
13903,400,1,165.45000000000002,2,1,1,211,4,Lost,United Kingdom
13904,37,2,332.64,4,2,2,422,8,New Customers,United Kingdom
13905,733,1,312.65,1,1,2,112,4,Lost,United Kingdom
13906,409,1,42.0,2,1,1,211,4,Lost,United Kingdom
13907,692,1,136.79999999999998,1,1,1,111,3,Lost,United Kingdom
13908,80,4,2369.55,3,3,4,334,10,Loyal Customers,United Kingdom
13909,423,2,286.6,1,2,1,121,4,Lost,United Kingdom
13911,57,20,4234.99,4,5,5,455,14,Champions,United Kingdom
13912,424,1,124.95,1,1,1,111,3,Lost,United Kingdom
13913,507,1,42.22,1,1,1,111,3,Lost,United Kingdom
13914,12,2,626.45,5,2,3,523,10,New Customers,United Kingdom
13915,394,1,70.8,2,1,1,211,4,Lost,United Kingdom
13916,464,4,1275.81,1,3,4,134,8,Needs Attention,United Kingdom
13917,50,2,272.04,4,2,1,421,7,New Customers,United Kingdom
13918,50,2,1212.84,4,2,3,423,9,New Customers,United Kingdom
13919,59,4,1360.68,4,3,4,434,11,Loyal Customers,Denmark
13920,432,4,1774.68,1,3,4,134,8,Needs Attention,United Kingdom
13921,402,4,730.7,2,3,3,233,8,Needs Attention,United Kingdom
13922,352,3,865.2,2,3,3,233,8,Needs Attention,United Kingdom
13923,54,1,351.13,4,1,2,412,7,New Customers,United Kingdom
13924,2,6,1838.85,5,4,4,544,13,Champions,United Kingdom
13925,93,4,678.25,3,3,3,333,9,Loyal Customers,United Kingdom
13926,23,1,223.85,4,1,1,411,6,New Customers,United Kingdom
13927,75,2,708.26,3,2,3,323,8,Needs Attention,United Kingdom
13928,11,4,464.57,5,3,2,532,10,Loyal Customers,United Kingdom
13929,169,11,3494.1,3,5,5,355,13,Loyal Customers,United Kingdom
13930,58,2,337.34,4,2,2,422,8,New Customers,United Kingdom
13931,96,11,5257.38,3,5,5,355,13,Loyal Customers,United Kingdom
13932,295,1,307.4,2,1,2,212,5,Lost,United Kingdom
13933,109,2,608.79,3,2,2,322,7,Promising,United Kingdom
13934,264,1,922.1,2,1,3,213,6,Needs Attention,United Kingdom
13935,597,3,6116.92,1,3,5,135,9,Needs Attention,United Kingdom
13936,180,3,939.66,3,3,3,333,9,Loyal Customers,United Kingdom
13937,169,2,880.13,3,2,3,323,8,Needs Attention,United Kingdom
13938,35,1,71.66,4,1,1,411,6,New Customers,United Kingdom
13939,23,7,1560.96,4,4,4,444,12,Champions,United Kingdom
13940,17,4,839.14,5,3,3,533,11,Loyal Customers,United Kingdom
13941,22,15,11122.3,4,5,5,455,14,Champions,United Kingdom
13942,535,1,320.0,1,1,2,112,4,Lost,United Kingdom
13943,578,1,246.54,1,1,1,111,3,Lost,United Kingdom
13944,653,1,200.43,1,1,1,111,3,Lost,United Kingdom
13945,395,2,854.15,2,2,3,223,7,Needs Attention,United Kingdom
13946,79,6,1876.23,3,4,4,344,11,Loyal Customers,United Kingdom
13947,65,1,90.6,3,1,1,311,5,Promising,United Kingdom
13948,361,4,548.76,2,3,2,232,7,Needs Attention,United Kingdom
13949,3,6,2427.3199999999997,5,4,4,544,13,Champions,United Kingdom
13950,11,4,745.06,5,3,3,533,11,Loyal Customers,United Kingdom
13951,176,3,674.45,3,3,3,333,9,Loyal Customers,United Kingdom
13952,218,14,12823.52,2,5,5,255,12,At Risk,United Kingdom
13953,7,12,6640.68,5,5,5,555,15,Champions,United Kingdom
13954,2,2,439.92,5,2,2,522,9,New Customers,United Kingdom
13955,154,3,545.17,3,3,2,332,8,Loyal Customers,United Kingdom
13956,5,5,1026.42,5,4,3,543,12,Loyal Customers,United Kingdom
13957,418,3,458.25,1,3,2,132,6,Needs Attention,United Kingdom
13958,380,8,4709.23,2,4,5,245,11,At Risk,United Kingdom
13959,79,6,1076.18,3,4,3,343,10,Loyal Customers,United Kingdom
13960,21,2,230.22,4,2,1,421,7,New Customers,United Kingdom
13961,392,1,538.4,2,1,2,212,5,Lost,United Kingdom
13962,22,3,362.8,4,3,2,432,9,Loyal Customers,United Kingdom
13963,308,17,3011.87,2,5,5,255,12,At Risk,United Kingdom
13964,387,2,438.9,2,2,2,222,6,Lost,United Kingdom
13965,477,3,996.61,1,3,3,133,7,Needs Attention,United Kingdom
13966,435,1,390.85999999999996,1,1,2,112,4,Lost,United Kingdom
13967,146,2,166.3,3,2,1,321,6,Promising,United Kingdom
13968,423,1,123.66,1,1,1,111,3,Lost,United Kingdom
13969,7,35,13365.87,5,5,5,555,15,Champions,United Kingdom
13970,386,2,846.55,2,2,3,223,7,Needs Attention,United Kingdom
13971,19,14,4667.57,5,5,5,555,15,Champions,United Kingdom
13972,71,2,190.25,3,2,1,321,6,Promising,United Kingdom
13973,287,1,264.7,2,1,1,211,4,Lost,United Kingdom
13974,49,2,677.72,4,2,3,423,9,New Customers,United Kingdom
13975,31,12,5358.84,4,5,5,455,14,Champions,United Kingdom
13976,207,4,1192.3600000000001,2,3,3,233,8,Needs Attention,United Kingdom
13977,411,1,519.81,1,1,2,112,4,Lost,United Kingdom
13978,15,2,196.79,5,2,1,521,8,New Customers,United Kingdom
13979,73,7,3416.23,3,4,5,345,12,Loyal Customers,United Kingdom
13980,60,5,799.92,3,4,3,343,10,Loyal Customers,United Kingdom
13981,416,1,331.14,1,1,2,112,4,Lost,United Kingdom
13982,39,9,4445.59,4,5,5,455,14,Champions,United Kingdom
13983,30,21,7108.45,4,5,5,455,14,Champions,United Kingdom
13984,27,12,2048.6,4,5,4,454,13,Champions,United Kingdom
13985,4,22,10020.86,5,5,5,555,15,Champions,United Kingdom
13986,17,1,320.46,5,1,2,512,8,New Customers,United Kingdom
13987,380,2,682.54,2,2,3,223,7,Needs Attention,United Kingdom
13988,20,8,4757.8,4,4,5,445,13,Champions,United Kingdom
13989,66,5,2026.06,3,4,4,344,11,Loyal Customers,United Kingdom
13990,213,1,311.3,2,1,2,212,5,Lost,United Kingdom
13991,12,6,855.97,5,4,3,543,12,Loyal Customers,United Kingdom
13992,30,3,219.5,4,3,1,431,8,Loyal Customers,United Kingdom
13993,43,19,6775.71,4,5,5,455,14,Champions,United Kingdom
13994,4,6,2313.14,5,4,4,544,13,Champions,United Kingdom
13995,15,14,3902.0099999999998,5,5,5,555,15,Champions,United Kingdom
13996,386,2,895.76,2,2,3,223,7,Needs Attention,United Kingdom
13997,519,3,382.31,1,3,2,132,6,Needs Attention,United Kingdom
13998,447,3,566.7,1,3,2,132,6,Needs Attention,United Kingdom
13999,10,29,9502.26,5,5,5,555,15,Champions,United Kingdom
14000,211,5,2046.34,2,4,4,244,10,At Risk,United Kingdom
14001,46,9,4530.09,4,5,5,455,14,Champions,United Kingdom
14002,134,2,529.73,3,2,2,322,7,Promising,United Kingdom
14003,733,1,209.41,1,1,1,111,3,Lost,United Kingdom
14004,43,11,6258.45,4,5,5,455,14,Champions,United Kingdom
14005,10,5,2874.72,5,4,4,544,13,Champions,United Kingdom
14006,116,7,2196.67,3,4,4,344,11,Loyal Customers,United Kingdom
14007,513,1,79.48,1,1,1,111,3,Lost,United Kingdom
14008,432,1,509.04,1,1,2,112,4,Lost,United Kingdom
14009,198,3,1099.91,2,3,3,233,8,Needs Attention,United Kingdom
14010,565,2,445.15,1,2,2,122,5,Lost,United Kingdom
14011,480,2,457.82,1,2,2,122,5,Lost,United Kingdom
14012,278,1,328.8,2,1,2,212,5,Lost,United Kingdom
14013,110,5,1084.57,3,4,3,343,10,Loyal Customers,United Kingdom
14014,77,3,1948.21,3,3,4,334,10,Loyal Customers,United Kingdom
14015,53,1,917.34,4,1,3,413,8,New Customers,United Kingdom
14016,162,11,11403.41,3,5,5,355,13,Loyal Customers,EIRE
14017,571,1,229.75,1,1,1,111,3,Lost,United Kingdom
14018,645,1,367.15,1,1,2,112,4,Lost,United Kingdom
14019,47,3,1421.61,4,3,4,434,11,Loyal Customers,United Kingdom
14020,17,4,1249.01,5,3,4,534,12,Loyal Customers,United Kingdom
14021,155,7,1716.58,3,4,4,344,11,Loyal Customers,United Kingdom
14022,225,2,792.15,2,2,3,223,7,Needs Attention,United Kingdom
14023,7,2,584.0699999999999,5,2,2,522,9,New Customers,United Kingdom
14024,122,3,645.74,3,3,3,333,9,Loyal Customers,United Kingdom
14025,465,8,4057.9,1,4,5,145,10,At Risk,United Kingdom
14026,471,2,713.11,1,2,3,123,6,Needs Attention,United Kingdom
14027,61,1,104.82,3,1,1,311,5,Promising,United Kingdom
14028,550,3,10396.5,1,3,5,135,9,Needs Attention,United Kingdom
14029,63,2,467.66,3,2,2,322,7,Promising,United Kingdom
14030,18,20,8262.29,5,5,5,555,15,Champions,United Kingdom
14031,7,44,40999.17,5,5,5,555,15,Champions,United Kingdom
14032,2,16,4850.27,5,5,5,555,15,Champions,United Kingdom
14033,555,1,109.44,1,1,1,111,3,Lost,United Kingdom
14034,22,3,651.82,4,3,3,433,10,Loyal Customers,United Kingdom
14035,29,9,2856.72,4,5,4,454,13,Champions,United Kingdom
14036,285,1,626.65,2,1,3,213,6,Needs Attention,United Kingdom
14037,176,6,836.95,3,4,3,343,10,Loyal Customers,United Kingdom
14038,78,5,3069.88,3,4,5,345,12,Loyal Customers,United Kingdom
14039,33,2,267.28,4,2,1,421,7,New Customers,United Kingdom
14040,41,35,12645.57,4,5,5,455,14,Champions,United Kingdom
14041,266,1,141.41,2,1,1,211,4,Lost,United Kingdom
14042,725,1,431.98,1,1,2,112,4,Lost,United Kingdom
14043,491,2,304.25,1,2,2,122,5,Lost,United Kingdom
14044,27,10,3123.1,4,5,5,455,14,Champions,United Kingdom
14045,109,16,11313.03,3,5,5,355,13,Loyal Customers,United Kingdom
14046,284,1,154.99,2,1,1,211,4,Lost,United Kingdom
14047,9,14,4255.03,5,5,5,555,15,Champions,United Kingdom
14048,305,3,748.69,2,3,3,233,8,Needs Attention,United Kingdom
14049,17,13,13239.03,5,5,5,555,15,Champions,United Kingdom
14050,32,2,746.36,4,2,3,423,9,New Customers,United Kingdom
14051,1,37,22434.0,5,5,5,555,15,Champions,United Kingdom
14052,20,2,480.81,4,2,2,422,8,New Customers,United Kingdom
14053,124,4,572.3,3,3,2,332,8,Loyal Customers,United Kingdom
14054,65,1,92.46000000000001,3,1,1,311,5,Promising,United Kingdom
14055,106,3,1520.96,3,3,4,334,10,Loyal Customers,United Kingdom
14056,1,23,8214.65,5,5,5,555,15,Champions,United Kingdom
14057,24,22,8408.84,4,5,5,455,14,Champions,United Kingdom
14058,463,2,469.19,1,2,2,122,5,Lost,United Kingdom
14059,267,1,183.6,2,1,1,211,4,Lost,United Kingdom
14060,5,30,9519.08,5,5,5,555,15,Champions,United Kingdom
14061,507,3,917.4300000000001,1,3,3,133,7,Needs Attention,United Kingdom
14062,10,24,25604.2,5,5,5,555,15,Champions,United Kingdom
14063,438,9,22710.2,1,5,5,155,11,At Risk,United Kingdom
14064,29,15,3332.42,4,5,5,455,14,Champions,United Kingdom
14065,389,3,891.02,2,3,3,233,8,Needs Attention,United Kingdom
14066,267,1,152.55,2,1,1,211,4,Lost,United Kingdom
14067,64,2,374.7,3,2,2,322,7,Promising,United Kingdom
14068,320,4,1528.37,2,3,4,234,9,Needs Attention,United Kingdom
14069,515,2,230.06,1,2,1,121,4,Lost,United Kingdom
14070,685,1,326.55,1,1,2,112,4,Lost,United Kingdom
14071,4,8,1438.82,5,4,4,544,13,Champions,United Kingdom
14072,667,1,390.85,1,1,2,112,4,Lost,United Kingdom
14073,32,1,151.04,4,1,1,411,6,New Customers,United Kingdom
14074,623,1,219.4,1,1,1,111,3,Lost,United Kingdom
14075,5,6,1734.87,5,4,4,544,13,Champions,United Kingdom
14076,129,1,122.47,3,1,1,311,5,Promising,United Kingdom
14077,41,6,615.08,4,4,2,442,10,Loyal Customers,United Kingdom
14078,102,9,1692.63,3,5,4,354,12,Loyal Customers,United Kingdom
14079,125,2,618.73,3,2,3,323,8,Needs Attention,United Kingdom
14080,33,5,1115.68,4,4,3,443,11,Loyal Customers,United Kingdom
14081,302,10,5370.1,2,5,5,255,12,At Risk,United Kingdom
14082,365,2,413.36,2,2,2,222,6,Lost,United Kingdom
14083,4,11,1407.26,5,5,4,554,14,Champions,United Kingdom
14084,512,1,150.5,1,1,1,111,3,Lost,United Kingdom
14085,2,33,10104.97,5,5,5,555,15,Champions,United Kingdom
14086,463,1,39.95,1,1,1,111,3,Lost,United Kingdom
14087,3,3,846.22,5,3,3,533,11,Loyal Customers,United Kingdom
14088,10,16,64036.8,5,5,5,555,15,Champions,United Kingdom
14089,57,1,161.0,4,1,1,411,6,New Customers,United Kingdom
14090,325,1,76.32,2,1,1,211,4,Lost,United Kingdom
14091,654,2,9530.08,1,2,5,125,8,Needs Attention,United Kingdom
14092,8,24,7229.45,5,5,5,555,15,Champions,United Kingdom
14093,12,1,442.85,5,1,2,512,8,New Customers,United Kingdom
14094,440,1,335.21999999999997,1,1,2,112,4,Lost,United Kingdom
14095,723,1,2.95,1,1,1,111,3,Lost,United Kingdom
14096,4,17,65164.79,5,5,5,555,15,Champions,United Kingdom
14097,481,2,422.86,1,2,2,122,5,Lost,United Kingdom
14098,37,1,147.35,4,1,1,411,6,New Customers,United Kingdom
14099,16,20,5765.71,5,5,5,555,15,Champions,United Kingdom
14100,138,1,194.9,3,1,1,311,5,Promising,United Kingdom
14101,74,13,9961.93,3,5,5,355,13,Loyal Customers,United Kingdom
14102,5,5,1360.28,5,4,4,544,13,Champions,United Kingdom
14104,155,5,771.58,3,4,3,343,10,Loyal Customers,United Kingdom
14105,239,5,5988.83,2,4,5,245,11,At Risk,United Kingdom
14106,737,1,214.8,1,1,1,111,3,Lost,United Kingdom
14107,52,11,4877.3,4,5,5,455,14,Champions,United Kingdom
14108,31,4,1044.96,4,3,3,433,10,Loyal Customers,United Kingdom
14109,73,1,144.2,3,1,1,311,5,Promising,United Kingdom
14110,4,33,12987.95,5,5,5,555,15,Champions,United Kingdom
14111,14,4,692.85,5,3,3,533,11,Loyal Customers,United Kingdom
14112,23,13,5834.59,4,5,5,455,14,Champions,United Kingdom
14113,4,16,7092.61,5,5,5,555,15,Champions,United Kingdom
14114,274,7,1364.09,2,4,4,244,10,At Risk,United Kingdom
14115,502,2,622.67,1,2,3,123,6,Needs Attention,United Kingdom
14116,20,5,1382.74,4,4,4,444,12,Champions,United Kingdom
14117,144,1,90.0,3,1,1,311,5,Promising,United Kingdom
14118,429,1,458.45,1,1,2,112,4,Lost,United Kingdom
14119,376,2,183.37,2,2,1,221,5,Lost,United Kingdom
14121,4,4,2780.15,5,3,4,534,12,Loyal Customers,United Kingdom
14122,406,3,362.42,2,3,2,232,7,Needs Attention,United Kingdom
14123,733,1,436.18,1,1,2,112,4,Lost,United Kingdom
14124,84,1,419.58,3,1,2,312,6,Promising,United Kingdom
14125,11,3,2740.43,5,3,4,534,12,Loyal Customers,United Kingdom
14126,8,4,1172.46,5,3,3,533,11,Loyal Customers,United Kingdom
14127,123,6,1900.08,3,4,4,344,11,Loyal Customers,United Kingdom
14128,61,3,924.21,3,3,3,333,9,Loyal Customers,United Kingdom
14129,2,9,2591.34,5,5,4,554,14,Champions,United Kingdom
14130,319,4,1882.67,2,3,4,234,9,Needs Attention,United Kingdom
14131,649,1,187.87,1,1,1,111,3,Lost,United Kingdom
14132,2,11,3586.0299999999997,5,5,5,555,15,Champions,United Kingdom
14133,130,4,911.14,3,3,3,333,9,Loyal Customers,United Kingdom
14134,383,15,11123.35,2,5,5,255,12,At Risk,United Kingdom
14135,2,24,9643.92,5,5,5,555,15,Champions,United Kingdom
14136,401,5,1570.81,2,4,4,244,10,At Risk,United Kingdom
14137,696,1,332.7,1,1,2,112,4,Lost,United Kingdom
14138,2,2,982.38,5,2,3,523,10,New Customers,United Kingdom
14139,46,4,1086.8,4,3,3,433,10,Loyal Customers,United Kingdom
14140,4,2,935.05,5,2,3,523,10,New Customers,United Kingdom
14141,3,4,915.13,5,3,3,533,11,Loyal Customers,United Kingdom
14142,373,2,983.15,2,2,3,223,7,Needs Attention,United Kingdom
14143,134,1,115.8,3,1,1,311,5,Promising,United Kingdom
14144,486,1,30.6,1,1,1,111,3,Lost,United Kingdom
14145,47,7,7600.05,4,4,5,445,13,Champions,United Kingdom
14146,9,12,9450.3,5,5,5,555,15,Champions,United Kingdom
14147,78,9,2590.2,3,5,4,354,12,Loyal Customers,United Kingdom
14148,234,2,466.29,2,2,2,222,6,Lost,United Kingdom
14149,221,1,446.62,2,1,2,212,5,Lost,United Kingdom
14150,36,2,658.64,4,2,3,423,9,New Customers,United Kingdom
14151,673,2,679.45,1,2,3,123,6,Needs Attention,United Kingdom
14152,75,7,1997.34,3,4,4,344,11,Loyal Customers,United Kingdom
14153,483,1,233.39999999999998,1,1,1,111,3,Lost,United Kingdom
14154,239,8,6460.7,2,4,5,245,11,At Risk,United Kingdom
14155,266,1,118.75,2,1,1,211,4,Lost,United Kingdom
14156,10,156,313946.37,5,5,5,555,15,Champions,EIRE
14157,20,5,1002.78,4,4,3,443,11,Loyal Customers,United Kingdom
14158,40,1,507.65999999999997,4,1,2,412,7,New Customers,United Kingdom
14159,20,20,7938.01,4,5,5,455,14,Champions,United Kingdom
14160,610,7,8421.47,1,4,5,145,10,At Risk,United Kingdom
14161,216,7,3318.88,2,4,5,245,11,At Risk,United Kingdom
14162,174,2,289.36,3,2,1,321,6,Promising,United Kingdom
14163,87,5,2594.62,3,4,4,344,11,Loyal Customers,United Kingdom
14164,71,2,1631.77,3,2,4,324,9,Needs Attention,United Kingdom
14165,276,1,122.53999999999999,2,1,1,211,4,Lost,United Kingdom
14166,505,2,256.85,1,2,1,121,4,Lost,United Kingdom
14167,39,8,1296.49,4,4,4,444,12,Champions,United Kingdom
14168,421,2,370.45,1,2,2,122,5,Lost,United Kingdom
14169,431,2,624.43,1,2,3,123,6,Needs Attention,United Kingdom
14170,375,3,597.33,2,3,2,232,7,Needs Attention,United Kingdom
14171,98,2,498.79,3,2,2,322,7,Promising,United Kingdom
14172,605,3,402.71999999999997,1,3,2,132,6,Needs Attention,United Kingdom
14173,11,6,586.0,5,4,2,542,11,Loyal Customers,United Kingdom
14174,33,1,134.46,4,1,1,411,6,New Customers,United Kingdom
14175,60,8,7678.88,3,4,5,345,12,Loyal Customers,United Kingdom
14176,297,5,916.01,2,4,3,243,9,At Risk,United Kingdom
14177,86,13,2229.34,3,5,4,354,12,Loyal Customers,United Kingdom
14178,9,7,1620.93,5,4,4,544,13,Champions,United Kingdom
14179,41,2,719.78,4,2,3,423,9,New Customers,United Kingdom
14180,11,33,6319.25,5,5,5,555,15,Champions,United Kingdom
14181,411,2,310.55,1,2,2,122,5,Lost,United Kingdom
14182,444,4,678.77,1,3,3,133,7,Needs Attention,United Kingdom
14183,411,2,286.29,1,2,1,121,4,Lost,United Kingdom
14184,67,1,452.89,3,1,2,312,6,Promising,United Kingdom
14185,331,1,197.65,2,1,1,211,4,Lost,United Kingdom
14186,427,5,1550.6299999999999,1,4,4,144,9,At Risk,United Kingdom
14187,474,1,123.5,1,1,1,111,3,Lost,United Kingdom
14188,31,6,2054.36,4,4,4,444,12,Champions,United Kingdom
14189,2,16,5814.39,5,5,5,555,15,Champions,United Kingdom
14190,666,1,79.9,1,1,1,111,3,Lost,United Kingdom
14191,2,15,4817.66,5,5,5,555,15,Champions,United Kingdom
14192,388,1,293.74,2,1,2,212,5,Lost,United Kingdom
14193,68,3,1210.19,3,3,3,333,9,Loyal Customers,United Kingdom
14194,5,36,18670.59,5,5,5,555,15,Champions,United Kingdom
14195,202,6,2615.6,2,4,4,244,10,At Risk,United Kingdom
14196,107,1,335.52,3,1,2,312,6,Promising,United Kingdom
14197,411,1,390.05,1,1,2,112,4,Lost,United Kingdom
14198,18,9,1569.73,5,5,4,554,14,Champions,United Kingdom
14199,218,4,1091.7,2,3,3,233,8,Needs Attention,United Kingdom
14200,617,1,379.2,1,1,2,112,4,Lost,United Kingdom
14201,60,10,1193.54,3,5,3,353,11,Loyal Customers,United Kingdom
14202,381,3,847.76,2,3,3,233,8,Needs Attention,United Kingdom
14203,397,1,339.34,2,1,2,212,5,Lost,United Kingdom
14204,2,4,1062.96,5,3,3,533,11,Loyal Customers,United Kingdom
14205,17,9,2414.2,5,5,4,554,14,Champions,United Kingdom
14206,239,3,1185.01,2,3,3,233,8,Needs Attention,United Kingdom
14207,688,1,157.8,1,1,1,111,3,Lost,United Kingdom
14208,95,2,567.05,3,2,2,322,7,Promising,United Kingdom
14209,11,15,4993.2699999999995,5,5,5,555,15,Champions,United Kingdom
14210,106,16,5861.5199999999995,3,5,5,355,13,Loyal Customers,United Kingdom
14211,53,18,4402.29,4,5,5,455,14,Champions,United Kingdom
14212,90,2,2190.14,3,2,4,324,9,Needs Attention,United Kingdom
14213,405,1,1192.2,2,1,3,213,6,Needs Attention,United Kingdom
14214,31,5,1004.38,4,4,3,443,11,Loyal Customers,United Kingdom
14215,12,9,3416.33,5,5,5,555,15,Champions,United Kingdom
14216,3,5,2150.04,5,4,4,544,13,Champions,United Kingdom
14217,2,23,3416.89,5,5,5,555,15,Champions,United Kingdom
14218,43,1,169.48,4,1,1,411,6,New Customers,United Kingdom
14219,4,3,633.83,5,3,3,533,11,Loyal Customers,United Kingdom
14220,247,4,1515.0,2,3,4,234,9,Needs Attention,United Kingdom
14221,42,17,6517.49,4,5,5,455,14,Champions,United Kingdom
14222,177,1,683.17,3,1,3,313,7,Needs Attention,United Kingdom
14223,92,3,991.13,3,3,3,333,9,Loyal Customers,United Kingdom
14224,110,9,1897.9,3,5,4,354,12,Loyal Customers,United Kingdom
14225,435,4,2037.02,1,3,4,134,8,Needs Attention,United Kingdom
14226,29,6,3002.5299999999997,4,4,5,445,13,Champions,United Kingdom
14227,26,15,6368.71,4,5,5,455,14,Champions,United Kingdom
14228,438,3,745.5,1,3,3,133,7,Needs Attention,United Kingdom
14229,52,7,2594.04,4,4,4,444,12,Champions,United Kingdom
14230,436,3,979.8,1,3,3,133,7,Needs Attention,United Kingdom
14231,184,4,1235.62,3,3,3,333,9,Loyal Customers,United Kingdom
14232,43,5,2048.07,4,4,4,444,12,Champions,United Kingdom
14233,49,7,2904.27,4,4,4,444,12,Champions,United Kingdom
14234,22,4,775.46,4,3,3,433,10,Loyal Customers,United Kingdom
14235,75,9,4717.99,3,5,5,355,13,Loyal Customers,United Kingdom
14236,81,5,1744.64,3,4,4,344,11,Loyal Customers,United Kingdom
14237,373,2,632.14,2,2,3,223,7,Needs Attention,United Kingdom
14238,326,3,434.23,2,3,2,232,7,Needs Attention,United Kingdom
14239,43,21,4263.17,4,5,5,455,14,Champions,United Kingdom
14240,30,3,1247.49,4,3,3,433,10,Loyal Customers,United Kingdom
14241,184,2,333.7,3,2,2,322,7,Promising,United Kingdom
14242,235,2,280.55,2,2,1,221,5,Lost,United Kingdom
14243,9,17,7431.05,5,5,5,555,15,Champions,United Kingdom
14244,661,1,366.41999999999996,1,1,2,112,4,Lost,United Kingdom
14245,220,2,1693.45,2,2,4,224,8,Needs Attention,United Kingdom
14246,111,3,1474.06,3,3,4,334,10,Loyal Customers,United Kingdom
14247,278,5,772.66,2,4,3,243,9,At Risk,United Kingdom
14248,318,3,1032.95,2,3,3,233,8,Needs Attention,United Kingdom
14249,411,12,5625.46,1,5,5,155,11,At Risk,United Kingdom
14250,7,3,1904.05,5,3,4,534,12,Loyal Customers,United Kingdom
14251,2,5,2879.7,5,4,4,544,13,Champions,United Kingdom
14252,381,1,350.99,2,1,2,212,5,Lost,United Kingdom
14253,493,2,363.40000000000003,1,2,2,122,5,Lost,United Kingdom
14254,433,1,601.03,1,1,2,112,4,Lost,United Kingdom
14255,546,1,1000.63,1,1,3,113,5,Needs Attention,United Kingdom
14256,260,5,2473.99,2,4,4,244,10,At Risk,United Kingdom
14257,64,9,5954.45,3,5,5,355,13,Loyal Customers,United Kingdom
14258,9,25,32051.34,5,5,5,555,15,Champions,United Kingdom
14259,142,1,120.0,3,1,1,311,5,Promising,United Kingdom
14260,471,3,824.28,1,3,3,133,7,Needs Attention,United Kingdom
14261,51,2,1163.45,4,2,3,423,9,New Customers,United Kingdom
14262,8,8,2618.23,5,4,4,544,13,Champions,United Kingdom
14263,423,1,322.93,1,1,2,112,4,Lost,United Kingdom
14264,155,6,1517.36,3,4,4,344,11,Loyal Customers,United Kingdom
14265,109,4,1373.35,3,3,4,334,10,Loyal Customers,Unspecified
14266,428,1,40.56,1,1,1,111,3,Lost,United Kingdom
14267,163,3,1516.24,3,3,4,334,10,Loyal Customers,United Kingdom
14268,471,1,354.85,1,1,2,112,4,Lost,United Kingdom
14269,439,1,295.73,1,1,2,112,4,Lost,United Kingdom
14270,332,1,492.65,2,1,2,212,5,Lost,United Kingdom
14271,226,2,219.13,2,2,1,221,5,Lost,United Kingdom
14272,74,4,920.81,3,3,3,333,9,Loyal Customers,United Kingdom
14273,51,4,559.97,4,3,2,432,9,Loyal Customers,United Kingdom
14274,686,1,256.6,1,1,1,111,3,Lost,United Kingdom
14275,396,6,1189.3799999999999,2,4,3,243,9,At Risk,United Kingdom
14276,99,7,2102.68,3,4,4,344,11,Loyal Customers,United Kingdom
14277,15,9,17225.81,5,5,5,555,15,Champions,France
14278,410,1,205.82999999999998,2,1,1,211,4,Lost,United Kingdom
14279,521,2,191.86,1,2,1,121,4,Lost,United Kingdom
14280,197,1,134.04,2,1,1,211,4,Lost,United Kingdom
14281,408,1,245.14999999999998,2,1,1,211,4,Lost,United Kingdom
14282,3,25,7849.66,5,5,5,555,15,Champions,United Kingdom
14283,463,4,628.44,1,3,3,133,7,Needs Attention,United Kingdom
14284,31,3,1299.65,4,3,4,434,11,Loyal Customers,United Kingdom
14285,21,8,3284.42,4,4,5,445,13,Champions,United Kingdom
14286,24,7,8479.76,4,4,5,445,13,Champions,United Kingdom
14287,8,3,176.63,5,3,1,531,9,Loyal Customers,United Kingdom
14288,213,1,426.6,2,1,2,212,5,Lost,United Kingdom
14289,9,6,911.26,5,4,3,543,12,Loyal Customers,United Kingdom
14290,11,8,4516.56,5,4,5,545,14,Champions,United Kingdom
14291,2,23,7904.099999999999,5,5,5,555,15,Champions,United Kingdom
14292,8,16,9226.25,5,5,5,555,15,Champions,United Kingdom
14293,3,9,3267.93,5,5,5,555,15,Champions,United Kingdom
14294,407,1,375.34,2,1,2,212,5,Lost,United Kingdom
14295,40,5,2362.91,4,4,4,444,12,Champions,United Kingdom
14296,421,2,456.4,1,2,2,122,5,Lost,United Kingdom
14297,18,4,1305.33,5,3,4,534,12,Loyal Customers,United Kingdom
14298,8,82,91194.49,5,5,5,555,15,Champions,United Kingdom
14299,8,27,14499.49,5,5,5,555,15,Champions,United Kingdom
14300,19,1,43.2,5,1,1,511,7,New Customers,United Kingdom
14301,117,4,1992.1799999999998,3,3,4,334,10,Loyal Customers,United Kingdom
14302,431,3,742.9,1,3,3,133,7,Needs Attention,United Kingdom
14303,407,2,277.94,2,2,1,221,5,Lost,United Kingdom
14304,223,3,1725.01,2,3,4,234,9,Needs Attention,United Kingdom
14305,71,3,1858.96,3,3,4,334,10,Loyal Customers,United Kingdom
14306,51,6,3151.4,4,4,5,445,13,Champions,United Kingdom
14307,89,10,5071.03,3,5,5,355,13,Loyal Customers,United Kingdom
14308,549,2,1147.02,1,2,3,123,6,Needs Attention,United Kingdom
14309,8,11,3780.81,5,5,5,555,15,Champions,United Kingdom
14310,433,1,492.1,1,1,2,112,4,Lost,United Kingdom
14311,243,2,516.45,2,2,2,222,6,Lost,United Kingdom
14312,47,11,3090.29,4,5,5,455,14,Champions,United Kingdom
14314,107,2,229.79999999999998,3,2,1,321,6,Promising,United Kingdom
14315,45,8,3197.82,4,4,5,445,13,Champions,United Kingdom
14316,422,5,1370.34,1,4,4,144,9,At Risk,United Kingdom
14317,65,1,508.58,3,1,2,312,6,Promising,United Kingdom
14318,460,1,158.02,1,1,1,111,3,Lost,United Kingdom
14319,424,1,494.84999999999997,1,1,2,112,4,Lost,United Kingdom
14320,207,5,1346.75,2,4,4,244,10,At Risk,United Kingdom
14321,11,7,2218.06,5,4,4,544,13,Champions,United Kingdom
14322,429,4,474.1,1,3,2,132,6,Needs Attention,United Kingdom
14323,115,2,605.06,3,2,2,322,7,Promising,United Kingdom
14324,410,2,701.61,2,2,3,223,7,Needs Attention,United Kingdom
14325,570,1,245.48,1,1,1,111,3,Lost,United Kingdom
14326,242,3,940.98,2,3,3,233,8,Needs Attention,United Kingdom
14327,163,6,1894.93,3,4,4,344,11,Loyal Customers,United Kingdom
14328,438,1,445.05,1,1,2,112,4,Lost,United Kingdom
14329,17,15,9927.22,5,5,5,555,15,Champions,United Kingdom
14330,624,1,200.63,1,1,1,111,3,Lost,United Kingdom
14331,124,2,462.65999999999997,3,2,2,322,7,Promising,United Kingdom
14332,23,5,1943.51,4,4,4,444,12,Champions,United Kingdom
14333,68,1,415.2,3,1,2,312,6,Promising,United Kingdom
14334,17,12,4318.48,5,5,5,555,15,Champions,United Kingdom
14335,16,2,468.26,5,2,2,522,9,New Customers,Germany
14336,17,4,1614.91,5,3,4,534,12,Loyal Customers,United Kingdom
14338,161,3,928.1,3,3,3,333,9,Loyal Customers,United Kingdom
14339,243,2,620.27,2,2,3,223,7,Needs Attention,United Kingdom
14340,219,1,134.7,2,1,1,211,4,Lost,United Kingdom
14341,45,18,4467.32,4,5,5,455,14,Champions,United Kingdom
14342,21,6,918.4399999999999,4,4,3,443,11,Loyal Customers,United Kingdom
14343,421,4,1088.91,1,3,3,133,7,Needs Attention,United Kingdom
14344,127,20,3333.7,3,5,5,355,13,Loyal Customers,United Kingdom
14345,39,1,108.98,4,1,1,411,6,New Customers,United Kingdom
14346,121,5,2315.75,3,4,4,344,11,Loyal Customers,United Kingdom
14347,737,1,82.6,1,1,1,111,3,Lost,United Kingdom
14348,260,1,409.57,2,1,2,212,5,Lost,United Kingdom
14349,10,1,133.5,5,1,1,511,7,New Customers,United Kingdom
14350,274,3,972.03,2,3,3,233,8,Needs Attention,United Kingdom
14351,165,1,51.0,3,1,1,311,5,Promising,United Kingdom
14352,157,4,1078.96,3,3,3,333,9,Loyal Customers,United Kingdom
14353,215,3,376.5,2,3,2,232,7,Needs Attention,United Kingdom
14354,6,2,163.62,5,2,1,521,8,New Customers,United Kingdom
14355,366,3,1014.45,2,3,3,233,8,Needs Attention,United Kingdom
14356,80,2,701.23,3,2,3,323,8,Needs Attention,United Kingdom
14357,43,1,225.77,4,1,1,411,6,New Customers,United Kingdom
14358,389,2,400.06,2,2,2,222,6,Lost,United Kingdom
14359,19,3,912.18,5,3,3,533,11,Loyal Customers,United Kingdom
14360,32,4,2128.23,4,3,4,434,11,Loyal Customers,United Kingdom
14361,579,1,214.71,1,1,1,111,3,Lost,United Kingdom
14362,22,1,161.2,4,1,1,411,6,New Customers,United Kingdom
14363,402,2,227.47,2,2,1,221,5,Lost,United Kingdom
14364,109,8,3717.35,3,4,5,345,12,Loyal Customers,United Kingdom
14365,395,2,634.68,2,2,3,223,7,Needs Attention,United Kingdom
14366,525,1,136.0,1,1,1,111,3,Lost,United Kingdom
14367,8,16,9261.52,5,5,5,555,15,Champions,United Kingdom
14368,320,1,155.0,2,1,1,211,4,Lost,United Kingdom
14369,642,2,469.13,1,2,2,122,5,Lost,United Kingdom
14370,451,6,1175.78,1,4,3,143,8,At Risk,United Kingdom
14371,295,1,100.5,2,1,1,211,4,Lost,United Kingdom
14372,443,2,860.0799999999999,1,2,3,123,6,Needs Attention,United Kingdom
14373,358,1,76.55,2,1,1,211,4,Lost,United Kingdom
14374,541,1,108.0,1,1,1,111,3,Lost,United Kingdom
14375,185,3,1132.99,3,3,3,333,9,Loyal Customers,United Kingdom
14376,683,1,215.46,1,1,1,111,3,Lost,United Kingdom
14377,191,2,617.05,2,2,2,222,6,Lost,United Kingdom
14378,622,1,131.25,1,1,1,111,3,Lost,United Kingdom
14379,44,4,1268.91,4,3,4,434,11,Loyal Customers,United Kingdom
14380,682,1,48.96,1,1,1,111,3,Lost,United Kingdom
14381,52,2,631.34,4,2,3,423,9,New Customers,United Kingdom
14382,26,2,1246.8,4,2,3,423,9,New Customers,United Kingdom
14383,38,3,1247.69,4,3,3,433,10,Loyal Customers,United Kingdom
14384,501,1,58.5,1,1,1,111,3,Lost,United Kingdom
14385,9,3,202.10999999999999,5,3,1,531,9,Loyal Customers,United Kingdom
14386,297,1,142.4,2,1,1,211,4,Lost,United Kingdom
14387,33,3,1770.56,4,3,4,434,11,Loyal Customers,United Kingdom
14388,10,16,6701.0,5,5,5,555,15,Champions,United Kingdom
14389,65,5,1898.01,3,4,4,344,11,Loyal Customers,United Kingdom
14390,10,13,6399.83,5,5,5,555,15,Champions,United Kingdom
14391,577,1,135.6,1,1,1,111,3,Lost,United Kingdom
14392,432,1,266.4,1,1,1,111,3,Lost,United Kingdom
14393,218,1,67.95,2,1,1,211,4,Lost,United Kingdom
14394,565,1,93.8,1,1,1,111,3,Lost,United Kingdom
14395,2,20,8208.01,5,5,5,555,15,Champions,United Kingdom
14396,65,7,2121.93,3,4,4,344,11,Loyal Customers,United Kingdom
14397,3,19,2612.96,5,5,4,554,14,Champions,United Kingdom
14398,401,2,707.79,2,2,3,223,7,Needs Attention,United Kingdom
14399,394,8,2113.16,2,4,4,244,10,At Risk,United Kingdom
14400,149,3,1732.47,3,3,4,334,10,Loyal Customers,United Kingdom
14401,4,22,6795.9,5,5,5,555,15,Champions,United Kingdom
14402,652,1,285.6,1,1,1,111,3,Lost,United Kingdom
14403,130,6,1880.51,3,4,4,344,11,Loyal Customers,United Kingdom
14404,34,13,2899.11,4,5,4,454,13,Champions,United Kingdom
14405,387,1,195.0,2,1,1,211,4,Lost,United Kingdom
14406,119,1,156.75,3,1,1,311,5,Promising,United Kingdom
14407,107,6,2157.73,3,4,4,344,11,Loyal Customers,United Kingdom
14408,11,11,4109.77,5,5,5,555,15,Champions,United Kingdom
14409,71,9,3756.09,3,5,5,355,13,Loyal Customers,United Kingdom
14410,92,11,2651.14,3,5,4,354,12,Loyal Customers,United Kingdom
14411,311,1,1063.0,2,1,3,213,6,Needs Attention,United Kingdom
14412,43,3,1426.19,4,3,4,434,11,Loyal Customers,United Kingdom
14413,362,4,770.37,2,3,3,233,8,Needs Attention,United Kingdom
14414,92,8,2399.33,3,4,4,344,11,Loyal Customers,United Kingdom
14415,1,23,12091.6,5,5,5,555,15,Champions,United Kingdom
14416,22,2,490.22,4,2,2,422,8,New Customers,United Kingdom
14417,388,1,604.2,2,1,2,212,5,Lost,United Kingdom
14418,4,3,1937.25,5,3,4,534,12,Loyal Customers,United Kingdom
14419,11,7,1260.91,5,4,4,544,13,Champions,United Kingdom
14420,99,4,1639.17,3,3,4,334,10,Loyal Customers,United Kingdom
14421,57,6,2469.37,4,4,4,444,12,Champions,United Kingdom
14422,1,19,10271.52,5,5,5,555,15,Champions,United Kingdom
14423,218,3,916.61,2,3,3,233,8,Needs Attention,United Kingdom
14424,18,1,322.08,5,1,2,512,8,New Customers,United Kingdom
14425,435,3,661.39,1,3,3,133,7,Needs Attention,United Kingdom
14426,24,17,11727.94,4,5,5,455,14,Champions,United Kingdom
14427,50,4,1263.52,4,3,4,434,11,Loyal Customers,United Kingdom
14428,7,5,1244.83,5,4,3,543,12,Loyal Customers,United Kingdom
14429,404,1,516.28,2,1,2,212,5,Lost,United Kingdom
14430,512,3,1220.9,1,3,3,133,7,Needs Attention,United Kingdom
14431,303,4,2614.2,2,3,4,234,9,Needs Attention,United Kingdom
14432,10,6,2255.5099999999998,5,4,4,544,13,Champions,United Kingdom
14433,466,1,289.6,1,1,1,111,3,Lost,United Kingdom
14434,22,6,1372.8,4,4,4,444,12,Champions,United Kingdom
14435,502,1,90.42,1,1,1,111,3,Lost,United Kingdom
14436,99,2,271.7,3,2,1,321,6,Promising,United Kingdom
14437,366,5,958.84,2,4,3,243,9,At Risk,United Kingdom
14438,306,1,131.9,2,1,1,211,4,Lost,United Kingdom
14439,320,5,9443.04,2,4,5,245,11,At Risk,Greece
14440,8,13,6638.73,5,5,5,555,15,Champions,United Kingdom
14441,1,11,4611.69,5,5,5,555,15,Champions,United Kingdom
14442,205,7,5367.02,2,4,5,245,11,At Risk,Channel Islands
14443,54,5,2386.47,4,4,4,444,12,Champions,United Kingdom
14444,456,1,132.04,1,1,1,111,3,Lost,United Kingdom
14445,456,1,221.65,1,1,1,111,3,Lost,United Kingdom
14446,1,5,1241.31,5,4,3,543,12,Loyal Customers,United Kingdom
14447,19,6,1711.73,5,4,4,544,13,Champions,United Kingdom
14448,9,2,375.35,5,2,2,522,9,New Customers,United Kingdom
14449,19,8,2482.8,5,4,4,544,13,Champions,United Kingdom
14450,181,7,1128.44,3,4,3,343,10,Loyal Customers,United Kingdom
14451,60,12,3308.77,3,5,5,355,13,Loyal Customers,United Kingdom
14452,11,4,665.59,5,3,3,533,11,Loyal Customers,United Kingdom
14453,190,1,119.93,2,1,1,211,4,Lost,United Kingdom
14454,376,5,977.3,2,4,3,243,9,At Risk,United Kingdom
14455,432,4,628.21,1,3,3,133,7,Needs Attention,United Kingdom
14456,5,9,3062.4,5,5,5,555,15,Champions,United Kingdom
14457,311,1,113.64,2,1,1,211,4,Lost,United Kingdom
14458,381,1,237.42,2,1,1,211,4,Lost,United Kingdom
14459,155,2,5375.74,3,2,5,325,10,Needs Attention,United Kingdom
14460,110,9,1093.5,3,5,3,353,11,Loyal Customers,United Kingdom
14461,148,13,6713.5,3,5,5,355,13,Loyal Customers,United Kingdom
14462,66,12,2270.01,3,5,4,354,12,Loyal Customers,United Kingdom
14463,98,4,786.5699999999999,3,3,3,333,9,Loyal Customers,United Kingdom
14464,568,2,111.0,1,2,1,121,4,Lost,United Kingdom
14465,247,11,3946.03,2,5,5,255,12,At Risk,United Kingdom
14466,29,13,4646.9,4,5,5,455,14,Champions,United Kingdom
14467,18,12,2220.9900000000002,5,5,4,554,14,Champions,United Kingdom
14468,734,1,204.24,1,1,1,111,3,Lost,United Kingdom
14469,416,4,2112.21,1,3,4,134,8,Needs Attention,United Kingdom
14470,12,3,712.04,5,3,3,533,11,Loyal Customers,United Kingdom
14471,591,2,400.95,1,2,2,122,5,Lost,United Kingdom
14472,104,9,2228.22,3,5,4,354,12,Loyal Customers,United Kingdom
14473,74,2,234.34,3,2,1,321,6,Promising,United Kingdom
14474,46,2,1278.08,4,2,4,424,10,New Customers,United Kingdom
14475,72,4,1151.15,3,3,3,333,9,Loyal Customers,United Kingdom
14476,257,1,215.7,2,1,1,211,4,Lost,United Kingdom
14477,20,7,1969.6,4,4,4,444,12,Champions,United Kingdom
14478,382,4,1276.66,2,3,4,234,9,Needs Attention,United Kingdom
14479,254,4,1299.11,2,3,4,234,9,Needs Attention,United Kingdom
14480,11,4,1299.52,5,3,4,534,12,Loyal Customers,United Kingdom
14481,165,5,2311.49,3,4,4,344,11,Loyal Customers,United Kingdom
14482,18,12,4357.91,5,5,5,555,15,Champions,United Kingdom
14483,282,2,257.1,2,2,1,221,5,Lost,United Kingdom
14484,50,4,1070.98,4,3,3,433,10,Loyal Customers,United Kingdom
14485,39,1,165.75,4,1,1,411,6,New Customers,United Kingdom
14486,512,2,175.5,1,2,1,121,4,Lost,United Kingdom
14487,27,7,1453.61,4,4,4,444,12,Champions,United Kingdom
14488,68,1,1064.28,3,1,3,313,7,Needs Attention,United Kingdom
14489,207,4,1574.93,2,3,4,234,9,Needs Attention,United Kingdom
14490,406,2,1273.47,2,2,4,224,8,Needs Attention,United Kingdom
14491,175,2,468.13,3,2,2,322,7,Promising,United Kingdom
14492,430,7,1921.91,1,4,4,144,9,At Risk,United Kingdom
14493,7,10,5130.15,5,5,5,555,15,Champions,United Kingdom
14494,26,3,401.46,4,3,2,432,9,Loyal Customers,United Kingdom
14495,51,3,174.8,4,3,1,431,8,Loyal Customers,United Kingdom
14496,312,7,2668.23,2,4,4,244,10,At Risk,United Kingdom
14497,309,2,697.0600000000001,2,2,3,223,7,Needs Attention,United Kingdom
14498,43,10,3911.27,4,5,5,455,14,Champions,United Kingdom
14499,26,7,2138.97,4,4,4,444,12,Champions,United Kingdom
14500,88,3,356.85,3,3,2,332,8,Loyal Customers,United Kingdom
14501,184,2,251.20999999999998,3,2,1,321,6,Promising,United Kingdom
14502,20,11,2470.67,4,5,4,454,13,Champions,United Kingdom
14503,3,6,3543.26,5,4,5,545,14,Champions,United Kingdom
14504,47,4,673.26,4,3,3,433,10,Loyal Customers,United Kingdom
14505,17,19,12001.84,5,5,5,555,15,Champions,United Kingdom
14506,17,7,3290.67,5,4,5,545,14,Champions,United Kingdom
14507,24,11,3284.43,4,5,5,455,14,Champions,United Kingdom
14508,22,5,874.94,4,4,3,443,11,Loyal Customers,United Kingdom
14509,534,1,110.95,1,1,1,111,3,Lost,United Kingdom
14510,376,3,1007.28,2,3,3,233,8,Needs Attention,United Kingdom
14511,11,5,1314.81,5,4,4,544,13,Champions,United Kingdom
14512,188,7,1223.47,3,4,3,343,10,Loyal Customers,United Kingdom
14513,101,6,788.01,3,4,3,343,10,Loyal Customers,United Kingdom
14514,61,9,4598.98,3,5,5,355,13,Loyal Customers,United Kingdom
14515,18,12,3749.26,5,5,5,555,15,Champions,United Kingdom
14516,516,1,163.92,1,1,1,111,3,Lost,United Kingdom
14517,33,2,330.45,4,2,2,422,8,New Customers,United Kingdom
14518,64,1,174.37,3,1,1,311,5,Promising,United Kingdom
14519,684,2,206.09,1,2,1,121,4,Lost,United Kingdom
14520,2,2,270.6,5,2,1,521,8,New Customers,United Kingdom
14521,491,1,199.45000000000002,1,1,1,111,3,Lost,United Kingdom
14522,24,8,1758.62,4,4,4,444,12,Champions,United Kingdom
14523,108,1,241.09,3,1,1,311,5,Promising,United Kingdom
14524,32,13,2933.71,4,5,4,454,13,Champions,United Kingdom
14525,20,17,8240.64,4,5,5,455,14,Champions,United Kingdom
14526,389,1,262.4,2,1,1,211,4,Lost,United Kingdom
14527,3,122,27792.3,5,5,5,555,15,Champions,United Kingdom
14528,37,1,364.21999999999997,4,1,2,412,7,New Customers,United Kingdom
14529,60,3,620.04,3,3,3,333,9,Loyal Customers,United Kingdom
14530,26,16,6197.4,4,5,5,455,14,Champions,United Kingdom
14531,480,1,376.34,1,1,2,112,4,Lost,United Kingdom
14532,236,11,3859.18,2,5,5,255,12,At Risk,United Kingdom
14533,25,11,3466.37,4,5,5,455,14,Champions,United Kingdom
14534,3,26,6271.11,5,5,5,555,15,Champions,United Kingdom
14535,60,9,6030.73,3,5,5,355,13,Loyal Customers,United Kingdom
14536,260,1,171.8,2,1,1,211,4,Lost,United Kingdom
14537,58,2,641.4,4,2,3,423,9,New Customers,United Kingdom
14538,65,5,1370.84,3,4,4,344,11,Loyal Customers,United Kingdom
14539,16,2,537.48,5,2,2,522,9,New Customers,United Kingdom
14540,10,11,3795.34,5,5,5,555,15,Champions,United Kingdom
14541,59,14,2499.68,4,5,4,454,13,Champions,United Kingdom
14542,186,1,103.25,3,1,1,311,5,Promising,United Kingdom
14543,29,39,14906.77,4,5,5,455,14,Champions,United Kingdom
14544,24,3,2982.43,4,3,5,435,12,Loyal Customers,United Kingdom
14545,674,1,349.25,1,1,2,112,4,Lost,United Kingdom
14546,5,11,5197.9,5,5,5,555,15,Champions,United Kingdom
14547,4,8,4007.54,5,4,5,545,14,Champions,United Kingdom
14548,151,9,2627.49,3,5,4,354,12,Loyal Customers,United Kingdom
14549,311,4,916.55,2,3,3,233,8,Needs Attention,United Kingdom
14550,11,4,1353.31,5,3,4,534,12,Loyal Customers,United Kingdom
14551,18,7,880.04,5,4,3,543,12,Loyal Customers,United Kingdom
14552,152,3,511.28,3,3,2,332,8,Loyal Customers,United Kingdom
14553,19,9,1841.54,5,5,4,554,14,Champions,United Kingdom
14554,10,4,2381.04,5,3,4,534,12,Loyal Customers,United Kingdom
14555,57,6,2315.63,4,4,4,444,12,Champions,United Kingdom
14556,596,3,835.34,1,3,3,133,7,Needs Attention,United Kingdom
14557,85,1,788.38,3,1,3,313,7,Needs Attention,United Kingdom
14558,654,3,655.5,1,3,3,133,7,Needs Attention,United Kingdom
14559,390,1,75.6,2,1,1,211,4,Lost,United Kingdom
14560,7,44,6114.03,5,5,5,555,15,Champions,United Kingdom
14561,76,3,1080.76,3,3,3,333,9,Loyal Customers,United Kingdom
14562,4,26,6729.4,5,5,5,555,15,Champions,United Kingdom
14563,510,2,679.44,1,2,3,123,6,Needs Attention,United Kingdom
14564,435,2,2605.62,1,2,4,124,7,Needs Attention,Channel Islands
14565,96,5,3859.22,3,4,5,345,12,Loyal Customers,United Kingdom
14566,111,4,4092.0,3,3,5,335,11,Loyal Customers,Channel Islands
14567,57,2,1530.36,4,2,4,424,10,New Customers,United Kingdom
14568,435,1,919.6999999999999,1,1,3,113,5,Needs Attention,Channel Islands
14569,1,4,598.98,5,3,2,532,10,Loyal Customers,United Kingdom
14570,281,3,613.75,2,3,2,232,7,Needs Attention,United Kingdom
14571,425,1,161.65,1,1,1,111,3,Lost,United Kingdom
14572,3,11,5615.18,5,5,5,555,15,Champions,United Kingdom
14573,180,13,2621.42,3,5,4,354,12,Loyal Customers,United Kingdom
14574,733,1,143.7,1,1,1,111,3,Lost,United Kingdom
14575,488,1,460.71,1,1,2,112,4,Lost,United Kingdom
14576,372,1,70.8,2,1,1,211,4,Lost,United Kingdom
14577,13,7,1374.25,5,4,4,544,13,Champions,United Kingdom
14578,3,1,168.63,5,1,1,511,7,New Customers,United Kingdom
14579,432,1,105.56,1,1,1,111,3,Lost,United Kingdom
14580,518,1,14.85,1,1,1,111,3,Lost,United Kingdom
14581,17,2,433.8,5,2,2,522,9,New Customers,United Kingdom
14582,41,1,114.10999999999999,4,1,1,411,6,New Customers,United Kingdom
14583,6,8,1781.03,5,4,4,544,13,Champions,United Kingdom
14584,169,8,1747.91,3,4,4,344,11,Loyal Customers,United Kingdom
14585,50,5,1143.27,4,4,3,443,11,Loyal Customers,United Kingdom
14586,277,1,237.35999999999999,2,1,1,211,4,Lost,United Kingdom
14587,19,9,1601.14,5,5,4,554,14,Champions,United Kingdom
14588,578,1,135.39,1,1,1,111,3,Lost,United Kingdom
14589,372,1,79.5,2,1,1,211,4,Lost,United Kingdom
14590,425,20,3006.62,1,5,5,155,11,At Risk,United Kingdom
14591,15,4,1447.14,5,3,4,534,12,Loyal Customers,United Kingdom
14592,35,3,570.46,4,3,2,432,9,Loyal Customers,United Kingdom
14593,22,12,3712.0099999999998,4,5,5,455,14,Champions,United Kingdom
14594,7,2,634.83,5,2,3,523,10,New Customers,United Kingdom
14595,20,8,2164.45,4,4,4,444,12,Champions,United Kingdom
14596,627,1,229.47,1,1,1,111,3,Lost,United Kingdom
14597,11,6,2201.54,5,4,4,544,13,Champions,United Kingdom
14598,44,2,384.04,4,2,2,422,8,New Customers,United Kingdom
14599,390,2,474.54,2,2,2,222,6,Lost,United Kingdom
14600,306,2,865.17,2,2,3,223,7,Needs Attention,United Kingdom
14601,11,1,213.96,5,1,1,511,7,New Customers,United Kingdom
14602,656,1,205.36,1,1,1,111,3,Lost,United Kingdom
14603,275,1,660.0,2,1,3,213,6,Needs Attention,United Kingdom
14604,633,1,143.85999999999999,1,1,1,111,3,Lost,United Kingdom
14605,374,4,937.16,2,3,3,233,8,Needs Attention,United Kingdom
14606,1,192,30861.06,5,5,5,555,15,Champions,United Kingdom
14607,16,22,24137.63,5,5,5,555,15,Champions,United Kingdom
14608,4,11,3352.94,5,5,5,555,15,Champions,United Kingdom
14609,72,10,1486.2,3,5,4,354,12,Loyal Customers,United Kingdom
14610,396,2,24.35,2,2,1,221,5,Lost,United Kingdom
14611,444,2,604.33,1,2,2,122,5,Lost,United Kingdom
14612,415,1,877.7,1,1,3,113,5,Needs Attention,United Kingdom
14613,680,1,76.32,1,1,1,111,3,Lost,United Kingdom
14614,386,1,295.13,2,1,2,212,5,Lost,United Kingdom
14615,394,5,951.76,2,4,3,243,9,At Risk,United Kingdom
14616,243,5,527.78,2,4,2,242,8,At Risk,United Kingdom
14617,403,2,190.47,2,2,1,221,5,Lost,United Kingdom
14618,9,7,1342.32,5,4,4,544,13,Champions,United Kingdom
14619,246,2,1291.24,2,2,4,224,8,Needs Attention,United Kingdom
14620,206,2,412.78000000000003,2,2,2,222,6,Lost,United Kingdom
14621,1,9,3000.57,5,5,5,555,15,Champions,United Kingdom
14622,185,1,320.58,3,1,2,312,6,Promising,United Kingdom
14623,32,10,2059.58,4,5,4,454,13,Champions,United Kingdom
14624,57,6,814.07,4,4,3,443,11,Loyal Customers,United Kingdom
14625,196,11,4497.88,2,5,5,255,12,At Risk,United Kingdom
14626,24,11,5410.92,4,5,5,455,14,Champions,United Kingdom
14627,379,1,462.75,2,1,2,212,5,Lost,United Kingdom
14628,91,5,1998.0,3,4,4,344,11,Loyal Customers,United Kingdom
14629,4,2,959.01,5,2,3,523,10,New Customers,United Kingdom
14630,484,1,338.65,1,1,2,112,4,Lost,United Kingdom
14631,51,6,2025.69,4,4,4,444,12,Champions,United Kingdom
14632,263,1,114.56,2,1,1,211,4,Lost,United Kingdom
14633,266,1,344.9,2,1,2,212,5,Lost,United Kingdom
14634,438,4,2124.46,1,3,4,134,8,Needs Attention,United Kingdom
14635,454,1,215.22,1,1,1,111,3,Lost,United Kingdom
14636,36,2,609.85,4,2,2,422,8,New Customers,United Kingdom
14637,677,1,106.67999999999999,1,1,1,111,3,Lost,United Kingdom
14638,51,1,443.6,4,1,2,412,7,New Customers,United Kingdom
14639,52,9,4978.96,4,5,5,455,14,Champions,United Kingdom
14640,24,10,3667.06,4,5,5,455,14,Champions,United Kingdom
14641,22,1,110.46000000000001,4,1,1,411,6,New Customers,United Kingdom
14642,59,1,96.11999999999999,4,1,1,411,6,New Customers,United Kingdom
14643,170,5,1679.8899999999999,3,4,4,344,11,Loyal Customers,United Kingdom
14644,68,7,2247.72,3,4,4,344,11,Loyal Customers,United Kingdom
14645,157,3,876.89,3,3,3,333,9,Loyal Customers,United Kingdom
14646,2,151,528602.52,5,5,5,555,15,Champions,Netherlands
14647,201,2,519.97,2,2,2,222,6,Lost,United Kingdom
14648,416,15,4546.86,1,5,5,155,11,At Risk,United Kingdom
14649,5,9,3775.31,5,5,5,555,15,Champions,United Kingdom
14650,589,1,62.5,1,1,1,111,3,Lost,United Kingdom
14651,67,9,2034.12,3,5,4,354,12,Loyal Customers,United Kingdom
14652,77,1,114.18,3,1,1,311,5,Promising,United Kingdom
14653,1,12,3614.54,5,5,5,555,15,Champions,United Kingdom
14654,738,1,246.86,1,1,1,111,3,Lost,United Kingdom
14655,8,7,3878.51,5,4,5,545,14,Champions,United Kingdom
14656,169,5,814.65,3,4,3,343,10,Loyal Customers,United Kingdom
14657,18,6,1460.87,5,4,4,544,13,Champions,United Kingdom
14658,5,2,247.15,5,2,1,521,8,New Customers,United Kingdom
14659,9,9,2529.93,5,5,4,554,14,Champions,United Kingdom
14660,87,2,285.74,3,2,1,321,6,Promising,United Kingdom
14661,27,1,107.95,4,1,1,411,6,New Customers,United Kingdom
14662,29,7,1416.33,4,4,4,444,12,Champions,United Kingdom
14663,430,2,490.6,1,2,2,122,5,Lost,United Kingdom
14664,20,2,637.89,4,2,3,423,9,New Customers,United Kingdom
14665,61,7,2749.65,3,4,4,344,11,Loyal Customers,United Kingdom
14666,24,1,195.25,4,1,1,411,6,New Customers,United Kingdom
14667,11,54,21927.14,5,5,5,555,15,Champions,United Kingdom
14668,445,1,111.63,1,1,1,111,3,Lost,United Kingdom
14669,242,7,3243.93,2,4,5,245,11,At Risk,United Kingdom
14670,280,3,602.0,2,3,2,232,7,Needs Attention,United Kingdom
14671,549,2,1127.45,1,2,3,123,6,Needs Attention,United Kingdom
14672,235,4,1113.14,2,3,3,233,8,Needs Attention,United Kingdom
14673,3,7,3410.81,5,4,5,545,14,Champions,United Kingdom
14674,509,1,173.66,1,1,1,111,3,Lost,United Kingdom
14675,16,2,1066.9,5,2,3,523,10,New Customers,United Kingdom
14676,31,12,8356.789999999999,4,5,5,455,14,Champions,United Kingdom
14677,593,1,184.91,1,1,1,111,3,Lost,United Kingdom
14678,579,1,403.39,1,1,2,112,4,Lost,United Kingdom
14679,382,3,1289.44,2,3,4,234,9,Needs Attention,United Kingdom
14680,25,58,57412.77,4,5,5,455,14,Champions,United Kingdom
14681,71,6,875.15,3,4,3,343,10,Loyal Customers,United Kingdom
14682,188,6,1514.81,3,4,4,344,11,Loyal Customers,United Kingdom
14683,588,1,146.56,1,1,1,111,3,Lost,United Kingdom
14684,26,6,1468.55,4,4,4,444,12,Champions,United Kingdom
14685,576,8,4619.79,1,4,5,145,10,At Risk,United Kingdom
14686,414,5,885.83,1,4,3,143,8,At Risk,United Kingdom
14687,107,3,1402.06,3,3,4,334,10,Loyal Customers,United Kingdom
14688,8,28,7713.57,5,5,5,555,15,Champions,United Kingdom
14689,209,1,112.8,2,1,1,211,4,Lost,United Kingdom
14690,44,4,794.33,4,3,3,433,10,Loyal Customers,United Kingdom
14691,31,5,2114.33,4,4,4,444,12,Champions,United Kingdom
14692,137,12,1745.09,3,5,4,354,12,Loyal Customers,United Kingdom
14693,265,7,1165.3600000000001,2,4,3,243,9,At Risk,United Kingdom
14694,617,1,244.31,1,1,1,111,3,Lost,United Kingdom
14695,519,3,1620.07,1,3,4,134,8,Needs Attention,United Kingdom
14696,4,8,2767.9,5,4,4,544,13,Champions,United Kingdom
14697,218,2,188.61,2,2,1,221,5,Lost,United Kingdom
14698,2,5,1250.76,5,4,4,544,13,Champions,United Kingdom
14699,214,4,702.6,2,3,3,233,8,Needs Attention,United Kingdom
14700,32,5,3116.26,4,4,5,445,13,Champions,United Kingdom
14701,11,15,4562.09,5,5,5,555,15,Champions,United Kingdom
14702,1,29,6754.22,5,5,5,555,15,Champions,United Kingdom
14703,15,1,318.17,5,1,2,512,8,New Customers,United Kingdom
14704,11,11,1813.57,5,5,4,554,14,Champions,United Kingdom
14705,199,1,179.0,2,1,1,211,4,Lost,United Kingdom
14706,619,1,390.69,1,1,2,112,4,Lost,United Kingdom
14707,436,2,139.2,1,2,1,121,4,Lost,United Kingdom
14708,3,5,2212.28,5,4,4,544,13,Champions,United Kingdom
14709,15,25,8886.33,5,5,5,555,15,Champions,United Kingdom
14710,14,13,1922.59,5,5,4,554,14,Champions,United Kingdom
14711,10,11,2868.8,5,5,4,554,14,Champions,United Kingdom
14712,29,4,1328.07,4,3,4,434,11,Loyal Customers,United Kingdom
14713,9,21,5418.87,5,5,5,555,15,Champions,United Kingdom
14714,24,4,906.24,4,3,3,433,10,Loyal Customers,United Kingdom
14715,25,8,1840.45,4,4,4,444,12,Champions,United Kingdom
14716,43,3,565.45,4,3,2,432,9,Loyal Customers,United Kingdom
14717,733,1,81.3,1,1,1,111,3,Lost,United Kingdom
14718,410,1,226.42,2,1,1,211,4,Lost,United Kingdom
14719,2,5,1602.1299999999999,5,4,4,544,13,Champions,United Kingdom
14720,6,3,663.81,5,3,3,533,11,Loyal Customers,United Kingdom
14721,379,1,115.77,2,1,1,211,4,Lost,United Kingdom
14722,147,3,513.37,3,3,2,332,8,Loyal Customers,United Kingdom
14723,10,11,2093.06,5,5,4,554,14,Champions,United Kingdom
14724,590,1,345.25,1,1,2,112,4,Lost,United Kingdom
14725,25,4,1315.24,4,3,4,434,11,Loyal Customers,United Kingdom
14726,655,1,124.75,1,1,1,111,3,Lost,United Kingdom
14727,274,3,467.93,2,3,2,232,7,Needs Attention,United Kingdom
14728,413,1,190.57999999999998,1,1,1,111,3,Lost,United Kingdom
14729,374,3,907.38,2,3,3,233,8,Needs Attention,United Kingdom
14730,1,8,2005.06,5,4,4,544,13,Champions,United Kingdom
14731,47,3,380.02,4,3,2,432,9,Loyal Customers,United Kingdom
14732,8,19,5517.07,5,5,5,555,15,Champions,United Kingdom
14733,16,15,16184.97,5,5,5,555,15,Champions,United Kingdom
14734,426,4,1056.42,1,3,3,133,7,Needs Attention,United Kingdom
14735,4,56,12240.16,5,5,5,555,15,Champions,United Kingdom
14736,485,2,401.08,1,2,2,122,5,Lost,United Kingdom
14737,4,4,3554.17,5,3,5,535,13,Loyal Customers,United Kingdom
14738,43,9,1821.9,4,5,4,454,13,Champions,United Kingdom
14739,4,25,12287.5,5,5,5,555,15,Champions,United Kingdom
14740,197,11,4161.06,2,5,5,255,12,At Risk,United Kingdom
14741,12,7,1897.59,5,4,4,544,13,Champions,United Kingdom
14742,435,1,579.85,1,1,2,112,4,Lost,United Kingdom
14743,593,1,50.480000000000004,1,1,1,111,3,Lost,United Kingdom
14744,16,14,3885.08,5,5,5,555,15,Champions,United Kingdom
14745,113,12,2571.81,3,5,4,354,12,Loyal Customers,United Kingdom
14746,406,4,593.5,2,3,2,232,7,Needs Attention,United Kingdom
14747,249,1,328.2,2,1,2,212,5,Lost,United Kingdom
14748,29,10,3152.32,4,5,5,455,14,Champions,United Kingdom
14749,480,1,310.15,1,1,2,112,4,Lost,United Kingdom
14750,736,1,112.03,1,1,1,111,3,Lost,United Kingdom
14751,684,2,126.44999999999999,1,2,1,121,4,Lost,United Kingdom
14752,44,1,389.64,4,1,2,412,7,New Customers,United Kingdom
14753,87,2,869.51,3,2,3,323,8,Needs Attention,United Kingdom
14754,45,6,1550.48,4,4,4,444,12,Champions,United Kingdom
14755,10,25,9972.55,5,5,5,555,15,Champions,United Kingdom
14756,15,3,2653.76,5,3,4,534,12,Loyal Customers,United Kingdom
14757,75,1,420.5,3,1,2,312,6,Promising,United Kingdom
14758,145,7,2864.97,3,4,4,344,11,Loyal Customers,United Kingdom
14759,5,3,1625.97,5,3,4,534,12,Loyal Customers,United Kingdom
14760,297,1,89.2,2,1,1,211,4,Lost,United Kingdom
14761,59,3,447.92,4,3,2,432,9,Loyal Customers,United Kingdom
14762,264,2,417.57,2,2,2,222,6,Lost,United Kingdom
14764,47,1,278.3,4,1,1,411,6,New Customers,United Kingdom
14765,29,3,254.11,4,3,1,431,8,Loyal Customers,United Kingdom
14766,8,11,6556.13,5,5,5,555,15,Champions,United Kingdom
14767,474,1,382.81,1,1,2,112,4,Lost,United Kingdom
14768,17,2,192.6,5,2,1,521,8,New Customers,United Kingdom
14769,3,17,15771.88,5,5,5,555,15,Champions,United Kingdom
14770,232,8,3637.64,2,4,5,245,11,At Risk,United Kingdom
14771,621,2,594.62,1,2,2,122,5,Lost,United Kingdom
14772,112,1,139.26,3,1,1,311,5,Promising,United Kingdom
14773,593,1,140.55,1,1,1,111,3,Lost,United Kingdom
14774,529,1,241.45,1,1,1,111,3,Lost,United Kingdom
14775,58,3,1418.46,4,3,4,434,11,Loyal Customers,United Kingdom
14776,51,15,3708.2999999999997,4,5,5,455,14,Champions,United Kingdom
14777,404,1,307.56,2,1,2,212,5,Lost,United Kingdom
14778,127,2,730.86,3,2,3,323,8,Needs Attention,United Kingdom
14779,281,3,386.15,2,3,2,232,7,Needs Attention,United Kingdom
14780,55,2,447.68,4,2,2,422,8,New Customers,United Kingdom
14782,320,1,200.1,2,1,1,211,4,Lost,United Kingdom
14783,659,1,307.3,1,1,2,112,4,Lost,United Kingdom
14784,26,3,449.93,4,3,2,432,9,Loyal Customers,United Kingdom
14785,10,2,77.4,5,2,1,521,8,New Customers,United Kingdom
14786,550,1,90.96,1,1,1,111,3,Lost,United Kingdom
14787,471,1,110.64999999999999,1,1,1,111,3,Lost,United Kingdom
14788,7,3,1156.32,5,3,3,533,11,Loyal Customers,United Kingdom
14789,29,1,197.64,4,1,1,411,6,New Customers,United Kingdom
14790,17,10,2526.62,5,5,4,554,14,Champions,United Kingdom
14791,607,1,303.63,1,1,2,112,4,Lost,United Kingdom
14792,64,1,6.2,3,1,1,311,5,Promising,United Kingdom
14793,21,2,625.9,4,2,3,423,9,New Customers,United Kingdom
14794,3,10,1953.9,5,5,4,554,14,Champions,United Kingdom
14795,166,1,131.45000000000002,3,1,1,311,5,Promising,United Kingdom
14796,1,27,10889.64,5,5,5,555,15,Champions,United Kingdom
14797,507,1,300.31,1,1,2,112,4,Lost,United Kingdom
14798,53,8,724.31,4,4,3,443,11,Loyal Customers,United Kingdom
14799,51,2,338.15,4,2,2,422,8,New Customers,United Kingdom
14800,48,17,7774.32,4,5,5,455,14,Champions,United Kingdom
14801,61,1,193.14,3,1,1,311,5,Promising,United Kingdom
14802,438,2,1502.98,1,2,4,124,7,Needs Attention,United Kingdom
14803,162,3,845.5500000000001,3,3,3,333,9,Loyal Customers,United Kingdom
14804,9,1,353.27,5,1,2,512,8,New Customers,United Kingdom
14805,15,7,1104.64,5,4,3,543,12,Loyal Customers,United Kingdom
14806,75,2,303.43,3,2,2,322,7,Promising,United Kingdom
14807,391,2,519.29,2,2,2,222,6,Lost,United Kingdom
14808,40,8,2741.17,4,4,4,444,12,Champions,United Kingdom
14809,621,2,686.76,1,2,3,123,6,Needs Attention,United Kingdom
14810,41,13,2537.02,4,5,4,454,13,Champions,United Kingdom
14811,387,1,170.5,2,1,1,211,4,Lost,United Kingdom
14812,599,1,185.8,1,1,1,111,3,Lost,United Kingdom
14813,370,4,1090.87,2,3,3,233,8,Needs Attention,United Kingdom
14814,581,1,160.46,1,1,1,111,3,Lost,United Kingdom
14815,37,2,778.5,4,2,3,423,9,New Customers,United Kingdom
14816,197,1,271.85,2,1,1,211,4,Lost,United Kingdom
14817,200,7,3959.86,2,4,5,245,11,At Risk,United Kingdom
14818,74,6,1170.41,3,4,3,343,10,Loyal Customers,United Kingdom
14819,64,4,470.16,3,3,2,332,8,Loyal Customers,United Kingdom
14820,21,9,1274.76,4,5,4,454,13,Champions,United Kingdom
14821,367,7,1286.45,2,4,4,244,10,At Risk,United Kingdom
14822,485,1,157.7,1,1,1,111,3,Lost,United Kingdom
14823,180,3,321.43,3,3,2,332,8,Loyal Customers,United Kingdom
14824,10,10,4022.91,5,5,5,555,15,Champions,United Kingdom
14825,4,24,4925.08,5,5,5,555,15,Champions,United Kingdom
14826,582,2,385.2,1,2,2,122,5,Lost,United Kingdom
14828,197,13,9839.46,2,5,5,255,12,At Risk,United Kingdom
14829,29,7,1692.84,4,4,4,444,12,Champions,United Kingdom
14830,53,1,197.13,4,1,1,411,6,New Customers,United Kingdom
14831,680,3,1676.57,1,3,4,134,8,Needs Attention,United Kingdom
14832,630,1,322.69,1,1,2,112,4,Lost,United Kingdom
14833,499,1,94.8,1,1,1,111,3,Lost,United Kingdom
14834,18,7,2206.16,5,4,4,544,13,Champions,United Kingdom
14835,529,2,297.0,1,2,2,122,5,Lost,United Kingdom
14836,10,3,102.45,5,3,1,531,9,Loyal Customers,United Kingdom
14837,90,9,3460.3199999999997,3,5,5,355,13,Loyal Customers,United Kingdom
14838,423,2,773.6700000000001,1,2,3,123,6,Needs Attention,United Kingdom
14839,418,3,915.28,1,3,3,133,7,Needs Attention,United Kingdom
14840,268,2,362.71,2,2,2,222,6,Lost,United Kingdom
14841,53,14,7163.0,4,5,5,455,14,Champions,United Kingdom
14842,44,4,2824.69,4,3,4,434,11,Loyal Customers,United Kingdom
14843,437,1,211.8,1,1,1,111,3,Lost,United Kingdom
14844,64,10,6702.43,3,5,5,355,13,Loyal Customers,United Kingdom
14845,600,1,150.0,1,1,1,111,3,Lost,United Kingdom
14846,427,1,437.40000000000003,1,1,2,112,4,Lost,United Kingdom
14847,149,3,1348.95,3,3,4,334,10,Loyal Customers,United Kingdom
14848,405,1,310.56,2,1,2,212,5,Lost,United Kingdom
14849,22,43,15763.45,4,5,5,455,14,Champions,United Kingdom
14850,312,7,1794.01,2,4,4,244,10,At Risk,United Kingdom
14851,23,3,829.41,4,3,3,433,10,Loyal Customers,United Kingdom
14852,58,18,6147.18,4,5,5,455,14,Champions,United Kingdom
14853,24,5,1376.87,4,4,4,444,12,Champions,United Kingdom
14854,78,11,4322.86,3,5,5,355,13,Loyal Customers,United Kingdom
14855,119,7,6520.3,3,4,5,345,12,Loyal Customers,United Kingdom
14856,36,3,1311.38,4,3,4,434,11,Loyal Customers,United Kingdom
14857,60,7,3651.85,3,4,5,345,12,Loyal Customers,United Kingdom
14858,506,1,180.75,1,1,1,111,3,Lost,United Kingdom
14859,13,5,1705.64,5,4,4,544,13,Champions,United Kingdom
14860,19,1,170.32,5,1,1,511,7,New Customers,United Kingdom
14861,52,10,1380.73,4,5,4,454,13,Champions,United Kingdom
14862,26,2,841.2,4,2,3,423,9,New Customers,United Kingdom
14863,29,1,266.76,4,1,1,411,6,New Customers,United Kingdom
14865,7,4,129.72,5,3,1,531,9,Loyal Customers,United Kingdom
14866,11,19,20850.22,5,5,5,555,15,Champions,United Kingdom
14867,186,16,2952.06,3,5,4,354,12,Loyal Customers,United Kingdom
14868,3,12,4184.01,5,5,5,555,15,Champions,United Kingdom
14869,9,6,2804.24,5,4,4,544,13,Champions,United Kingdom
14870,262,6,1838.95,2,4,4,244,10,At Risk,United Kingdom
14871,3,9,1258.97,5,5,4,554,14,Champions,United Kingdom
14872,484,3,816.6,1,3,3,133,7,Needs Attention,United Kingdom
14873,210,2,854.13,2,2,3,223,7,Needs Attention,United Kingdom
14874,535,1,116.18,1,1,1,111,3,Lost,United Kingdom
14875,108,3,2862.4,3,3,4,334,10,Loyal Customers,United Kingdom
14876,521,2,256.7,1,2,1,121,4,Lost,United Kingdom
14877,418,2,437.0,1,2,2,122,5,Lost,United Kingdom
14878,13,25,4105.24,5,5,5,555,15,Champions,United Kingdom
14879,685,1,185.06,1,1,1,111,3,Lost,United Kingdom
14880,77,3,706.19,3,3,3,333,9,Loyal Customers,United Kingdom
14881,20,1,255.4,4,1,1,411,6,New Customers,United Kingdom
14882,27,14,3628.15,4,5,5,455,14,Champions,United Kingdom
14883,19,6,761.59,5,4,3,543,12,Loyal Customers,United Kingdom
14884,669,1,120.6,1,1,1,111,3,Lost,United Kingdom
14885,132,3,1598.12,3,3,4,334,10,Loyal Customers,United Kingdom
14886,253,1,364.8,2,1,2,212,5,Lost,United Kingdom
14887,79,1,1862.0,3,1,4,314,8,Needs Attention,United Kingdom
14888,207,1,369.2,2,1,2,212,5,Lost,United Kingdom
14889,336,1,135.9,2,1,1,211,4,Lost,United Kingdom
14890,254,3,817.25,2,3,3,233,8,Needs Attention,United Kingdom
14891,148,4,1106.73,3,3,3,333,9,Loyal Customers,United Kingdom
14892,691,1,202.35,1,1,1,111,3,Lost,United Kingdom
14893,10,3,1809.61,5,3,4,534,12,Loyal Customers,United Kingdom
14894,85,3,1492.81,3,3,4,334,10,Loyal Customers,United Kingdom
14895,8,38,25119.54,5,5,5,555,15,Champions,United Kingdom
14896,205,8,2092.42,2,4,4,244,10,At Risk,United Kingdom
14897,8,8,3140.54,5,4,5,545,14,Champions,United Kingdom
14898,23,14,3507.81,4,5,5,455,14,Champions,United Kingdom
14899,395,1,1384.88,2,1,4,214,7,Needs Attention,United Kingdom
14900,522,1,13.92,1,1,1,111,3,Lost,United Kingdom
14901,11,12,2289.65,5,5,4,554,14,Champions,United Kingdom
14902,26,3,1035.62,4,3,3,433,10,Loyal Customers,United Kingdom
14903,21,5,2810.63,4,4,4,444,12,Champions,United Kingdom
14904,2,4,1640.64,5,3,4,534,12,Loyal Customers,United Kingdom
14905,158,8,1971.3899999999999,3,4,4,344,11,Loyal Customers,United Kingdom
14906,445,1,68.44,1,1,1,111,3,Lost,United Kingdom
14907,3,16,6165.79,5,5,5,555,15,Champions,United Kingdom
14908,74,2,381.9,3,2,2,322,7,Promising,United Kingdom
14909,437,3,1404.68,1,3,4,134,8,Needs Attention,United Kingdom
14910,3,4,434.35,5,3,2,532,10,Loyal Customers,United Kingdom
14911,1,398,295972.63,5,5,5,555,15,Champions,EIRE
14912,17,6,1889.25,5,4,4,544,13,Champions,Italy
14913,36,8,4073.13,4,4,5,445,13,Champions,United Kingdom
14915,91,11,1811.25,3,5,4,354,12,Loyal Customers,United Kingdom
14916,71,8,3042.95,3,4,5,345,12,Loyal Customers,United Kingdom
14917,597,2,1123.75,1,2,3,123,6,Needs Attention,United Kingdom
14918,116,9,5955.81,3,5,5,355,13,Loyal Customers,United Kingdom
14919,539,1,359.35,1,1,2,112,4,Lost,United Kingdom
14920,213,3,1607.17,2,3,4,234,9,Needs Attention,United Kingdom
14921,30,2,1316.07,4,2,4,424,10,New Customers,United Kingdom
14922,394,2,843.74,2,2,3,223,7,Needs Attention,United Kingdom
14923,51,1,749.1,4,1,3,413,8,New Customers,United Kingdom
14924,246,3,931.01,2,3,3,233,8,Needs Attention,United Kingdom
14926,382,2,359.4,2,2,2,222,6,Lost,United Kingdom
14927,397,1,308.2,2,1,2,212,5,Lost,United Kingdom
14928,628,1,223.91,1,1,1,111,3,Lost,United Kingdom
14929,32,2,836.6899999999999,4,2,3,423,9,New Customers,United Kingdom
14930,109,6,5246.63,3,4,5,345,12,Loyal Customers,Channel Islands
14931,5,5,1257.68,5,4,4,544,13,Champions,Channel Islands
14932,366,2,1029.66,2,2,3,223,7,Needs Attention,Channel Islands
14933,444,4,1770.0,1,3,4,134,8,Needs Attention,Channel Islands
14934,82,5,3503.5,3,4,5,345,12,Loyal Customers,Channel Islands
14935,297,2,2849.83,2,2,4,224,8,Needs Attention,Channel Islands
14936,34,12,12410.81,4,5,5,455,14,Champions,Channel Islands
14937,57,3,1621.88,4,3,4,434,11,Loyal Customers,Channel Islands
14938,562,2,2322.43,1,2,4,124,7,Needs Attention,Channel Islands
14940,418,2,531.49,1,2,2,122,5,Lost,United Kingdom
14941,579,1,182.1,1,1,1,111,3,Lost,United Kingdom
14942,402,4,746.56,2,3,3,233,8,Needs Attention,United Kingdom
14943,663,1,107.62,1,1,1,111,3,Lost,United Kingdom
14944,30,19,9784.67,4,5,5,455,14,Champions,United Kingdom
14945,414,1,179.39999999999998,1,1,1,111,3,Lost,United Kingdom
14946,14,1,100.9,5,1,1,511,7,New Customers,United Kingdom
14947,72,6,1049.79,3,4,3,343,10,Loyal Customers,United Kingdom
14948,23,6,1101.97,4,4,3,443,11,Loyal Customers,United Kingdom
14949,469,4,515.0,1,3,2,132,6,Needs Attention,United Kingdom
14950,19,1,371.2,5,1,2,512,8,New Customers,United Kingdom
14951,79,1,311.69,3,1,2,312,6,Promising,United Kingdom
14952,60,32,17629.35,3,5,5,355,13,Loyal Customers,United Kingdom
14953,25,4,1013.77,4,3,3,433,10,Loyal Customers,United Kingdom
14954,12,2,503.44,5,2,2,522,9,New Customers,United Kingdom
14955,733,1,163.77,1,1,1,111,3,Lost,United Kingdom
14956,421,1,1325.0,1,1,4,114,6,Needs Attention,United Kingdom
14957,253,2,333.28999999999996,2,2,2,222,6,Lost,United Kingdom
14958,147,6,957.94,3,4,3,343,10,Loyal Customers,United Kingdom
14959,64,4,695.42,3,3,3,333,9,Loyal Customers,United Kingdom
14960,8,2,221.27,5,2,1,521,8,New Customers,United Kingdom
14961,11,22,16410.15,5,5,5,555,15,Champions,United Kingdom
14962,271,4,366.91,2,3,2,232,7,Needs Attention,United Kingdom
14963,10,12,3164.48,5,5,5,555,15,Champions,United Kingdom
14964,247,1,206.21,2,1,1,211,4,Lost,United Kingdom
14965,96,2,599.0,3,2,2,322,7,Promising,United Kingdom
14966,15,6,1115.84,5,4,3,543,12,Loyal Customers,United Kingdom
14967,50,6,1982.61,4,4,4,444,12,Champions,United Kingdom
14968,30,2,504.99,4,2,2,422,8,New Customers,United Kingdom
14969,704,1,906.23,1,1,3,113,5,Needs Attention,United Kingdom
14970,68,12,4919.35,3,5,5,355,13,Loyal Customers,United Kingdom
14971,35,3,1116.57,4,3,3,433,10,Loyal Customers,United Kingdom
14972,128,2,145.07,3,2,1,321,6,Promising,United Kingdom
14973,107,3,1314.45,3,3,4,334,10,Loyal Customers,United Kingdom
14974,37,1,114.39,4,1,1,411,6,New Customers,United Kingdom
14975,57,2,472.39,4,2,2,422,8,New Customers,United Kingdom
14976,57,7,790.86,4,4,3,443,11,Loyal Customers,United Kingdom
14977,726,1,31.93,1,1,1,111,3,Lost,United Kingdom
14978,72,10,3142.14,3,5,5,355,13,Loyal Customers,United Kingdom
14979,735,1,439.46000000000004,1,1,2,112,4,Lost,United Kingdom
14980,737,1,150.68,1,1,1,111,3,Lost,United Kingdom
14981,246,2,372.92,2,2,2,222,6,Lost,United Kingdom
14982,572,1,237.78,1,1,1,111,3,Lost,United Kingdom
14983,689,1,183.2,1,1,1,111,3,Lost,United Kingdom
14984,19,6,1271.41,5,4,4,544,13,Champions,United Kingdom
14985,198,2,296.75,2,2,2,222,6,Lost,United Kingdom
14986,376,2,566.9,2,2,2,222,6,Lost,United Kingdom
14987,16,8,1713.85,5,4,4,544,13,Champions,United Kingdom
14988,212,7,2066.6,2,4,4,244,10,At Risk,United Kingdom
14989,662,1,342.4,1,1,2,112,4,Lost,United Kingdom
14990,612,2,305.42,1,2,2,122,5,Lost,United Kingdom
14991,430,1,314.67,1,1,2,112,4,Lost,United Kingdom
14992,442,1,210.5,1,1,1,111,3,Lost,United Kingdom
14993,564,1,36.13,1,1,1,111,3,Lost,United Kingdom
14994,382,5,960.63,2,4,3,243,9,At Risk,United Kingdom
14995,39,2,233.23,4,2,1,421,7,New Customers,United Kingdom
14996,481,2,442.29,1,2,2,122,5,Lost,United Kingdom
14997,46,4,776.6,4,3,3,433,10,Loyal Customers,United Kingdom
14998,170,4,770.73,3,3,3,333,9,Loyal Customers,United Kingdom
14999,593,1,129.48,1,1,1,111,3,Lost,United Kingdom
15000,48,1,490.52,4,1,2,412,7,New Customers,United Kingdom
15001,394,2,230.85999999999999,2,2,1,221,5,Lost,United Kingdom
15002,116,9,4817.28,3,5,5,355,13,Loyal Customers,United Kingdom
15003,473,6,1060.7,1,4,3,143,8,At Risk,United Kingdom
15004,147,1,1246.32,3,1,3,313,7,Needs Attention,United Kingdom
15005,16,56,14106.2,5,5,5,555,15,Champions,United Kingdom
15006,51,2,825.14,4,2,3,423,9,New Customers,United Kingdom
15007,159,1,156.91,3,1,1,311,5,Promising,United Kingdom
15008,480,2,360.0,1,2,2,122,5,Lost,United Kingdom
15009,12,3,1261.78,5,3,4,534,12,Loyal Customers,United Kingdom
15010,36,1,308.94,4,1,2,412,7,New Customers,United Kingdom
15011,396,2,416.6,2,2,2,222,6,Lost,United Kingdom
15012,54,3,860.62,4,3,3,433,10,Loyal Customers,United Kingdom
15013,488,10,1641.3,1,5,4,154,10,At Risk,United Kingdom
15014,43,2,260.17,4,2,1,421,7,New Customers,United Kingdom
15015,501,13,2365.02,1,5,4,154,10,At Risk,United Kingdom
15016,173,5,630.3,3,4,3,343,10,Loyal Customers,United Kingdom
15017,34,1,125.58,4,1,1,411,6,New Customers,United Kingdom
15018,39,3,607.46,4,3,2,432,9,Loyal Customers,United Kingdom
15019,267,1,266.0,2,1,1,211,4,Lost,United Kingdom
15020,379,1,203.42,2,1,1,211,4,Lost,United Kingdom
15021,9,12,2783.83,5,5,4,554,14,Champions,United Kingdom
15022,12,5,1186.09,5,4,3,543,12,Loyal Customers,United Kingdom
15023,3,20,12170.68,5,5,5,555,15,Champions,United Kingdom
15024,10,16,4075.51,5,5,5,555,15,Champions,United Kingdom
15025,33,2,1013.09,4,2,3,423,9,New Customers,United Kingdom
15026,80,5,1061.61,3,4,3,343,10,Loyal Customers,United Kingdom
15027,31,10,3195.6,4,5,5,455,14,Champions,United Kingdom
15028,8,6,1157.71,5,4,3,543,12,Loyal Customers,United Kingdom
15029,620,1,365.1,1,1,2,112,4,Lost,United Kingdom
15030,72,8,1979.91,3,4,4,344,11,Loyal Customers,United Kingdom
15031,4,14,3156.58,5,5,5,555,15,Champions,United Kingdom
15032,256,8,13780.65,2,4,5,245,11,At Risk,United Kingdom
15033,5,10,2586.67,5,5,4,554,14,Champions,United Kingdom
15034,16,14,8313.4,5,5,5,555,15,Champions,United Kingdom
15035,90,1,252.73,3,1,1,311,5,Promising,United Kingdom
15036,72,3,465.55,3,3,2,332,8,Loyal Customers,United Kingdom
15037,376,2,402.51,2,2,2,222,6,Lost,United Kingdom
15038,59,9,1309.86,4,5,4,454,13,Champions,United Kingdom
15039,10,93,40031.43,5,5,5,555,15,Champions,United Kingdom
15040,542,1,7.49,1,1,1,111,3,Lost,United Kingdom
15041,170,2,294.02,3,2,2,322,7,Promising,United Kingdom
15042,199,2,315.45,2,2,2,222,6,Lost,United Kingdom
15043,31,6,2873.8,4,4,4,444,12,Champions,United Kingdom
15044,19,35,16204.33,5,5,5,555,15,Champions,United Kingdom
15045,152,2,735.66,3,2,3,323,8,Needs Attention,United Kingdom
15046,9,25,7812.389999999999,5,5,5,555,15,Champions,United Kingdom
15047,270,1,343.62,2,1,2,212,5,Lost,United Kingdom
15048,65,4,482.75,3,3,2,332,8,Loyal Customers,United Kingdom
15049,274,1,121.17000000000002,2,1,1,211,4,Lost,United Kingdom
15050,25,5,4193.79,4,4,5,445,13,Champions,United Kingdom
15051,23,9,3935.16,4,5,5,455,14,Champions,United Kingdom
15052,319,1,215.78,2,1,1,211,4,Lost,United Kingdom
15053,5,3,697.79,5,3,3,533,11,Loyal Customers,United Kingdom
15054,12,2,302.1,5,2,2,522,9,New Customers,United Kingdom
15055,475,3,560.07,1,3,2,132,6,Needs Attention,United Kingdom
15056,520,1,133.45,1,1,1,111,3,Lost,United Kingdom
15057,275,5,3255.96,2,4,5,245,11,At Risk,United Kingdom
15058,25,16,3410.0299999999997,4,5,5,455,14,Champions,United Kingdom
15059,41,19,3523.57,4,5,5,455,14,Champions,United Kingdom
15060,8,4,303.09000000000003,5,3,2,532,10,Loyal Customers,United Kingdom
15061,4,127,137818.52,5,5,5,555,15,Champions,United Kingdom
15062,71,8,2585.62,3,4,4,344,11,Loyal Customers,United Kingdom
15063,213,1,370.79999999999995,2,1,2,212,5,Lost,United Kingdom
15064,410,4,1254.41,2,3,4,234,9,Needs Attention,United Kingdom
15065,38,5,3326.86,4,4,5,445,13,Champions,United Kingdom
15066,53,1,893.59,4,1,3,413,8,New Customers,United Kingdom
15067,78,5,3877.88,3,4,5,345,12,Loyal Customers,United Kingdom
15068,46,4,1176.85,4,3,3,433,10,Loyal Customers,United Kingdom
15069,179,1,1109.53,3,1,3,313,7,Needs Attention,United Kingdom
15070,373,3,843.25,2,3,3,233,8,Needs Attention,United Kingdom
15071,94,4,1455.56,3,3,4,334,10,Loyal Customers,United Kingdom
15072,479,1,187.51999999999998,1,1,1,111,3,Lost,United Kingdom
15073,10,8,2788.02,5,4,4,544,13,Champions,United Kingdom
15074,105,3,1566.33,3,3,4,334,10,Loyal Customers,United Kingdom
15075,78,1,773.03,3,1,3,313,7,Needs Attention,United Kingdom
15076,173,3,1447.74,3,3,4,334,10,Loyal Customers,United Kingdom
15077,495,2,2428.08,1,2,4,124,7,Needs Attention,United Kingdom
15078,7,53,17761.88,5,5,5,555,15,Champions,United Kingdom
15079,213,11,3767.35,2,5,5,255,12,At Risk,United Kingdom
15080,428,2,546.25,1,2,2,122,5,Lost,United Kingdom
15081,22,12,1965.72,4,5,4,454,13,Champions,United Kingdom
15082,669,1,93.35,1,1,1,111,3,Lost,United Kingdom
15083,257,1,88.2,2,1,1,211,4,Lost,United Kingdom
15084,380,2,965.1999999999999,2,2,3,223,7,Needs Attention,United Kingdom
15085,730,1,347.54,1,1,2,112,4,Lost,United Kingdom
15086,565,2,218.53,1,2,1,121,4,Lost,United Kingdom
15087,282,1,306.94,2,1,2,212,5,Lost,United Kingdom
15088,21,2,1160.07,4,2,3,423,9,New Customers,United Kingdom
15089,10,6,2420.84,5,4,4,544,13,Champions,United Kingdom
15090,308,1,381.32,2,1,2,212,5,Lost,United Kingdom
15091,68,3,1046.61,3,3,3,333,9,Loyal Customers,United Kingdom
15092,215,3,776.46,2,3,3,233,8,Needs Attention,United Kingdom
15093,18,23,14326.11,5,5,5,555,15,Champions,United Kingdom
15094,463,2,83.0,1,2,1,121,4,Lost,United Kingdom
15095,104,10,3141.64,3,5,5,355,13,Loyal Customers,United Kingdom
15096,43,1,219.39,4,1,1,411,6,New Customers,United Kingdom
15097,4,3,908.35,5,3,3,533,11,Loyal Customers,United Kingdom
15098,182,3,39916.5,3,3,5,335,11,Loyal Customers,United Kingdom
15099,84,1,410.48,3,1,2,312,6,Promising,United Kingdom
15100,334,7,2894.7,2,4,4,244,10,At Risk,United Kingdom
15101,9,6,1477.94,5,4,4,544,13,Champions,United Kingdom
15102,531,2,554.67,1,2,2,122,5,Lost,United Kingdom
15103,31,2,703.36,4,2,3,423,9,New Customers,United Kingdom
15104,197,2,1027.44,2,2,3,223,7,Needs Attention,United Kingdom
15105,18,9,3094.91,5,5,5,555,15,Champions,United Kingdom
15106,18,5,1422.52,5,4,4,544,13,Champions,United Kingdom
15107,311,9,940.35,2,5,3,253,10,At Risk,United Kingdom
15108,142,4,1300.25,3,3,4,334,10,Loyal Customers,European Community
15109,246,3,983.1,2,3,3,233,8,Needs Attention,United Kingdom
15110,24,6,1505.85,4,4,4,444,12,Champions,United Kingdom
15111,29,5,2730.87,4,4,4,444,12,Champions,United Kingdom
15112,611,1,209.4,1,1,1,111,3,Lost,United Kingdom
15113,10,3,3609.33,5,3,5,535,13,Loyal Customers,United Kingdom
15114,30,12,3400.12,4,5,5,455,14,Champions,United Kingdom
15115,18,2,531.85,5,2,2,522,9,New Customers,United Kingdom
15116,18,4,1352.75,5,3,4,534,12,Loyal Customers,United Kingdom
15117,15,8,2485.97,5,4,4,544,13,Champions,United Kingdom
15118,134,1,244.8,3,1,1,311,5,Promising,United Kingdom
15119,246,1,266.4,2,1,1,211,4,Lost,United Kingdom
15120,134,1,358.82,3,1,2,312,6,Promising,United Kingdom
15121,50,2,457.72,4,2,2,422,8,New Customers,United Kingdom
15122,114,11,4497.47,3,5,5,355,13,Loyal Customers,United Kingdom
15123,7,5,4656.17,5,4,5,545,14,Champions,United Kingdom
15124,23,4,450.82,4,3,2,432,9,Loyal Customers,United Kingdom
15125,25,24,17024.87,4,5,5,455,14,Champions,United Kingdom
15126,537,2,449.49,1,2,2,122,5,Lost,United Kingdom
15127,66,2,711.5,3,2,3,323,8,Needs Attention,United Kingdom
15128,60,5,1783.68,3,4,4,344,11,Loyal Customers,United Kingdom
15129,50,23,6860.18,4,5,5,455,14,Champions,United Kingdom
15130,170,1,330.11,3,1,2,312,6,Promising,United Kingdom
15131,395,1,80.28,2,1,1,211,4,Lost,United Kingdom
15132,18,5,977.9300000000001,5,4,3,543,12,Loyal Customers,United Kingdom
15133,128,5,1806.9,3,4,4,344,11,Loyal Customers,United Kingdom
15134,15,10,1596.29,5,5,4,554,14,Champions,United Kingdom
15135,239,2,305.68,2,2,2,222,6,Lost,United Kingdom
15136,3,4,1286.7,5,3,4,534,12,Loyal Customers,United Kingdom
15137,521,2,823.4,1,2,3,123,6,Needs Attention,United Kingdom
15138,394,1,502.52,2,1,2,212,5,Lost,United Kingdom
15139,240,2,178.95999999999998,2,2,1,221,5,Lost,United Kingdom
15140,52,8,3243.69,4,4,5,445,13,Champions,United Kingdom
15141,458,7,1388.47,1,4,4,144,9,At Risk,United Kingdom
15142,46,6,2619.92,4,4,4,444,12,Champions,United Kingdom
15143,226,2,563.63,2,2,2,222,6,Lost,United Kingdom
15144,8,29,12160.31,5,5,5,555,15,Champions,United Kingdom
15145,4,4,1194.73,5,3,3,533,11,Loyal Customers,United Kingdom
15146,165,2,1327.16,3,2,4,324,9,Needs Attention,United Kingdom
15147,240,1,623.5,2,1,3,213,6,Needs Attention,United Kingdom
15148,11,1,301.29,5,1,2,512,8,New Customers,United Kingdom
15149,134,5,1554.61,3,4,4,344,11,Loyal Customers,United Kingdom
15150,17,13,9001.08,5,5,5,555,15,Champions,United Kingdom
15151,423,2,2085.61,1,2,4,124,7,Needs Attention,United Kingdom
15152,10,14,5263.83,5,5,5,555,15,Champions,United Kingdom
15153,31,1,329.25,4,1,2,412,7,New Customers,United Kingdom
15154,75,3,1388.41,3,3,4,334,10,Loyal Customers,United Kingdom
15155,383,1,383.96999999999997,2,1,2,212,5,Lost,United Kingdom
15156,1,3,961.49,5,3,3,533,11,Loyal Customers,United Kingdom
15157,4,5,2654.11,5,4,4,544,13,Champions,United Kingdom
15158,45,2,606.02,4,2,2,422,8,New Customers,United Kingdom
15159,2,34,22116.73,5,5,5,555,15,Champions,United Kingdom
15160,357,4,589.27,2,3,2,232,7,Needs Attention,United Kingdom
15161,388,1,119.92,2,1,1,211,4,Lost,United Kingdom
15162,731,1,312.9,1,1,2,112,4,Lost,United Kingdom
15163,18,2,304.46999999999997,5,2,2,522,9,New Customers,United Kingdom
15164,69,9,2068.92,3,5,4,354,12,Loyal Customers,United Kingdom
15165,373,1,975.5,2,1,3,213,6,Needs Attention,United Kingdom
15166,468,1,167.16,1,1,1,111,3,Lost,United Kingdom
15167,321,5,1659.67,2,4,4,244,10,At Risk,United Kingdom
15168,26,1,106.56,4,1,1,411,6,New Customers,United Kingdom
15169,382,2,569.22,2,2,2,222,6,Lost,United Kingdom
15170,407,1,81.15,2,1,1,211,4,Lost,United Kingdom
15171,331,1,1289.5,2,1,4,214,7,Needs Attention,United Kingdom
15172,9,5,1624.05,5,4,4,544,13,Champions,United Kingdom
15173,381,7,1494.6,2,4,4,244,10,At Risk,United Kingdom
15174,323,2,481.46,2,2,2,222,6,Lost,United Kingdom
15175,72,1,224.14,3,1,1,311,5,Promising,United Kingdom
15176,668,1,988.04,1,1,3,113,5,Needs Attention,United Kingdom
15177,426,1,948.93,1,1,3,113,5,Needs Attention,United Kingdom
15178,260,1,40.5,2,1,1,211,4,Lost,United Kingdom
15179,18,13,7491.92,5,5,5,555,15,Champions,United Kingdom
15180,367,3,904.43,2,3,3,233,8,Needs Attention,United Kingdom
15181,66,5,1200.2,3,4,3,343,10,Loyal Customers,United Kingdom
15182,154,11,2998.95,3,5,5,355,13,Loyal Customers,United Kingdom
15183,548,3,639.93,1,3,3,133,7,Needs Attention,United Kingdom
15184,29,4,689.95,4,3,3,433,10,Loyal Customers,United Kingdom
15185,70,1,310.62,3,1,2,312,6,Promising,United Kingdom
15186,14,5,1403.2,5,4,4,544,13,Champions,United Kingdom
15187,2,16,4777.18,5,5,5,555,15,Champions,United Kingdom
15188,725,1,310.43,1,1,2,112,4,Lost,United Kingdom
15189,1,46,17524.38,5,5,5,555,15,Champions,United Kingdom
15190,434,1,834.4399999999999,1,1,3,113,5,Needs Attention,United Kingdom
15191,463,3,588.05,1,3,2,132,6,Needs Attention,United Kingdom
15192,120,5,1981.39,3,4,4,344,11,Loyal Customers,United Kingdom
15193,61,1,499.32,3,1,2,312,6,Promising,United Kingdom
15194,3,28,12427.69,5,5,5,555,15,Champions,United Kingdom
15195,3,1,3861.0,5,1,5,515,11,New Customers,United Kingdom
15196,433,2,316.25,1,2,2,122,5,Lost,United Kingdom
15197,11,6,1877.51,5,4,4,544,13,Champions,United Kingdom
15198,92,5,571.35,3,4,2,342,9,Loyal Customers,United Kingdom
15199,59,10,3122.4,4,5,5,455,14,Champions,United Kingdom
15200,495,1,549.05,1,1,2,112,4,Lost,United Kingdom
15201,87,7,1842.95,3,4,4,344,11,Loyal Customers,United Kingdom
15202,420,3,6001.49,1,3,5,135,9,Needs Attention,United Kingdom
15203,26,15,4400.18,4,5,5,455,14,Champions,United Kingdom
15204,357,1,316.58,2,1,2,212,5,Lost,United Kingdom
15205,85,2,653.24,3,2,3,323,8,Needs Attention,United Kingdom
15206,10,4,420.3,5,3,2,532,10,Loyal Customers,United Kingdom
15207,416,3,683.92,1,3,3,133,7,Needs Attention,United Kingdom
15208,1,6,970.52,5,4,3,543,12,Loyal Customers,United Kingdom
15209,730,1,178.98,1,1,1,111,3,Lost,United Kingdom
15210,225,3,1176.19,2,3,3,233,8,Needs Attention,United Kingdom
15211,60,2,1277.48,3,2,4,324,9,Needs Attention,United Kingdom
15212,241,2,208.28,2,2,1,221,5,Lost,United Kingdom
15213,319,2,328.34999999999997,2,2,2,222,6,Lost,United Kingdom
15214,2,8,1661.44,5,4,4,544,13,Champions,United Kingdom
15215,47,7,2422.43,4,4,4,444,12,Champions,United Kingdom
15216,88,2,486.09,3,2,2,322,7,Promising,United Kingdom
15217,563,1,426.24,1,1,2,112,4,Lost,United Kingdom
15218,11,22,11516.57,5,5,5,555,15,Champions,United Kingdom
15219,176,2,685.45,3,2,3,323,8,Needs Attention,United Kingdom
15220,52,6,1778.96,4,4,4,444,12,Champions,United Kingdom
15221,366,4,2465.45,2,3,4,234,9,Needs Attention,United Kingdom
15222,319,11,3550.91,2,5,5,255,12,At Risk,United Kingdom
15223,226,5,1417.95,2,4,4,244,10,At Risk,United Kingdom
15224,358,5,871.36,2,4,3,243,9,At Risk,United Kingdom
15225,234,1,409.4,2,1,2,212,5,Lost,United Kingdom
15226,311,1,154.41,2,1,1,211,4,Lost,United Kingdom
15227,37,9,2488.4900000000002,4,5,4,454,13,Champions,United Kingdom
15228,66,6,5580.2699999999995,3,4,5,345,12,Loyal Customers,United Kingdom
15229,586,1,160.5,1,1,1,111,3,Lost,United Kingdom
15230,239,2,429.6,2,2,2,222,6,Lost,United Kingdom
15231,621,1,250.26,1,1,1,111,3,Lost,United Kingdom
15232,113,2,612.06,3,2,2,322,7,Promising,United Kingdom
15233,401,1,59.4,2,1,1,211,4,Lost,United Kingdom
15234,277,1,197.0,2,1,1,211,4,Lost,United Kingdom
15235,218,16,2937.81,2,5,4,254,11,At Risk,United Kingdom
15236,299,1,321.05,2,1,2,212,5,Lost,United Kingdom
15237,2,4,1412.32,5,3,4,534,12,Loyal Customers,United Kingdom
15238,29,3,1071.99,4,3,3,433,10,Loyal Customers,United Kingdom
15239,10,2,780.59,5,2,3,523,10,New Customers,United Kingdom
15240,45,12,4459.98,4,5,5,455,14,Champions,United Kingdom
15241,67,11,3050.16,3,5,5,355,13,Loyal Customers,United Kingdom
15242,422,1,302.03999999999996,1,1,2,112,4,Lost,United Kingdom
15243,74,2,927.28,3,2,3,323,8,Needs Attention,United Kingdom
15244,65,3,912.08,3,3,3,333,9,Loyal Customers,United Kingdom
15245,134,8,4610.84,3,4,5,345,12,Loyal Customers,United Kingdom
15246,238,3,780.4,2,3,3,233,8,Needs Attention,United Kingdom
15247,122,3,976.06,3,3,3,333,9,Loyal Customers,United Kingdom
15248,411,3,1893.93,1,3,4,134,8,Needs Attention,United Kingdom
15249,32,18,9266.0,4,5,5,455,14,Champions,United Kingdom
15250,641,1,60.0,1,1,1,111,3,Lost,United Kingdom
15251,9,21,20324.54,5,5,5,555,15,Champions,United Kingdom
15252,36,5,2103.41,4,4,4,444,12,Champions,United Kingdom
15253,16,8,2055.09,5,4,4,544,13,Champions,United Kingdom
15254,127,3,1088.35,3,3,3,333,9,Loyal Customers,United Kingdom
15255,67,9,3729.42,3,5,5,355,13,Loyal Customers,United Kingdom
15256,149,2,170.4,3,2,1,321,6,Promising,United Kingdom
15257,283,2,685.9,2,2,3,223,7,Needs Attention,United Kingdom
15258,169,2,623.16,3,2,3,323,8,Needs Attention,United Kingdom
15259,513,4,1182.3799999999999,1,3,3,133,7,Needs Attention,United Kingdom
15260,100,25,9188.23,3,5,5,355,13,Loyal Customers,United Kingdom
15261,135,4,1508.0,3,3,4,334,10,Loyal Customers,United Kingdom
15262,324,3,418.82,2,3,2,232,7,Needs Attention,United Kingdom
15263,107,1,156.51,3,1,1,311,5,Promising,United Kingdom
15264,64,2,848.4,3,2,3,323,8,Needs Attention,United Kingdom
15265,151,4,3345.64,3,3,5,335,11,Loyal Customers,United Kingdom
15266,338,5,852.21,2,4,3,243,9,At Risk,United Kingdom
15267,22,5,1717.36,4,4,4,444,12,Champions,United Kingdom
15268,479,3,961.9,1,3,3,133,7,Needs Attention,United Kingdom
15269,24,3,1225.3600000000001,4,3,3,433,10,Loyal Customers,United Kingdom
15270,16,21,8524.86,5,5,5,555,15,Champions,United Kingdom
15271,7,24,4709.54,5,5,5,555,15,Champions,United Kingdom
15272,57,6,2085.48,4,4,4,444,12,Champions,United Kingdom
15273,600,1,228.96,1,1,1,111,3,Lost,United Kingdom
15274,4,2,716.5699999999999,5,2,3,523,10,New Customers,United Kingdom
15275,38,1,615.14,4,1,2,412,7,New Customers,United Kingdom
15276,66,4,649.53,3,3,3,333,9,Loyal Customers,United Kingdom
15277,47,2,476.34000000000003,4,2,2,422,8,New Customers,United Kingdom
15278,562,4,496.16,1,3,2,132,6,Needs Attention,United Kingdom
15279,355,5,1580.54,2,4,4,244,10,At Risk,United Kingdom
15280,172,3,406.21999999999997,3,3,2,332,8,Loyal Customers,United Kingdom
15281,59,16,8543.57,4,5,5,455,14,Champions,United Kingdom
15282,570,1,348.59,1,1,2,112,4,Lost,United Kingdom
15283,390,3,148.32999999999998,2,3,1,231,6,Needs Attention,United Kingdom
15284,500,1,24.75,1,1,1,111,3,Lost,United Kingdom
15285,408,1,94.92,2,1,1,211,4,Lost,United Kingdom
15286,50,1,240.55,4,1,1,411,6,New Customers,United Kingdom
15287,22,5,856.03,4,4,3,443,11,Loyal Customers,United Kingdom
15288,43,10,3883.13,4,5,5,455,14,Champions,United Kingdom
15289,29,5,1593.09,4,4,4,444,12,Champions,United Kingdom
15290,5,26,10496.28,5,5,5,555,15,Champions,United Kingdom
15291,26,40,13846.56,4,5,5,455,14,Champions,United Kingdom
15292,201,1,180.94,2,1,1,211,4,Lost,United Kingdom
15293,666,1,247.5,1,1,1,111,3,Lost,United Kingdom
15294,411,1,233.35,1,1,1,111,3,Lost,United Kingdom
15295,654,1,217.24,1,1,1,111,3,Lost,United Kingdom
15296,51,12,10342.83,4,5,5,455,14,Champions,United Kingdom
15297,10,3,641.94,5,3,3,533,11,Loyal Customers,United Kingdom
15298,2,23,9459.37,5,5,5,555,15,Champions,United Kingdom
15299,67,10,7991.54,3,5,5,355,13,Loyal Customers,United Kingdom
15300,64,1,496.44,3,1,2,312,6,Promising,United Kingdom
15301,51,17,7603.44,4,5,5,455,14,Champions,United Kingdom
15302,730,1,308.0,1,1,2,112,4,Lost,United Kingdom
15303,290,3,1224.18,2,3,3,233,8,Needs Attention,United Kingdom
15304,61,9,919.55,3,5,3,353,11,Loyal Customers,United Kingdom
15305,555,1,93.6,1,1,1,111,3,Lost,United Kingdom
15306,64,9,3484.73,3,5,5,355,13,Loyal Customers,United Kingdom
15307,96,1,205.3,3,1,1,311,5,Promising,United Kingdom
15308,274,1,310.46999999999997,2,1,2,212,5,Lost,United Kingdom
15309,611,4,797.96,1,3,3,133,7,Needs Attention,United Kingdom
15310,479,1,1634.6399999999999,1,1,4,114,6,Needs Attention,United Kingdom
15311,1,208,116771.16,5,5,5,555,15,Champions,United Kingdom
15312,75,12,2930.19,3,5,4,354,12,Loyal Customers,United Kingdom
15313,110,1,52.0,3,1,1,311,5,Promising,United Kingdom
15314,199,3,820.45,2,3,3,233,8,Needs Attention,United Kingdom
15315,64,2,570.5,3,2,2,322,7,Promising,United Kingdom
15316,327,1,165.0,2,1,1,211,4,Lost,United Kingdom
15317,677,1,129.75,1,1,1,111,3,Lost,United Kingdom
15318,4,1,312.62,5,1,2,512,8,New Customers,United Kingdom
15319,284,1,204.5,2,1,1,211,4,Lost,United Kingdom
15320,44,1,267.13,4,1,1,411,6,New Customers,United Kingdom
15321,71,12,6709.73,3,5,5,355,13,Loyal Customers,United Kingdom
15322,86,2,1390.86,3,2,4,324,9,Needs Attention,United Kingdom
15323,563,3,434.6,1,3,2,132,6,Needs Attention,United Kingdom
15324,701,1,140.22,1,1,1,111,3,Lost,United Kingdom
15325,104,8,1602.01,3,4,4,344,11,Loyal Customers,United Kingdom
15326,334,5,1700.52,2,4,4,244,10,At Risk,United Kingdom
15327,53,1,208.75,4,1,1,411,6,New Customers,United Kingdom
15328,408,1,107.24,2,1,1,211,4,Lost,United Kingdom
15329,39,11,2984.33,4,5,5,455,14,Champions,United Kingdom
15330,32,2,714.9599999999999,4,2,3,423,9,New Customers,United Kingdom
15331,500,3,767.91,1,3,3,133,7,Needs Attention,United Kingdom
15332,366,6,6553.74,2,4,5,245,11,At Risk,Lithuania
15333,208,1,1028.56,2,1,3,213,6,Needs Attention,United Kingdom
15334,157,3,351.67,3,3,2,332,8,Loyal Customers,United Kingdom
15335,54,1,173.97,4,1,1,411,6,New Customers,United Kingdom
15336,402,1,240.5,2,1,1,211,4,Lost,United Kingdom
15337,411,1,373.02,1,1,2,112,4,Lost,United Kingdom
15338,677,1,283.43,1,1,1,111,3,Lost,United Kingdom
15339,66,7,1827.84,3,4,4,344,11,Loyal Customers,United Kingdom
15340,562,1,105.5,1,1,1,111,3,Lost,United Kingdom
15341,81,2,2402.72,3,2,4,324,9,Needs Attention,United Kingdom
15342,130,1,406.09,3,1,2,312,6,Promising,United Kingdom
15343,87,1,364.5,3,1,2,312,6,Promising,United Kingdom
15344,1,3,563.94,5,3,2,532,10,Loyal Customers,United Kingdom
15345,46,1,393.54,4,1,2,412,7,New Customers,United Kingdom
15346,333,3,596.12,2,3,2,232,7,Needs Attention,United Kingdom
15347,366,4,1363.6,2,3,4,234,9,Needs Attention,United Kingdom
15348,72,1,158.04,3,1,1,311,5,Promising,United Kingdom
15349,158,2,473.81,3,2,2,322,7,Promising,United Kingdom
15350,373,2,663.25,2,2,3,223,7,Needs Attention,United Kingdom
15351,12,10,3738.29,5,5,5,555,15,Champions,United Kingdom
15352,549,1,114.95,1,1,1,111,3,Lost,United Kingdom
15353,255,7,3175.95,2,4,5,245,11,At Risk,United Kingdom
15354,603,3,284.4,1,3,1,131,5,Needs Attention,United Kingdom
15355,29,2,277.05,4,2,1,421,7,New Customers,United Kingdom
15356,31,13,3464.95,4,5,5,455,14,Champions,United Kingdom
15358,5,42,17050.41,5,5,5,555,15,Champions,United Kingdom
15359,663,8,181.35,1,4,1,141,6,At Risk,United Kingdom
15360,40,1,427.93,4,1,2,412,7,New Customers,United Kingdom
15361,362,4,689.07,2,3,3,233,8,Needs Attention,United Kingdom
15362,449,2,613.08,1,2,2,122,5,Lost,United Kingdom
15363,373,2,1004.11,2,2,3,223,7,Needs Attention,United Kingdom
15364,96,2,913.19,3,2,3,323,8,Needs Attention,United Kingdom
15365,26,13,4557.13,4,5,5,455,14,Champions,United Kingdom
15366,75,7,2389.08,3,4,4,344,11,Loyal Customers,United Kingdom
15367,57,11,5081.33,4,5,5,455,14,Champions,United Kingdom
15368,21,2,722.74,4,2,3,423,9,New Customers,United Kingdom
15369,492,11,6251.26,1,5,5,155,11,At Risk,United Kingdom
15370,41,8,3739.01,4,4,5,445,13,Champions,United Kingdom
15371,662,1,59.4,1,1,1,111,3,Lost,United Kingdom
15372,137,8,6017.06,3,4,5,345,12,Loyal Customers,United Kingdom
15373,8,17,3421.39,5,5,5,555,15,Champions,United Kingdom
15374,129,2,307.32,3,2,2,322,7,Promising,United Kingdom
15375,690,1,60.96,1,1,1,111,3,Lost,United Kingdom
15376,40,3,1233.36,4,3,3,433,10,Loyal Customers,United Kingdom
15377,383,4,1211.75,2,3,3,233,8,Needs Attention,United Kingdom
15378,463,2,246.5,1,2,1,121,4,Lost,United Kingdom
15379,169,8,4877.84,3,4,5,345,12,Loyal Customers,United Kingdom
15380,9,11,3479.06,5,5,5,555,15,Champions,United Kingdom
15381,214,5,1890.57,2,4,4,244,10,At Risk,United Kingdom
15382,15,12,13733.55,5,5,5,555,15,Champions,United Kingdom
15384,170,4,2027.79,3,3,4,334,10,Loyal Customers,United Kingdom
15385,40,3,942.08,4,3,3,433,10,Loyal Customers,United Kingdom
15386,186,1,394.14,3,1,2,312,6,Promising,United Kingdom
15387,492,1,468.65,1,1,2,112,4,Lost,United Kingdom
15388,270,1,140.54,2,1,1,211,4,Lost,Canada
15389,172,5,2733.8,3,4,4,344,11,Loyal Customers,United Kingdom
15390,396,2,1216.66,2,2,3,223,7,Needs Attention,Canada
15391,584,1,289.87,1,1,1,111,3,Lost,United Kingdom
15392,5,7,2911.62,5,4,4,544,13,Champions,United Kingdom
15393,16,5,891.34,5,4,3,543,12,Loyal Customers,United Kingdom
15394,10,11,5286.8,5,5,5,555,15,Champions,United Kingdom
15395,326,1,107.45,2,1,1,211,4,Lost,United Kingdom
15396,113,2,796.38,3,2,3,323,8,Needs Attention,United Kingdom
15397,290,1,94.0,2,1,1,211,4,Lost,United Kingdom
15398,16,2,1345.53,5,2,4,524,11,New Customers,United Kingdom
15399,1,3,815.77,5,3,3,533,11,Loyal Customers,United Kingdom
15400,92,8,1302.3,3,4,4,344,11,Loyal Customers,United Kingdom
15401,452,2,216.95,1,2,1,121,4,Lost,United Kingdom
15402,149,6,1830.54,3,4,4,344,11,Loyal Customers,United Kingdom
15403,492,2,170.88,1,2,1,121,4,Lost,United Kingdom
15404,376,1,257.06,2,1,1,211,4,Lost,United Kingdom
15405,189,2,659.84,3,2,3,323,8,Needs Attention,United Kingdom
15406,31,4,975.87,4,3,3,433,10,Loyal Customers,United Kingdom
15407,34,4,1056.44,4,3,3,433,10,Loyal Customers,United Kingdom
15408,264,1,267.18,2,1,1,211,4,Lost,United Kingdom
15409,721,1,131.25,1,1,1,111,3,Lost,United Kingdom
15410,84,10,4685.72,3,5,5,355,13,Loyal Customers,United Kingdom
15411,26,4,1358.88,4,3,4,434,11,Loyal Customers,United Kingdom
15412,171,1,190.53,3,1,1,311,5,Promising,United Kingdom
15413,692,5,6798.72,1,4,5,145,10,At Risk,United Kingdom
15414,10,3,774.9,5,3,3,533,11,Loyal Customers,United Kingdom
15415,313,1,572.81,2,1,2,212,5,Lost,United Kingdom
15416,65,7,4572.82,3,4,5,345,12,Loyal Customers,United Kingdom
15417,85,1,508.8,3,1,2,312,6,Promising,United Kingdom
15418,425,2,452.32,1,2,2,122,5,Lost,United Kingdom
15419,25,1,135.86,4,1,1,411,6,New Customers,United Kingdom
15420,434,6,743.0,1,4,3,143,8,At Risk,United Kingdom
15421,59,10,3805.34,4,5,5,455,14,Champions,United Kingdom
15422,323,7,1619.97,2,4,4,244,10,At Risk,United Kingdom
15423,38,3,266.89,4,3,1,431,8,Loyal Customers,United Kingdom
15424,254,3,597.78,2,3,2,232,7,Needs Attention,United Kingdom
15425,400,4,1944.57,2,3,4,234,9,Needs Attention,United Kingdom
15426,19,9,2615.39,5,5,4,554,14,Champions,United Kingdom
15427,33,3,1483.14,4,3,4,434,11,Loyal Customers,United Kingdom
15428,15,4,762.75,5,3,3,533,11,Loyal Customers,United Kingdom
15429,27,2,397.35,4,2,2,422,8,New Customers,United Kingdom
15430,468,2,954.75,1,2,3,123,6,Needs Attention,United Kingdom
15431,503,1,153.24,1,1,1,111,3,Lost,United Kingdom
15432,23,2,320.76,4,2,2,422,8,New Customers,United Kingdom
15433,214,2,533.3,2,2,2,222,6,Lost,United Kingdom
15434,8,11,2567.06,5,5,4,554,14,Champions,United Kingdom
15435,22,1,149.29,4,1,1,411,6,New Customers,United Kingdom
15436,12,3,1122.53,5,3,3,533,11,Loyal Customers,United Kingdom
15437,262,2,393.45,2,2,2,222,6,Lost,United Kingdom
15438,131,1,156.57999999999998,3,1,1,311,5,Promising,United Kingdom
15439,405,4,1269.05,2,3,4,234,9,Needs Attention,United Kingdom
15440,55,3,383.68,4,3,2,432,9,Loyal Customers,United Kingdom
15441,396,3,1254.21,2,3,4,234,9,Needs Attention,United Kingdom
15442,249,1,594.0,2,1,2,212,5,Lost,United Kingdom
15443,2,14,5175.93,5,5,5,555,15,Champions,United Kingdom
15444,9,2,1418.26,5,2,4,524,11,New Customers,United Kingdom
15445,264,2,284.5,2,2,1,221,5,Lost,United Kingdom
15446,377,3,406.95,2,3,2,232,7,Needs Attention,United Kingdom
15447,331,5,492.88,2,4,2,242,8,At Risk,United Kingdom
15448,313,2,788.81,2,2,3,223,7,Needs Attention,United Kingdom
15449,26,3,974.52,4,3,3,433,10,Loyal Customers,United Kingdom
15450,30,1,429.84,4,1,2,412,7,New Customers,United Kingdom
15451,434,2,233.21,1,2,1,121,4,Lost,United Kingdom
15452,30,6,1799.11,4,4,4,444,12,Champions,United Kingdom
15453,2,7,1388.37,5,4,4,544,13,Champions,United Kingdom
15454,362,2,307.69,2,2,2,222,6,Lost,United Kingdom
15455,598,1,38.25,1,1,1,111,3,Lost,United Kingdom
15456,283,10,2119.27,2,5,4,254,11,At Risk,United Kingdom
15457,262,1,237.07,2,1,1,211,4,Lost,United Kingdom
15458,25,2,370.44,4,2,2,422,8,New Customers,United Kingdom
15459,417,2,202.82999999999998,1,2,1,121,4,Lost,United Kingdom
15460,354,1,216.76,2,1,1,211,4,Lost,United Kingdom
15461,461,2,429.7,1,2,2,122,5,Lost,United Kingdom
15462,94,4,737.05,3,3,3,333,9,Loyal Customers,United Kingdom
15463,29,1,126.14,4,1,1,411,6,New Customers,United Kingdom
15464,338,1,1048.85,2,1,3,213,6,Needs Attention,United Kingdom
15465,20,32,12655.65,4,5,5,455,14,Champions,United Kingdom
15466,85,4,1571.01,3,3,4,334,10,Loyal Customers,United Kingdom
15467,9,3,524.88,5,3,2,532,10,Loyal Customers,United Kingdom
15468,51,3,1430.48,4,3,4,434,11,Loyal Customers,United Kingdom
15469,50,3,874.25,4,3,3,433,10,Loyal Customers,United Kingdom
15470,576,1,63.419999999999995,1,1,1,111,3,Lost,United Kingdom
15471,2,3,1316.56,5,3,4,534,12,Loyal Customers,United Kingdom
15472,113,1,371.56,3,1,2,312,6,Promising,United Kingdom
15473,14,8,2046.0,5,4,4,544,13,Champions,United Kingdom
15474,596,1,163.1,1,1,1,111,3,Lost,United Kingdom
15475,77,1,454.11,3,1,2,312,6,Promising,United Kingdom
15476,380,4,2209.98,2,3,4,234,9,Needs Attention,United Kingdom
15477,650,1,368.4,1,1,2,112,4,Lost,United Kingdom
15478,40,3,2024.98,4,3,4,434,11,Loyal Customers,United Kingdom
15479,733,1,147.4,1,1,1,111,3,Lost,United Kingdom
15480,116,5,6279.0,3,4,5,345,12,Loyal Customers,Malta
15481,401,1,1993.34,2,1,4,214,7,Needs Attention,Norway
15482,16,19,14592.56,5,5,5,555,15,Champions,United Kingdom
15483,161,10,862.2,3,5,3,353,11,Loyal Customers,United Kingdom
15484,1,6,4656.0,5,4,5,545,14,Champions,United Kingdom
15485,30,7,5771.51,4,4,5,445,13,Champions,United Kingdom
15486,527,1,102.0,1,1,1,111,3,Lost,United Kingdom
15487,680,1,231.32,1,1,1,111,3,Lost,United Kingdom
15488,93,5,431.92,3,4,2,342,9,Loyal Customers,United Kingdom
15489,23,8,2419.61,4,4,4,444,12,Champions,United Kingdom
15490,430,1,217.6,1,1,1,111,3,Lost,United Kingdom
15491,95,6,3100.09,3,4,5,345,12,Loyal Customers,United Kingdom
15492,28,2,659.46,4,2,3,423,9,New Customers,United Kingdom
15493,33,9,4314.9800000000005,4,5,5,455,14,Champions,United Kingdom
15494,21,5,3780.05,4,4,5,445,13,Champions,United Kingdom
15495,379,1,246.5,2,1,1,211,4,Lost,United Kingdom
15496,631,1,146.14,1,1,1,111,3,Lost,United Kingdom
15497,18,9,8657.39,5,5,5,555,15,Champions,United Kingdom
15498,3,44,26039.579999999998,5,5,5,555,15,Champions,United Kingdom
15499,724,1,161.6,1,1,1,111,3,Lost,United Kingdom
15500,8,4,1131.56,5,3,3,533,11,Loyal Customers,United Kingdom
15501,405,2,402.5,2,2,2,222,6,Lost,United Kingdom
15502,16,14,13993.47,5,5,5,555,15,Champions,United Kingdom
15503,363,2,267.15,2,2,1,221,5,Lost,United Kingdom
15504,81,4,423.85,3,3,2,332,8,Loyal Customers,United Kingdom
15505,53,5,3610.96,4,4,5,445,13,Champions,United Kingdom
15506,23,6,2040.03,4,4,4,444,12,Champions,United Kingdom
15507,172,1,492.36,3,1,2,312,6,Promising,United Kingdom
15508,189,6,1000.27,3,4,3,343,10,Loyal Customers,United Kingdom
15509,380,1,166.51,2,1,1,211,4,Lost,United Kingdom
15510,331,1,250.0,2,1,1,211,4,Lost,United Kingdom
15511,12,5,909.23,5,4,3,543,12,Loyal Customers,United Kingdom
15512,156,4,331.58,3,3,2,332,8,Loyal Customers,United Kingdom
15513,33,35,27750.55,4,5,5,455,14,Champions,United Kingdom
15514,12,18,6598.55,5,5,5,555,15,Champions,United Kingdom
15515,387,1,171.81,2,1,1,211,4,Lost,United Kingdom
15516,45,3,62.43,4,3,1,431,8,Loyal Customers,United Kingdom
15517,233,1,267.03,2,1,1,211,4,Lost,United Kingdom
15518,64,15,4218.94,3,5,5,355,13,Loyal Customers,United Kingdom
15519,383,2,344.61,2,2,2,222,6,Lost,United Kingdom
15520,2,1,343.5,5,1,2,512,8,New Customers,United Kingdom
15521,40,16,7106.69,4,5,5,455,14,Champions,United Kingdom
15522,33,2,398.84,4,2,2,422,8,New Customers,United Kingdom
15523,84,16,17359.99,3,5,5,355,13,Loyal Customers,United Kingdom
15524,25,2,591.4,4,2,2,422,8,New Customers,United Kingdom
15525,2,4,1295.7,5,3,4,534,12,Loyal Customers,United Kingdom
15526,33,2,148.44,4,2,1,421,7,New Customers,United Kingdom
15527,19,23,5575.64,5,5,5,555,15,Champions,United Kingdom
15528,254,1,229.33,2,1,1,211,4,Lost,United Kingdom
15529,23,12,5111.95,4,5,5,455,14,Champions,United Kingdom
15530,22,5,1813.72,4,4,4,444,12,Champions,United Kingdom
15531,8,2,2007.44,5,2,4,524,11,New Customers,United Kingdom
15532,25,10,3771.9,4,5,5,455,14,Champions,United Kingdom
15533,19,3,807.57,5,3,3,533,11,Loyal Customers,United Kingdom
15534,726,1,162.25,1,1,1,111,3,Lost,United Kingdom
15535,173,6,1087.82,3,4,3,343,10,Loyal Customers,United Kingdom
15536,409,1,259.09,2,1,1,211,4,Lost,United Kingdom
15537,163,1,110.92,3,1,1,311,5,Promising,United Kingdom
15538,538,6,3358.4,1,4,5,145,10,At Risk,United Kingdom
15539,7,1,538.46,5,1,2,512,8,New Customers,United Kingdom
15540,11,2,460.68,5,2,2,522,9,New Customers,United Kingdom
15541,114,1,85.13,3,1,1,311,5,Promising,United Kingdom
15542,512,3,918.45,1,3,3,133,7,Needs Attention,United Kingdom
15543,288,2,242.84,2,2,1,221,5,Lost,United Kingdom
15544,9,20,8162.43,5,5,5,555,15,Champions,United Kingdom
15545,54,2,428.05,4,2,2,422,8,New Customers,United Kingdom
15546,607,2,1079.1000000000001,1,2,3,123,6,Needs Attention,United Kingdom
15547,7,26,10154.39,5,5,5,555,15,Champions,United Kingdom
15548,596,1,158.09,1,1,1,111,3,Lost,United Kingdom
15549,77,8,2345.96,3,4,4,344,11,Loyal Customers,United Kingdom
15550,4,12,2218.8,5,5,4,554,14,Champions,United Kingdom
15551,37,7,1710.08,4,4,4,444,12,Champions,United Kingdom
15552,217,2,252.52,2,2,1,221,5,Lost,United Kingdom
15553,60,1,437.23,3,1,2,312,6,Promising,United Kingdom
15554,278,1,217.2,2,1,1,211,4,Lost,United Kingdom
15555,12,36,12112.35,5,5,5,555,15,Champions,United Kingdom
15556,24,1,279.77,4,1,1,411,6,New Customers,United Kingdom
15557,29,1,473.65,4,1,2,412,7,New Customers,United Kingdom
15558,639,1,214.13,1,1,1,111,3,Lost,United Kingdom
15559,568,1,1109.4,1,1,3,113,5,Needs Attention,United Kingdom
15560,398,2,153.52,2,2,1,221,5,Lost,United Kingdom
15561,12,8,1934.3899999999999,5,4,4,544,13,Champions,United Kingdom
15562,352,3,673.38,2,3,3,233,8,Needs Attention,United Kingdom
15563,22,7,2867.0,4,4,4,444,12,Champions,United Kingdom
15564,463,2,70.74000000000001,1,2,1,121,4,Lost,United Kingdom
15565,50,2,173.16,4,2,1,421,7,New Customers,United Kingdom
15566,393,2,227.87,2,2,1,221,5,Lost,United Kingdom
15567,19,1,186.01,5,1,1,511,7,New Customers,United Kingdom
15568,3,3,758.29,5,3,3,533,11,Loyal Customers,United Kingdom
15569,104,10,3586.35,3,5,5,355,13,Loyal Customers,United Kingdom
15570,7,25,9311.039999999999,5,5,5,555,15,Champions,United Kingdom
15571,12,14,4051.63,5,5,5,555,15,Champions,United Kingdom
15572,5,10,4068.67,5,5,5,555,15,Champions,United Kingdom
15573,32,5,1207.18,4,4,3,443,11,Loyal Customers,United Kingdom
15574,178,6,1518.7,3,4,4,344,11,Loyal Customers,United Kingdom
15575,620,1,30.1,1,1,1,111,3,Lost,United Kingdom
15576,38,1,940.67,4,1,3,413,8,New Customers,United Kingdom
15577,151,5,397.98,3,4,2,342,9,Loyal Customers,United Kingdom
15578,162,1,127.1,3,1,1,311,5,Promising,United Kingdom
15579,69,5,1302.5,3,4,4,344,11,Loyal Customers,United Kingdom
15580,377,8,1381.19,2,4,4,244,10,At Risk,United Kingdom
15581,121,38,7794.59,3,5,5,355,13,Loyal Customers,United Kingdom
15582,25,3,682.91,4,3,3,433,10,Loyal Customers,United Kingdom
15583,376,1,107.86,2,1,1,211,4,Lost,United Kingdom
15584,24,6,1277.5,4,4,4,444,12,Champions,United Kingdom
15585,177,1,455.3,3,1,2,312,6,Promising,United Kingdom
15586,593,3,1139.1,1,3,3,133,7,Needs Attention,United Kingdom
15587,50,7,1522.08,4,4,4,444,12,Champions,United Kingdom
15588,678,1,579.6,1,1,2,112,4,Lost,United Kingdom
15589,256,3,478.53,2,3,2,232,7,Needs Attention,United Kingdom
15590,382,5,1496.6,2,4,4,244,10,At Risk,United Kingdom
15591,583,3,217.9,1,3,1,131,5,Needs Attention,United Kingdom
15592,47,1,388.58,4,1,2,412,7,New Customers,United Kingdom
15593,71,1,199.8,3,1,1,311,5,Promising,United Kingdom
15594,16,5,1771.78,5,4,4,544,13,Champions,United Kingdom
15595,488,1,357.59999999999997,1,1,2,112,4,Lost,United Kingdom
15596,101,9,3130.04,3,5,5,355,13,Loyal Customers,United Kingdom
15597,35,2,563.37,4,2,2,422,8,New Customers,United Kingdom
15598,53,2,548.02,4,2,2,422,8,New Customers,United Kingdom
15599,27,3,1250.06,4,3,4,434,11,Loyal Customers,United Kingdom
15600,428,4,1199.31,1,3,3,133,7,Needs Attention,United Kingdom
15601,11,30,14960.12,5,5,5,555,15,Champions,United Kingdom
15602,8,16,3230.5099999999998,5,5,5,555,15,Champions,United Kingdom
15603,79,2,88.48,3,2,1,321,6,Promising,United Kingdom
15604,52,1,216.39,4,1,1,411,6,New Customers,United Kingdom
15605,36,9,1936.8,4,5,4,454,13,Champions,United Kingdom
15606,61,17,5230.99,3,5,5,355,13,Loyal Customers,United Kingdom
15607,337,9,1708.97,2,5,4,254,11,At Risk,United Kingdom
15608,28,5,1785.98,4,4,4,444,12,Champions,United Kingdom
15609,184,1,298.48,3,1,2,312,6,Promising,United Kingdom
15610,52,1,112.46000000000001,4,1,1,411,6,New Customers,United Kingdom
15611,10,26,2997.28,5,5,5,555,15,Champions,United Kingdom
15612,36,2,195.15,4,2,1,421,7,New Customers,United Kingdom
15613,610,1,433.71999999999997,1,1,2,112,4,Lost,United Kingdom
15614,438,4,3147.36,1,3,5,135,9,Needs Attention,United Kingdom
15615,10,47,21373.97,5,5,5,555,15,Champions,United Kingdom
15616,438,1,317.11,1,1,2,112,4,Lost,United Kingdom
15617,396,3,828.55,2,3,3,233,8,Needs Attention,United Kingdom
15618,33,4,776.85,4,3,3,433,10,Loyal Customers,United Kingdom
15619,11,1,336.4,5,1,2,512,8,New Customers,United Kingdom
15620,57,4,1942.36,4,3,4,434,11,Loyal Customers,United Kingdom
15621,4,4,1293.03,5,3,4,534,12,Loyal Customers,United Kingdom
15622,43,17,7852.61,4,5,5,455,14,Champions,United Kingdom
15623,141,8,2437.05,3,4,4,344,11,Loyal Customers,United Kingdom
15624,117,4,588.13,3,3,2,332,8,Loyal Customers,United Kingdom
15625,104,9,3236.4,3,5,5,355,13,Loyal Customers,United Kingdom
15626,75,3,1067.52,3,3,3,333,9,Loyal Customers,United Kingdom
15627,457,2,566.9,1,2,2,122,5,Lost,United Kingdom
15628,5,17,5652.26,5,5,5,555,15,Champions,United Kingdom
15629,450,4,2240.9,1,3,4,134,8,Needs Attention,United Kingdom
15630,45,3,1481.4,4,3,4,434,11,Loyal Customers,United Kingdom
15631,642,1,596.67,1,1,2,112,4,Lost,United Kingdom
15632,16,8,3285.31,5,4,5,545,14,Champions,United Kingdom
15633,509,13,4352.46,1,5,5,155,11,At Risk,United Kingdom
15634,17,2,554.65,5,2,2,522,9,New Customers,United Kingdom
15635,396,1,100.35,2,1,1,211,4,Lost,United Kingdom
15636,90,4,1444.58,3,3,4,334,10,Loyal Customers,United Kingdom
15637,53,5,797.59,4,4,3,443,11,Loyal Customers,United Kingdom
15638,379,6,2265.2,2,4,4,244,10,At Risk,United Kingdom
15639,134,3,1065.08,3,3,3,333,9,Loyal Customers,United Kingdom
15640,4,29,23957.579999999998,5,5,5,555,15,Champions,United Kingdom
15641,105,12,5345.55,3,5,5,355,13,Loyal Customers,United Kingdom
15642,730,1,105.77999999999999,1,1,1,111,3,Lost,United Kingdom
15643,192,3,664.0,2,3,3,233,8,Needs Attention,United Kingdom
15644,166,4,813.0,3,3,3,333,9,Loyal Customers,United Kingdom
15645,19,3,1055.17,5,3,3,533,11,Loyal Customers,United Kingdom
15646,158,5,974.61,3,4,3,343,10,Loyal Customers,United Kingdom
15647,415,1,169.0,1,1,1,111,3,Lost,United Kingdom
15648,204,2,657.35,2,2,3,223,7,Needs Attention,United Kingdom
15649,336,4,2170.35,2,3,4,234,9,Needs Attention,United Kingdom
15650,522,2,553.88,1,2,2,122,5,Lost,United Kingdom
15651,37,5,1259.06,4,4,4,444,12,Champions,United Kingdom
15652,91,5,1420.34,3,4,4,344,11,Loyal Customers,United Kingdom
15653,93,2,877.44,3,2,3,323,8,Needs Attention,United Kingdom
15654,9,2,922.53,5,2,3,523,10,New Customers,United Kingdom
15655,243,1,560.67,2,1,2,212,5,Lost,United Kingdom
15656,45,4,748.5,4,3,3,433,10,Loyal Customers,United Kingdom
15657,23,1,30.0,4,1,1,411,6,New Customers,United Kingdom
15658,190,8,2423.47,2,4,4,244,10,At Risk,United Kingdom
15659,44,3,532.49,4,3,2,432,9,Loyal Customers,United Kingdom
15660,25,15,2812.99,4,5,4,454,13,Champions,United Kingdom
15661,317,8,1215.95,2,4,3,243,9,At Risk,United Kingdom
15662,661,2,283.73,1,2,1,121,4,Lost,United Kingdom
15663,106,1,138.14,3,1,1,311,5,Promising,United Kingdom
15664,51,4,1254.03,4,3,4,434,11,Loyal Customers,United Kingdom
15665,168,5,4015.12,3,4,5,345,12,Loyal Customers,United Kingdom
15666,472,2,632.9399999999999,1,2,3,123,6,Needs Attention,United Kingdom
15667,40,1,301.32,4,1,2,412,7,New Customers,United Kingdom
15668,218,1,76.32,2,1,1,211,4,Lost,United Kingdom
15669,40,4,684.34,4,3,3,433,10,Loyal Customers,United Kingdom
15670,297,2,325.2,2,2,2,222,6,Lost,United Kingdom
15671,19,7,2657.13,5,4,4,544,13,Champions,United Kingdom
15672,725,1,45.3,1,1,1,111,3,Lost,United Kingdom
15673,88,9,6414.79,3,5,5,355,13,Loyal Customers,United Kingdom
15674,73,13,6948.23,3,5,5,355,13,Loyal Customers,United Kingdom
15675,81,4,542.04,3,3,2,332,8,Loyal Customers,United Kingdom
15676,19,3,3435.7599999999998,5,3,5,535,13,Loyal Customers,United Kingdom
15677,49,3,1305.6299999999999,4,3,4,434,11,Loyal Customers,United Kingdom
15678,53,3,1893.89,4,3,4,434,11,Loyal Customers,United Kingdom
15679,24,4,781.28,4,3,3,433,10,Loyal Customers,United Kingdom
15680,9,10,4507.58,5,5,5,555,15,Champions,United Kingdom
15681,25,14,2989.7,4,5,5,455,14,Champions,United Kingdom
15682,599,2,318.24,1,2,2,122,5,Lost,United Kingdom
15683,117,2,524.54,3,2,2,322,7,Promising,United Kingdom
15684,547,3,173.95,1,3,1,131,5,Needs Attention,United Kingdom
15685,450,1,55.980000000000004,1,1,1,111,3,Lost,United Kingdom
15686,420,1,90.0,1,1,1,111,3,Lost,United Kingdom
15687,9,9,2993.1,5,5,5,555,15,Champions,United Kingdom
15688,419,1,190.57,1,1,1,111,3,Lost,United Kingdom
15689,120,3,521.03,3,3,2,332,8,Loyal Customers,United Kingdom
15690,4,2,239.76,5,2,1,521,8,New Customers,United Kingdom
15691,252,4,571.3,2,3,2,232,7,Needs Attention,United Kingdom
15692,28,1,191.04,4,1,1,411,6,New Customers,United Kingdom
15693,659,1,37.5,1,1,1,111,3,Lost,United Kingdom
15694,1,24,10810.81,5,5,5,555,15,Champions,United Kingdom
15695,267,4,1131.04,2,3,3,233,8,Needs Attention,United Kingdom
15696,33,13,3906.57,4,5,5,455,14,Champions,United Kingdom
15697,690,1,246.75,1,1,1,111,3,Lost,United Kingdom
15698,624,1,46.2,1,1,1,111,3,Lost,United Kingdom
15699,18,1,309.65,5,1,2,512,8,New Customers,United Kingdom
15700,172,2,696.68,3,2,3,323,8,Needs Attention,United Kingdom
15701,2,4,1542.14,5,3,4,534,12,Loyal Customers,United Kingdom
15702,476,2,140.39,1,2,1,121,4,Lost,Nigeria
15703,265,1,211.5,2,1,1,211,4,Lost,United Kingdom
15704,140,6,3817.96,3,4,5,345,12,Loyal Customers,United Kingdom
15705,201,1,143.1,2,1,1,211,4,Lost,United Kingdom
15706,64,4,1060.56,3,3,3,333,9,Loyal Customers,United Kingdom
15707,35,4,945.58,4,3,3,433,10,Loyal Customers,United Kingdom
15708,41,9,4378.72,4,5,5,455,14,Champions,United Kingdom
15709,284,2,327.85,2,2,2,222,6,Lost,United Kingdom
15710,417,1,898.87,1,1,3,113,5,Needs Attention,United Kingdom
15711,557,2,420.25,1,2,2,122,5,Lost,United Kingdom
15712,9,12,3472.41,5,5,5,555,15,Champions,United Kingdom
15713,143,4,1010.79,3,3,3,333,9,Loyal Customers,United Kingdom
15714,12,5,784.81,5,4,3,543,12,Loyal Customers,United Kingdom
15715,556,5,658.02,1,4,3,143,8,At Risk,United Kingdom
15716,146,11,3056.81,3,5,5,355,13,Loyal Customers,United Kingdom
15717,234,5,607.0,2,4,2,242,8,At Risk,United Kingdom
15718,540,1,293.79,1,1,2,112,4,Lost,United Kingdom
15719,33,31,10223.06,4,5,5,455,14,Champions,United Kingdom
15720,24,2,741.92,4,2,3,423,9,New Customers,United Kingdom
15721,12,1,507.08,5,1,2,512,8,New Customers,United Kingdom
15722,36,11,5258.1,4,5,5,455,14,Champions,United Kingdom
15723,365,4,947.65,2,3,3,233,8,Needs Attention,United Kingdom
15724,201,3,310.85,2,3,2,232,7,Needs Attention,United Kingdom
15725,15,1,415.25,5,1,2,512,8,New Customers,United Kingdom
15726,390,1,321.91,2,1,2,212,5,Lost,United Kingdom
15727,17,15,9445.51,5,5,5,555,15,Champions,United Kingdom
15728,380,2,544.6,2,2,2,222,6,Lost,United Kingdom
15729,213,3,192.55,2,3,1,231,6,Needs Attention,United Kingdom
15730,66,5,1726.58,3,4,4,344,11,Loyal Customers,United Kingdom
15731,554,1,125.3,1,1,1,111,3,Lost,United Kingdom
15732,212,10,1682.07,2,5,4,254,11,At Risk,United Kingdom
15733,283,1,162.3,2,1,1,211,4,Lost,United Kingdom
15734,115,4,2263.3,3,3,4,334,10,Loyal Customers,United Kingdom
15735,421,1,327.68,1,1,2,112,4,Lost,United Kingdom
15736,435,2,1815.72,1,2,4,124,7,Needs Attention,United Kingdom
15737,15,8,1205.12,5,4,3,543,12,Loyal Customers,United Kingdom
15738,19,41,13372.97,5,5,5,555,15,Champions,United Kingdom
15739,66,1,449.12,3,1,2,312,6,Promising,United Kingdom
15740,49,1,154.88,4,1,1,411,6,New Customers,United Kingdom
15741,458,2,208.62,1,2,1,121,4,Lost,United Kingdom
15742,619,1,156.87,1,1,1,111,3,Lost,United Kingdom
15743,16,4,784.46,5,3,3,533,11,Loyal Customers,United Kingdom
15744,78,1,34.8,3,1,1,311,5,Promising,United Kingdom
15745,19,4,1094.59,5,3,3,533,11,Loyal Customers,United Kingdom
15746,134,1,196.88,3,1,1,311,5,Promising,United Kingdom
15747,13,9,2562.61,5,5,4,554,14,Champions,United Kingdom
15748,40,3,614.76,4,3,2,432,9,Loyal Customers,United Kingdom
15749,235,3,44534.3,2,3,5,235,10,Needs Attention,United Kingdom
15750,3,18,6797.19,5,5,5,555,15,Champions,United Kingdom
15751,461,11,1380.44,1,5,4,154,10,At Risk,United Kingdom
15752,40,9,4207.54,4,5,5,455,14,Champions,United Kingdom
15753,305,1,79.2,2,1,1,211,4,Lost,United Kingdom
15754,51,9,3037.61,4,5,5,455,14,Champions,United Kingdom
15755,10,17,5993.12,5,5,5,555,15,Champions,United Kingdom
15756,61,4,532.96,3,3,2,332,8,Loyal Customers,United Kingdom
15757,66,6,2940.36,3,4,4,344,11,Loyal Customers,United Kingdom
15758,25,1,205.25,4,1,1,411,6,New Customers,United Kingdom
15759,218,7,830.93,2,4,3,243,9,At Risk,United Kingdom
15760,631,2,13916.34,1,2,5,125,8,Needs Attention,Norway
15761,443,1,143.05,1,1,1,111,3,Lost,United Kingdom
15762,65,2,583.75,3,2,2,322,7,Promising,United Kingdom
15763,32,2,1086.92,4,2,3,423,9,New Customers,United Kingdom
15764,88,8,4503.08,3,4,5,345,12,Loyal Customers,United Kingdom
15765,667,1,370.63,1,1,2,112,4,Lost,United Kingdom
15766,64,3,831.0600000000001,3,3,3,333,9,Loyal Customers,United Kingdom
15768,116,34,15601.09,3,5,5,355,13,Loyal Customers,United Kingdom
15769,7,46,88704.32,5,5,5,555,15,Champions,United Kingdom
15770,613,1,321.45,1,1,2,112,4,Lost,United Kingdom
15771,604,3,1006.54,1,3,3,133,7,Needs Attention,United Kingdom
15772,418,1,280.88,1,1,1,111,3,Lost,United Kingdom
15773,6,2,774.52,5,2,3,523,10,New Customers,United Kingdom
15774,69,6,1329.94,3,4,4,344,11,Loyal Customers,United Kingdom
15775,245,2,150.5,2,2,1,221,5,Lost,United Kingdom
15776,133,1,241.62,3,1,1,311,5,Promising,United Kingdom
15777,241,7,1762.61,2,4,4,244,10,At Risk,United Kingdom
15778,431,1,307.95,1,1,2,112,4,Lost,United Kingdom
15779,463,2,124.08,1,2,1,121,4,Lost,United Kingdom
15780,184,3,475.28000000000003,3,3,2,332,8,Loyal Customers,United Kingdom
15781,25,3,345.46,4,3,2,432,9,Loyal Customers,United Kingdom
15782,10,4,4014.1,5,3,5,535,13,Loyal Customers,United Kingdom
15783,11,1,246.3,5,1,1,511,7,New Customers,United Kingdom
15784,468,2,848.33,1,2,3,123,6,Needs Attention,United Kingdom
15785,33,16,5969.93,4,5,5,455,14,Champions,United Kingdom
15786,46,5,8514.82,4,4,5,445,13,Champions,United Kingdom
15787,26,3,948.05,4,3,3,433,10,Loyal Customers,United Kingdom
15788,509,1,221.82999999999998,1,1,1,111,3,Lost,United Kingdom
15789,358,6,1962.01,2,4,4,244,10,At Risk,United Kingdom
15790,10,1,220.85,5,1,1,511,7,New Customers,United Kingdom
15791,44,5,3608.34,4,4,5,445,13,Champions,United Kingdom
15792,400,2,933.84,2,2,3,223,7,Needs Attention,United Kingdom
15793,15,8,2399.57,5,4,4,544,13,Champions,United Kingdom
15794,736,2,777.0,1,2,3,123,6,Needs Attention,United Kingdom
15795,150,8,1979.87,3,4,4,344,11,Loyal Customers,United Kingdom
15796,1,17,5175.83,5,5,5,555,15,Champions,United Kingdom
15797,113,6,2821.08,3,4,4,344,11,Loyal Customers,United Kingdom
15798,493,3,1535.37,1,3,4,134,8,Needs Attention,United Kingdom
15799,76,4,1424.29,3,3,4,334,10,Loyal Customers,United Kingdom
15800,107,7,1242.58,3,4,3,343,10,Loyal Customers,United Kingdom
15801,46,3,1063.95,4,3,3,433,10,Loyal Customers,United Kingdom
15802,143,1,451.42,3,1,2,312,6,Promising,United Kingdom
15803,51,4,1929.66,4,3,4,434,11,Loyal Customers,United Kingdom
15804,1,13,4206.39,5,5,5,555,15,Champions,United Kingdom
15805,23,30,10189.23,4,5,5,455,14,Champions,United Kingdom
15806,46,3,784.58,4,3,3,433,10,Loyal Customers,United Kingdom
15807,50,5,1817.52,4,4,4,444,12,Champions,United Kingdom
15808,306,21,18409.93,2,5,5,255,12,At Risk,United Kingdom
15809,36,7,1274.44,4,4,4,444,12,Champions,United Kingdom
15810,79,8,2999.04,3,4,5,345,12,Loyal Customers,United Kingdom
15811,22,7,3890.52,4,4,5,445,13,Champions,United Kingdom
15812,107,12,5201.47,3,5,5,355,13,Loyal Customers,United Kingdom
15813,208,2,1303.9099999999999,2,2,4,224,8,Needs Attention,United Kingdom
15814,17,6,2634.44,5,4,4,544,13,Champions,United Kingdom
15815,64,5,2100.6,3,4,4,344,11,Loyal Customers,United Kingdom
15816,542,2,144.15,1,2,1,121,4,Lost,United Kingdom
15817,421,3,2766.4,1,3,4,134,8,Needs Attention,United Kingdom
15818,588,1,340.5,1,1,2,112,4,Lost,United Kingdom
15819,49,10,3934.79,4,5,5,455,14,Champions,United Kingdom
15820,320,1,206.98,2,1,1,211,4,Lost,United Kingdom
15821,44,2,570.96,4,2,2,422,8,New Customers,United Kingdom
15822,3,6,1840.06,5,4,4,544,13,Champions,United Kingdom
15823,372,3,3897.17,2,3,5,235,10,Needs Attention,United Kingdom
15824,453,2,890.94,1,2,3,123,6,Needs Attention,United Kingdom
15825,172,1,532.94,3,1,2,312,6,Promising,United Kingdom
15826,56,4,2598.28,4,3,4,434,11,Loyal Customers,United Kingdom
15827,73,28,3794.0699999999997,3,5,5,355,13,Loyal Customers,United Kingdom
15828,375,1,1108.82,2,1,3,213,6,Needs Attention,United Kingdom
15829,99,2,636.14,3,2,3,323,8,Needs Attention,United Kingdom
15830,38,1,576.0,4,1,2,412,7,New Customers,United Kingdom
15831,58,3,801.76,4,3,3,433,10,Loyal Customers,United Kingdom
15832,254,1,836.79,2,1,3,213,6,Needs Attention,United Kingdom
15833,738,1,80.4,1,1,1,111,3,Lost,United Kingdom
15834,70,7,3772.99,3,4,5,345,12,Loyal Customers,United Kingdom
15835,44,4,954.09,4,3,3,433,10,Loyal Customers,United Kingdom
15836,50,1,137.37,4,1,1,411,6,New Customers,United Kingdom
15837,65,2,777.01,3,2,3,323,8,Needs Attention,United Kingdom
15838,11,34,74163.0,5,5,5,555,15,Champions,United Kingdom
15839,33,3,1048.49,4,3,3,433,10,Loyal Customers,United Kingdom
15840,59,2,355.56,4,2,2,422,8,New Customers,United Kingdom
15841,73,9,2742.41,3,5,4,354,12,Loyal Customers,United Kingdom
15842,393,2,548.8,2,2,2,222,6,Lost,United Kingdom
15843,304,1,118.95,2,1,1,211,4,Lost,United Kingdom
15844,46,1,130.74,4,1,1,411,6,New Customers,United Kingdom
15845,18,11,4426.28,5,5,5,555,15,Champions,United Kingdom
15846,385,1,107.01,2,1,1,211,4,Lost,United Kingdom
15847,38,5,822.5699999999999,4,4,3,443,11,Loyal Customers,United Kingdom
15848,622,1,139.94,1,1,1,111,3,Lost,United Kingdom
15850,19,6,1058.72,5,4,3,543,12,Loyal Customers,United Kingdom
15851,527,1,109.73,1,1,1,111,3,Lost,United Kingdom
15852,187,3,257.26,3,3,1,331,7,Loyal Customers,United Kingdom
15853,52,1,110.8,4,1,1,411,6,New Customers,United Kingdom
15854,4,21,5583.81,5,5,5,555,15,Champions,United Kingdom
15855,137,6,1052.72,3,4,3,343,10,Loyal Customers,United Kingdom
15856,4,52,34220.34,5,5,5,555,15,Champions,United Kingdom
15857,19,2,570.48,5,2,2,522,9,New Customers,United Kingdom
15858,16,13,3960.37,5,5,5,555,15,Champions,United Kingdom
15859,432,1,438.46,1,1,2,112,4,Lost,United Kingdom
15860,41,17,2505.21,4,5,4,454,13,Champions,United Kingdom
15861,12,12,4401.79,5,5,5,555,15,Champions,United Kingdom
15862,8,13,2928.29,5,5,4,554,14,Champions,United Kingdom
15863,26,5,358.7,4,4,2,442,10,Loyal Customers,United Kingdom
15864,22,7,2180.7599999999998,4,4,4,444,12,Champions,United Kingdom
15865,41,5,2248.92,4,4,4,444,12,Champions,United Kingdom
15866,101,1,230.53,3,1,1,311,5,Promising,United Kingdom
15867,5,31,9063.95,5,5,5,555,15,Champions,United Kingdom
15868,583,1,94.53,1,1,1,111,3,Lost,United Kingdom
15869,277,3,323.65999999999997,2,3,2,232,7,Needs Attention,United Kingdom
15870,33,4,862.61,4,3,3,433,10,Loyal Customers,United Kingdom
15871,437,1,33.099999999999994,1,1,1,111,3,Lost,United Kingdom
15872,15,4,795.68,5,3,3,533,11,Loyal Customers,United Kingdom
15873,500,4,313.91999999999996,1,3,2,132,6,Needs Attention,United Kingdom
15874,64,21,11284.76,3,5,5,355,13,Loyal Customers,United Kingdom
15875,646,1,111.72,1,1,1,111,3,Lost,United Kingdom
15876,409,2,1449.14,2,2,4,224,8,Needs Attention,United Kingdom
15877,2,2,493.28000000000003,5,2,2,522,9,New Customers,United Kingdom
15878,562,2,330.77,1,2,2,122,5,Lost,United Kingdom
15879,404,4,1157.3,2,3,3,233,8,Needs Attention,United Kingdom
15880,369,1,686.56,2,1,3,213,6,Needs Attention,United Kingdom
15881,312,5,501.39,2,4,2,242,8,At Risk,United Kingdom
15882,199,8,1495.98,2,4,4,244,10,At Risk,United Kingdom
15883,2,2,396.48,5,2,2,522,9,New Customers,United Kingdom
15884,432,2,249.7,1,2,1,121,4,Lost,United Kingdom
15885,93,15,1951.82,3,5,4,354,12,Loyal Customers,United Kingdom
15886,60,4,1052.87,3,3,3,333,9,Loyal Customers,United Kingdom
15887,407,3,1027.15,2,3,3,233,8,Needs Attention,United Kingdom
15888,81,3,429.16,3,3,2,332,8,Loyal Customers,United Kingdom
15889,157,8,1806.28,3,4,4,344,11,Loyal Customers,United Kingdom
15890,395,5,535.65,2,4,2,242,8,At Risk,United Kingdom
15891,227,1,524.52,2,1,2,212,5,Lost,United Kingdom
15892,669,1,128.2,1,1,1,111,3,Lost,United Kingdom
15893,482,1,305.28,1,1,2,112,4,Lost,United Kingdom
15894,253,2,420.28999999999996,2,2,2,222,6,Lost,United Kingdom
15895,150,1,179.17,3,1,1,311,5,Promising,United Kingdom
15897,194,2,222.05,2,2,1,221,5,Lost,United Kingdom
15898,1,25,5596.31,5,5,5,555,15,Champions,United Kingdom
15899,369,1,112.5,2,1,1,211,4,Lost,United Kingdom
15900,24,4,900.4,4,3,3,433,10,Loyal Customers,United Kingdom
15901,17,7,703.22,5,4,3,543,12,Loyal Customers,United Kingdom
15902,380,1,145.01,2,1,1,211,4,Lost,United Kingdom
15903,10,12,8939.84,5,5,5,555,15,Champions,United Kingdom
15904,8,1,164.68,5,1,1,511,7,New Customers,United Kingdom
15905,543,1,114.69,1,1,1,111,3,Lost,United Kingdom
15906,20,10,2555.64,4,5,4,454,13,Champions,United Kingdom
15907,4,3,967.45,5,3,3,533,11,Loyal Customers,United Kingdom
15908,491,2,764.57,1,2,3,123,6,Needs Attention,United Kingdom
15909,174,1,191.94,3,1,1,311,5,Promising,United Kingdom
15910,1,15,2681.8,5,5,4,554,14,Champions,United Kingdom
15911,624,8,1702.34,1,4,4,144,9,At Risk,United Kingdom
15912,178,9,1074.7,3,5,3,353,11,Loyal Customers,United Kingdom
15913,534,1,6.3,1,1,1,111,3,Lost,United Kingdom
15914,378,2,205.99,2,2,1,221,5,Lost,United Kingdom
15915,402,1,429.21,2,1,2,212,5,Lost,United Kingdom
15916,16,13,3427.17,5,5,5,555,15,Champions,United Kingdom
15917,248,5,560.63,2,4,2,242,8,At Risk,United Kingdom
15918,191,3,582.88,2,3,2,232,7,Needs Attention,United Kingdom
15919,20,2,910.61,4,2,3,423,9,New Customers,United Kingdom
15920,154,9,571.64,3,5,2,352,10,Loyal Customers,United Kingdom
15921,173,4,802.11,3,3,3,333,9,Loyal Customers,United Kingdom
15922,373,1,739.0,2,1,3,213,6,Needs Attention,United Kingdom
15923,373,1,254.16,2,1,1,211,4,Lost,United Kingdom
15924,731,1,102.82,1,1,1,111,3,Lost,United Kingdom
15925,194,1,207.15,2,1,1,211,4,Lost,United Kingdom
15926,542,1,134.44,1,1,1,111,3,Lost,United Kingdom
15927,647,1,123.39,1,1,1,111,3,Lost,United Kingdom
15928,656,1,293.53,1,1,2,112,4,Lost,United Kingdom
15929,644,1,594.0,1,1,2,112,4,Lost,United Kingdom
15930,67,1,426.63,3,1,2,312,6,Promising,United Kingdom
15931,428,1,239.9,1,1,1,111,3,Lost,United Kingdom
15932,4,8,2495.87,5,4,4,544,13,Champions,United Kingdom
15933,21,3,1107.46,4,3,3,433,10,Loyal Customers,United Kingdom
15934,418,2,2190.66,1,2,4,124,7,Needs Attention,United Kingdom
15935,239,2,416.86,2,2,2,222,6,Lost,United Kingdom
15936,379,2,282.79,2,2,1,221,5,Lost,United Kingdom
15937,64,1,145.35,3,1,1,311,5,Promising,United Kingdom
15938,112,9,734.81,3,5,3,353,11,Loyal Customers,United Kingdom
15939,90,16,9060.39,3,5,5,355,13,Loyal Customers,United Kingdom
15940,311,1,35.8,2,1,1,211,4,Lost,United Kingdom
15941,637,1,405.0,1,1,2,112,4,Lost,United Kingdom
15942,134,1,337.44,3,1,2,312,6,Promising,United Kingdom
15943,650,2,271.28999999999996,1,2,1,121,4,Lost,United Kingdom
15944,277,4,2164.24,2,3,4,234,9,Needs Attention,United Kingdom
15945,365,4,827.27,2,4,3,243,9,At Risk,United Kingdom
15946,503,3,2304.18,1,3,4,134,8,Needs Attention,United Kingdom
15947,83,1,1708.24,3,1,4,314,8,Needs Attention,United Kingdom
15948,8,3,1509.09,5,3,4,534,12,Loyal Customers,United Kingdom
15949,17,2,364.71999999999997,5,2,2,522,9,New Customers,United Kingdom
15950,32,10,7180.71,4,5,5,455,14,Champions,United Kingdom
15951,9,3,1013.17,5,3,3,533,11,Loyal Customers,United Kingdom
15952,34,4,806.57,4,4,3,443,11,Loyal Customers,United Kingdom
15953,15,18,3669.5499999999997,5,5,5,555,15,Champions,United Kingdom
15954,589,1,190.75,1,1,1,111,3,Lost,United Kingdom
15955,24,22,8658.36,4,5,5,455,14,Champions,United Kingdom
15956,551,2,617.6,1,2,2,122,5,Lost,United Kingdom
15957,32,3,930.1,4,3,3,433,10,Loyal Customers,United Kingdom
15958,74,4,492.99,3,4,2,342,9,Loyal Customers,United Kingdom
15959,682,3,579.49,1,3,2,132,6,Needs Attention,United Kingdom
15960,374,4,410.95,2,4,2,242,8,At Risk,United Kingdom
15961,379,1,451.28999999999996,2,1,2,212,5,Lost,United Kingdom
15962,449,1,295.83,1,1,2,112,4,Lost,United Kingdom
15963,20,2,470.76,4,2,2,422,8,New Customers,United Kingdom
15964,663,1,272.96,1,1,1,111,3,Lost,United Kingdom
15965,17,13,3013.09,5,5,5,555,15,Champions,United Kingdom
15966,451,1,426.53,1,1,2,112,4,Lost,United Kingdom
15967,23,12,3041.6,4,5,5,455,14,Champions,United Kingdom
15968,388,1,418.05,2,1,2,212,5,Lost,United Kingdom
15969,3,5,1127.05,5,4,3,543,12,Loyal Customers,United Kingdom
15970,304,2,1017.3199999999999,2,2,3,223,7,Needs Attention,United Kingdom
15971,18,18,5902.83,5,5,5,555,15,Champions,United Kingdom
15972,456,5,1810.27,1,4,4,144,9,At Risk,United Kingdom
15973,367,3,988.44,2,3,3,233,8,Needs Attention,United Kingdom
15974,39,7,3442.15,4,4,5,445,13,Champions,United Kingdom
15975,84,1,371.01,3,1,2,312,6,Promising,United Kingdom
15976,165,6,1746.64,3,4,4,344,11,Loyal Customers,United Kingdom
15977,17,2,1054.73,5,2,3,523,10,New Customers,United Kingdom
15978,77,3,3279.42,3,3,5,335,11,Loyal Customers,United Kingdom
15979,603,1,329.21999999999997,1,1,2,112,4,Lost,United Kingdom
15980,89,7,6593.68,3,4,5,345,12,Loyal Customers,United Kingdom
15981,25,21,9362.77,4,5,5,455,14,Champions,United Kingdom
15982,605,1,324.51,1,1,2,112,4,Lost,United Kingdom
15983,22,8,3958.82,4,4,5,445,13,Champions,United Kingdom
15984,3,30,8759.32,5,5,5,555,15,Champions,United Kingdom
15985,123,7,2715.2799999999997,3,4,4,344,11,Loyal Customers,United Kingdom
15986,30,2,354.42,4,2,2,422,8,New Customers,United Kingdom
15987,12,8,1682.1299999999999,5,4,4,544,13,Champions,United Kingdom
15988,19,3,770.09,5,3,3,533,11,Loyal Customers,United Kingdom
15989,376,2,372.51,2,2,2,222,6,Lost,United Kingdom
15990,44,7,2010.05,4,4,4,444,12,Champions,United Kingdom
15991,534,1,150.55,1,1,1,111,3,Lost,United Kingdom
15992,4,3,896.6,5,3,3,533,11,Loyal Customers,United Kingdom
15993,9,7,2797.57,5,4,4,544,13,Champions,United Kingdom
15994,55,3,1202.18,4,3,3,433,10,Loyal Customers,United Kingdom
15995,414,1,696.1899999999999,1,1,3,113,5,Needs Attention,United Kingdom
15996,88,7,1686.9,3,4,4,344,11,Loyal Customers,United Kingdom
15998,37,16,8308.34,4,5,5,455,14,Champions,United Kingdom
15999,736,1,20.4,1,1,1,111,3,Lost,United Kingdom
16000,3,3,12393.7,5,3,5,535,13,Loyal Customers,United Kingdom
16001,381,1,583.39,2,1,2,212,5,Lost,United Kingdom
16002,625,1,169.21,1,1,1,111,3,Lost,United Kingdom
16003,30,10,5613.83,4,5,5,455,14,Champions,United Kingdom
16004,475,5,2146.39,1,4,4,144,9,At Risk,United Kingdom
16005,12,10,2436.22,5,5,4,554,14,Champions,United Kingdom
16006,211,2,347.17,2,2,2,222,6,Lost,United Kingdom
16007,48,7,3075.14,4,4,5,445,13,Champions,United Kingdom
16008,24,15,5384.13,4,5,5,455,14,Champions,United Kingdom
16009,22,4,992.71,4,4,3,443,11,Loyal Customers,United Kingdom
16010,246,11,1724.06,2,5,4,254,11,At Risk,United Kingdom
16011,8,29,5880.46,5,5,5,555,15,Champions,United Kingdom
16012,35,5,2989.79,4,4,5,445,13,Champions,United Kingdom
16013,4,84,57446.44,5,5,5,555,15,Champions,United Kingdom
16014,38,5,1130.27,4,4,3,443,11,Loyal Customers,United Kingdom
16015,4,3,705.39,5,3,3,533,11,Loyal Customers,United Kingdom
16016,3,11,2533.94,5,5,4,554,14,Champions,United Kingdom
16017,47,5,1553.83,4,4,4,444,12,Champions,United Kingdom
16018,39,4,698.13,4,4,3,443,11,Loyal Customers,United Kingdom
16019,47,27,17465.85,4,5,5,455,14,Champions,United Kingdom
16020,17,3,851.01,5,3,3,533,11,Loyal Customers,United Kingdom
16021,395,2,532.25,2,2,2,222,6,Lost,United Kingdom
16022,260,1,628.28,2,1,3,213,6,Needs Attention,United Kingdom
16023,46,3,719.81,4,3,3,433,10,Loyal Customers,United Kingdom
16024,12,3,484.2,5,3,2,532,10,Loyal Customers,United Kingdom
16025,30,1,439.65999999999997,4,1,2,412,7,New Customers,United Kingdom
16026,43,1,236.09,4,1,1,411,6,New Customers,United Kingdom
16027,92,15,2048.36,3,5,4,354,12,Loyal Customers,United Kingdom
16028,596,1,82.2,1,1,1,111,3,Lost,United Kingdom
16029,39,107,122209.14,4,5,5,455,14,Champions,United Kingdom
16030,310,1,331.24,2,1,2,212,5,Lost,United Kingdom
16031,92,2,548.94,3,2,2,322,7,Promising,United Kingdom
16032,456,6,1970.45,1,4,4,144,9,At Risk,United Kingdom
16033,6,27,10836.13,5,5,5,555,15,Champions,United Kingdom
16034,196,6,928.72,2,4,3,243,9,At Risk,United Kingdom
16035,560,1,217.73,1,1,1,111,3,Lost,United Kingdom
16036,87,4,2556.84,3,4,4,344,11,Loyal Customers,United Kingdom
16037,270,5,1509.34,2,4,4,244,10,At Risk,United Kingdom
16038,8,3,471.78,5,3,2,532,10,Loyal Customers,United Kingdom
16039,424,2,456.4,1,2,2,122,5,Lost,United Kingdom
16040,65,7,2416.9,3,4,4,344,11,Loyal Customers,United Kingdom
16041,31,3,3166.4,4,3,5,435,12,Loyal Customers,United Kingdom
16042,22,8,2265.12,4,4,4,444,12,Champions,United Kingdom
16043,38,8,1856.59,4,4,4,444,12,Champions,United Kingdom
16044,435,1,340.84,1,1,2,112,4,Lost,United Kingdom
16045,120,8,3434.93,3,4,5,345,12,Loyal Customers,United Kingdom
16046,562,1,235.78,1,1,1,111,3,Lost,United Kingdom
16047,682,1,107.14,1,1,1,111,3,Lost,EIRE
16048,373,4,1075.23,2,4,3,243,9,At Risk,United Kingdom
16049,40,6,1899.68,4,4,4,444,12,Champions,United Kingdom
16050,174,3,300.7,3,3,2,332,8,Loyal Customers,United Kingdom
16051,682,1,188.44,1,1,1,111,3,Lost,United Kingdom
16052,54,1,362.06,4,1,2,412,7,New Customers,United Kingdom
16053,33,6,3634.84,4,4,5,445,13,Champions,United Kingdom
16054,145,4,2111.88,3,4,4,344,11,Loyal Customers,United Kingdom
16055,221,1,134.8,2,1,1,211,4,Lost,United Kingdom
16056,45,1,664.85,4,1,3,413,8,New Customers,United Kingdom
16057,16,10,3854.85,5,5,5,555,15,Champions,United Kingdom
16058,406,1,62.7,2,1,1,211,4,Lost,United Kingdom
16059,66,12,3217.77,3,5,5,355,13,Loyal Customers,United Kingdom
16060,401,3,541.95,2,3,2,232,7,Needs Attention,United Kingdom
16061,431,1,89.65,1,1,1,111,3,Lost,United Kingdom
16062,10,8,2863.45,5,5,4,554,14,Champions,United Kingdom
16063,260,1,335.32,2,1,2,212,5,Lost,United Kingdom
16064,725,1,111.0,1,1,1,111,3,Lost,United Kingdom
16065,365,8,2382.62,2,5,4,254,11,At Risk,United Kingdom
16066,17,5,1521.8700000000001,5,4,4,544,13,Champions,United Kingdom
16067,563,3,3395.29,1,3,5,135,9,Needs Attention,United Kingdom
16068,594,1,122.93,1,1,1,111,3,Lost,United Kingdom
16069,418,1,457.7,1,1,2,112,4,Lost,United Kingdom
16070,22,2,852.15,4,2,3,423,9,New Customers,United Kingdom
16071,45,4,1076.8,4,4,3,443,11,Loyal Customers,United Kingdom
16072,288,4,4328.89,2,4,5,245,11,At Risk,United Kingdom
16073,297,1,122.4,2,1,1,211,4,Lost,United Kingdom
16074,390,1,265.25,2,1,1,211,4,Lost,United Kingdom
16075,503,2,736.93,1,2,3,123,6,Needs Attention,United Kingdom
16076,3,10,2234.73,5,5,4,554,14,Champions,United Kingdom
16077,626,1,2300.3999999999996,1,1,4,114,6,Needs Attention,United Kingdom
16078,284,2,362.99,2,2,2,222,6,Lost,United Kingdom
16079,17,3,1352.0,5,3,4,534,12,Loyal Customers,United Kingdom
16080,82,4,602.56,3,4,2,342,9,Loyal Customers,United Kingdom
16081,56,8,4460.18,4,5,5,455,14,Champions,United Kingdom
16082,670,1,106.75,1,1,1,111,3,Lost,United Kingdom
16083,101,4,2351.42,3,4,4,344,11,Loyal Customers,United Kingdom
16084,299,1,436.18,2,1,2,212,5,Lost,United Kingdom
16085,23,12,2343.53,4,5,4,454,13,Champions,United Kingdom
16086,59,10,2864.99,4,5,4,454,13,Champions,United Kingdom
16087,389,5,1739.92,2,4,4,244,10,At Risk,United Kingdom
16088,576,2,1437.43,1,2,4,124,7,Needs Attention,United Kingdom
16089,386,2,271.44,2,2,1,221,5,Lost,United Kingdom
16090,624,1,205.91,1,1,1,111,3,Lost,United Kingdom
16091,155,2,315.06,3,2,2,322,7,Promising,United Kingdom
16092,115,6,1587.94,3,4,4,344,11,Loyal Customers,United Kingdom
16093,107,1,17.0,3,1,1,311,5,Promising,United Kingdom
16094,12,11,3695.56,5,5,5,555,15,Champions,United Kingdom
16095,456,1,447.05,1,1,2,112,4,Lost,United Kingdom
16096,264,4,1584.97,2,4,4,244,10,At Risk,United Kingdom
16097,240,1,185.04999999999998,2,1,1,211,4,Lost,United Kingdom
16098,88,14,4448.1,3,5,5,355,13,Loyal Customers,United Kingdom
16099,50,7,1573.2,4,4,4,444,12,Champions,United Kingdom
16100,463,1,582.64,1,1,2,112,4,Lost,United Kingdom
16101,71,4,3229.16,3,4,5,345,12,Loyal Customers,United Kingdom
16102,42,3,1842.1399999999999,4,3,4,434,11,Loyal Customers,United Kingdom
16103,7,22,6191.71,5,5,5,555,15,Champions,United Kingdom
16104,62,9,2778.61,3,5,4,354,12,Loyal Customers,United Kingdom
16105,249,5,2386.19,2,4,4,244,10,At Risk,United Kingdom
16106,66,1,108.38,3,1,1,311,5,Promising,United Kingdom
16107,18,7,3204.16,5,4,5,545,14,Champions,United Kingdom
16108,85,4,2235.92,3,4,4,344,11,Loyal Customers,United Kingdom
16109,219,3,939.48,2,3,3,233,8,Needs Attention,United Kingdom
16110,45,4,1819.27,4,4,4,444,12,Champions,United Kingdom
16111,428,1,562.48,1,1,2,112,4,Lost,United Kingdom
16112,143,4,195.74,3,4,1,341,8,Loyal Customers,United Kingdom
16113,183,1,161.38,3,1,1,311,5,Promising,United Kingdom
16114,171,1,135.75,3,1,1,311,5,Promising,United Kingdom
16115,10,12,2575.14,5,5,4,554,14,Champions,United Kingdom
16116,212,1,612.78,2,1,2,212,5,Lost,United Kingdom
16117,190,3,654.4,2,3,3,233,8,Needs Attention,United Kingdom
16118,653,1,4376.25,1,1,5,115,7,Needs Attention,United Kingdom
16119,8,8,1720.81,5,5,4,554,14,Champions,United Kingdom
16120,59,6,3056.91,4,4,5,445,13,Champions,United Kingdom
16121,57,5,1477.09,4,4,4,444,12,Champions,United Kingdom
16122,73,6,1001.34,3,4,3,343,10,Loyal Customers,United Kingdom
16123,52,1,307.78,4,1,2,412,7,New Customers,United Kingdom
16124,317,4,1772.49,2,4,4,244,10,At Risk,United Kingdom
16125,367,14,4587.65,2,5,5,255,12,At Risk,United Kingdom
16126,29,15,14646.8,4,5,5,455,14,Champions,United Kingdom
16127,39,2,801.3100000000001,4,2,3,423,9,New Customers,United Kingdom
16128,18,11,3801.05,5,5,5,555,15,Champions,United Kingdom
16129,407,3,1396.05,2,3,4,234,9,Needs Attention,United Kingdom
16130,422,4,987.48,1,4,3,143,8,At Risk,United Kingdom
16131,52,12,9957.42,4,5,5,455,14,Champions,United Kingdom
16132,544,2,664.1999999999999,1,2,3,123,6,Needs Attention,United Kingdom
16133,4,56,22992.26,5,5,5,555,15,Champions,United Kingdom
16134,22,5,2145.34,4,4,4,444,12,Champions,United Kingdom
16135,263,2,819.45,2,2,3,223,7,Needs Attention,United Kingdom
16136,60,4,946.8,3,4,3,343,10,Loyal Customers,United Kingdom
16137,680,1,422.7,1,1,2,112,4,Lost,United Kingdom
16138,379,3,910.35,2,3,3,233,8,Needs Attention,United Kingdom
16139,19,5,1111.15,5,4,3,543,12,Loyal Customers,United Kingdom
16140,66,3,1557.6,3,3,4,334,10,Loyal Customers,United Kingdom
16141,88,2,955.9399999999999,3,2,3,323,8,Needs Attention,United Kingdom
16142,250,1,535.34,2,1,2,212,5,Lost,United Kingdom
16143,3,12,4910.83,5,5,5,555,15,Champions,United Kingdom
16144,247,1,175.2,2,1,1,211,4,Lost,United Kingdom
16145,9,19,6805.44,5,5,5,555,15,Champions,United Kingdom
16146,157,4,946.38,3,4,3,343,10,Loyal Customers,United Kingdom
16147,134,5,2398.91,3,4,4,344,11,Loyal Customers,United Kingdom
16148,296,2,386.62,2,2,2,222,6,Lost,United Kingdom
16149,5,3,422.21999999999997,5,3,2,532,10,Loyal Customers,United Kingdom
16150,43,10,4395.59,4,5,5,455,14,Champions,United Kingdom
16152,269,1,1829.04,2,1,4,214,7,Needs Attention,United Kingdom
16153,50,11,5133.49,4,5,5,455,14,Champions,United Kingdom
16155,382,5,796.9,2,4,3,243,9,At Risk,United Kingdom
16156,9,20,6218.18,5,5,5,555,15,Champions,United Kingdom
16157,16,3,656.6899999999999,5,3,3,533,11,Loyal Customers,United Kingdom
16158,522,9,628.32,1,5,3,153,9,At Risk,United Kingdom
16159,282,4,1232.79,2,4,3,243,9,At Risk,United Kingdom
16160,65,2,1025.44,3,2,3,323,8,Needs Attention,United Kingdom
16161,2,43,12831.8,5,5,5,555,15,Champions,United Kingdom
16162,252,1,37.4,2,1,1,211,4,Lost,United Kingdom
16163,232,6,2849.58,2,4,4,244,10,At Risk,United Kingdom
16164,17,3,822.48,5,3,3,533,11,Loyal Customers,United Kingdom
16165,505,1,79.9,1,1,1,111,3,Lost,United Kingdom
16166,428,2,435.83,1,2,2,122,5,Lost,United Kingdom
16167,414,5,1386.12,1,4,4,144,9,At Risk,United Kingdom
16168,11,66,10636.47,5,5,5,555,15,Champions,United Kingdom
16169,8,4,1822.97,5,4,4,544,13,Champions,United Kingdom
16170,51,20,6869.0,4,5,5,455,14,Champions,United Kingdom
16171,59,1,73.19999999999999,4,1,1,411,6,New Customers,United Kingdom
16172,95,8,1884.55,3,5,4,354,12,Loyal Customers,United Kingdom
16173,16,6,1418.32,5,4,4,544,13,Champions,United Kingdom
16174,126,7,2246.75,3,4,4,344,11,Loyal Customers,United Kingdom
16175,94,7,1836.44,3,4,4,344,11,Loyal Customers,United Kingdom
16176,421,4,2052.69,1,4,4,144,9,At Risk,United Kingdom
16177,50,8,2247.31,4,5,4,454,13,Champions,United Kingdom
16178,138,2,612.6,3,2,2,322,7,Promising,United Kingdom
16179,61,1,215.83,3,1,1,311,5,Promising,United Kingdom
16180,100,13,16249.87,3,5,5,355,13,Loyal Customers,United Kingdom
16181,73,1,305.53999999999996,3,1,2,312,6,Promising,United Kingdom
16182,72,9,9971.65,3,5,5,355,13,Loyal Customers,United Kingdom
16183,67,4,1077.81,3,4,3,343,10,Loyal Customers,United Kingdom
16184,64,6,1158.79,3,4,3,343,10,Loyal Customers,United Kingdom
16185,17,3,644.72,5,3,3,533,11,Loyal Customers,United Kingdom
16186,23,26,9026.11,4,5,5,455,14,Champions,United Kingdom
16187,32,15,6911.44,4,5,5,455,14,Champions,United Kingdom
16188,45,5,1087.66,4,4,3,443,11,Loyal Customers,United Kingdom
16189,16,2,215.48,5,2,1,521,8,New Customers,United Kingdom
16190,40,8,2723.5499999999997,4,5,4,454,13,Champions,United Kingdom
16191,3,24,15688.02,5,5,5,555,15,Champions,United Kingdom
16192,736,1,351.3,1,1,2,112,4,Lost,United Kingdom
16193,237,2,630.43,2,2,3,223,7,Needs Attention,United Kingdom
16194,375,1,308.6,2,1,2,212,5,Lost,United Kingdom
16195,723,1,323.25,1,1,2,112,4,Lost,United Kingdom
16196,489,1,93.3,1,1,1,111,3,Lost,United Kingdom
16197,469,9,2016.71,1,5,4,154,10,At Risk,United Kingdom
16198,75,2,1030.04,3,2,3,323,8,Needs Attention,United Kingdom
16199,392,7,942.75,2,4,3,243,9,At Risk,United Kingdom
16200,4,12,5643.45,5,5,5,555,15,Champions,United Kingdom
16201,3,5,2112.12,5,4,4,544,13,Champions,United Kingdom
16202,361,9,2501.99,2,5,4,254,11,At Risk,United Kingdom
16203,59,6,1114.54,4,4,3,443,11,Loyal Customers,United Kingdom
16204,23,3,944.24,4,3,3,433,10,Loyal Customers,United Kingdom
16205,31,7,1830.61,4,4,4,444,12,Champions,United Kingdom
16206,55,13,2602.32,4,5,4,454,13,Champions,United Kingdom
16207,25,1,394.38,4,1,2,412,7,New Customers,United Kingdom
16208,45,10,3440.45,4,5,5,455,14,Champions,United Kingdom
16209,89,9,4146.78,3,5,5,355,13,Loyal Customers,United Kingdom
16210,2,35,38489.51,5,5,5,555,15,Champions,United Kingdom
16211,89,3,1090.59,3,3,3,333,9,Loyal Customers,United Kingdom
16212,19,4,1293.71,5,4,4,544,13,Champions,United Kingdom
16213,79,1,159.0,3,1,1,311,5,Promising,United Kingdom
16214,171,4,2038.25,3,4,4,344,11,Loyal Customers,United Kingdom
16215,81,1,242.35,3,1,1,311,5,Promising,United Kingdom
16216,267,1,914.93,2,1,3,213,6,Needs Attention,United Kingdom
16217,235,2,304.25,2,2,2,222,6,Lost,United Kingdom
16218,30,13,4439.97,4,5,5,455,14,Champions,United Kingdom
16219,501,1,40.8,1,1,1,111,3,Lost,United Kingdom
16221,37,9,2235.5099999999998,4,5,4,454,13,Champions,United Kingdom
16222,318,2,1345.22,2,2,4,224,8,Needs Attention,United Kingdom
16223,375,2,1102.35,2,2,3,223,7,Needs Attention,United Kingdom
16224,57,5,1616.54,4,4,4,444,12,Champions,United Kingdom
16225,45,15,2867.41,4,5,4,454,13,Champions,United Kingdom
16226,203,5,672.17,2,4,3,243,9,At Risk,United Kingdom
16227,225,3,1027.22,2,3,3,233,8,Needs Attention,United Kingdom
16228,385,3,890.81,2,3,3,233,8,Needs Attention,United Kingdom
16229,87,6,2867.86,3,4,4,344,11,Loyal Customers,United Kingdom
16230,190,2,542.03,2,2,2,222,6,Lost,United Kingdom
16231,379,4,1078.22,2,4,3,243,9,At Risk,United Kingdom
16232,44,7,2712.97,4,4,4,444,12,Champions,United Kingdom
16233,71,9,1965.71,3,5,4,354,12,Loyal Customers,United Kingdom
16234,476,3,333.18,1,3,2,132,6,Needs Attention,United Kingdom
16235,41,9,2053.71,4,5,4,454,13,Champions,United Kingdom
16236,78,1,432.2,3,1,2,312,6,Promising,United Kingdom
16237,437,1,136.65,1,1,1,111,3,Lost,United Kingdom
16238,423,1,63.66,1,1,1,111,3,Lost,United Kingdom
16239,57,6,1492.2,4,4,4,444,12,Champions,United Kingdom
16240,24,2,3718.8,4,2,5,425,11,New Customers,United Kingdom
16241,10,16,4329.31,5,5,5,555,15,Champions,United Kingdom
16242,8,14,7474.4,5,5,5,555,15,Champions,United Kingdom
16243,34,2,409.1,4,2,2,422,8,New Customers,United Kingdom
16244,212,2,2579.38,2,2,4,224,8,Needs Attention,United Kingdom
16245,24,3,1413.66,4,3,4,434,11,Loyal Customers,United Kingdom
16246,460,2,827.25,1,2,3,123,6,Needs Attention,United Kingdom
16247,170,1,114.56,3,1,1,311,5,Promising,United Kingdom
16248,62,1,152.94,3,1,1,311,5,Promising,United Kingdom
16249,53,5,1800.07,4,4,4,444,12,Champions,United Kingdom
16250,261,3,791.38,2,3,3,233,8,Needs Attention,United Kingdom
16251,512,1,128.31,1,1,1,111,3,Lost,United Kingdom
16252,383,1,295.09,2,1,2,212,5,Lost,United Kingdom
16253,67,7,7310.15,3,4,5,345,12,Loyal Customers,United Kingdom
16254,378,3,985.14,2,3,3,233,8,Needs Attention,United Kingdom
16255,17,15,4906.8,5,5,5,555,15,Champions,United Kingdom
16256,267,3,1629.37,2,3,4,234,9,Needs Attention,United Kingdom
16257,177,1,46.95,3,1,1,311,5,Promising,United Kingdom
16258,45,15,11942.52,4,5,5,455,14,Champions,United Kingdom
16259,410,3,361.94,2,3,2,232,7,Needs Attention,United Kingdom
16260,51,1,1035.45,4,1,3,413,8,New Customers,United Kingdom
16261,17,6,1059.45,5,4,3,543,12,Loyal Customers,United Kingdom
16262,378,1,755.15,2,1,3,213,6,Needs Attention,United Kingdom
16263,423,1,351.01,1,1,2,112,4,Lost,United Kingdom
16264,438,2,837.53,1,2,3,123,6,Needs Attention,United Kingdom
16265,9,12,6935.17,5,5,5,555,15,Champions,United Kingdom
16266,74,14,1757.95,3,5,4,354,12,Loyal Customers,United Kingdom
16267,591,1,186.66,1,1,1,111,3,Lost,United Kingdom
16268,71,2,667.65,3,2,3,323,8,Needs Attention,United Kingdom
16269,438,1,717.5699999999999,1,1,3,113,5,Needs Attention,United Kingdom
16270,353,1,1141.24,2,1,3,213,6,Needs Attention,United Kingdom
16271,3,10,3463.02,5,5,5,555,15,Champions,United Kingdom
16272,117,1,411.7,3,1,2,312,6,Promising,United Kingdom
16273,648,2,336.03999999999996,1,2,2,122,5,Lost,United Kingdom
16274,373,1,715.9,2,1,3,213,6,Needs Attention,United Kingdom
16275,197,3,2151.11,2,3,4,234,9,Needs Attention,United Kingdom
16276,177,3,2629.39,3,3,4,334,10,Loyal Customers,United Kingdom
16277,734,1,188.69,1,1,1,111,3,Lost,United Kingdom
16278,100,3,1117.84,3,3,3,333,9,Loyal Customers,United Kingdom
16279,21,9,5705.08,4,5,5,455,14,Champions,United Kingdom
16280,725,1,238.04999999999998,1,1,1,111,3,Lost,United Kingdom
16281,72,3,3424.02,3,3,5,335,11,Loyal Customers,United Kingdom
16282,340,3,1307.58,2,3,4,234,9,Needs Attention,United Kingdom
16283,6,8,4403.82,5,5,5,555,15,Champions,United Kingdom
16284,31,3,1029.77,4,3,3,433,10,Loyal Customers,United Kingdom
16285,646,1,176.9,1,1,1,111,3,Lost,United Kingdom
16286,477,2,328.95,1,2,2,122,5,Lost,United Kingdom
16287,170,5,1006.98,3,4,3,343,10,Loyal Customers,United Kingdom
16288,470,1,129.85,1,1,1,111,3,Lost,United Kingdom
16289,462,1,136.31,1,1,1,111,3,Lost,United Kingdom
16290,465,4,2069.3,1,4,4,144,9,At Risk,United Kingdom
16291,682,1,117.72,1,1,1,111,3,Lost,Portugal
16292,122,5,1253.76,3,4,4,344,11,Loyal Customers,United Kingdom
16293,22,15,4657.95,4,5,5,455,14,Champions,United Kingdom
16294,477,1,126.05,1,1,1,111,3,Lost,United Kingdom
16295,10,4,1328.55,5,4,4,544,13,Champions,United Kingdom
16296,626,4,1313.67,1,4,4,144,9,At Risk,United Kingdom
16297,269,1,301.9,2,1,2,212,5,Lost,United Kingdom
16298,23,7,1085.7,4,4,3,443,11,Loyal Customers,United Kingdom
16299,477,1,193.65,1,1,1,111,3,Lost,United Kingdom
16300,430,3,1392.43,1,3,4,134,8,Needs Attention,United Kingdom
16301,737,1,107.33,1,1,1,111,3,Lost,United Kingdom
16302,127,1,233.22,3,1,1,311,5,Promising,United Kingdom
16303,26,7,7928.2699999999995,4,4,5,445,13,Champions,United Kingdom
16304,695,1,381.65999999999997,1,1,2,112,4,Lost,United Kingdom
16305,139,1,361.22,3,1,2,312,6,Promising,United Kingdom
16306,214,7,1192.82,2,4,3,243,9,At Risk,United Kingdom
16307,429,3,1194.92,1,3,3,133,7,Needs Attention,United Kingdom
16308,38,7,5120.0,4,4,5,445,13,Champions,United Kingdom
16309,106,2,706.5699999999999,3,2,3,323,8,Needs Attention,United Kingdom
16310,414,2,460.08,1,2,2,122,5,Lost,United Kingdom
16311,18,2,616.26,5,2,2,522,9,New Customers,United Kingdom
16312,432,1,171.15,1,1,1,111,3,Lost,United Kingdom
16313,3,2,274.15,5,2,1,521,8,New Customers,United Kingdom
16314,390,3,1491.4,2,3,4,234,9,Needs Attention,United Kingdom
16315,331,2,402.71,2,2,2,222,6,Lost,United Kingdom
16316,64,13,5744.91,3,5,5,355,13,Loyal Customers,United Kingdom
16317,120,5,2192.5099999999998,3,4,4,344,11,Loyal Customers,United Kingdom
16318,35,1,328.15,4,1,2,412,7,New Customers,United Kingdom
16319,218,1,404.40000000000003,2,1,2,212,5,Lost,United Kingdom
16320,172,6,5628.99,3,4,5,345,12,Loyal Customers,Unspecified
16321,72,7,604.55,3,4,2,342,9,Loyal Customers,Australia
16322,1,2,326.75,5,2,2,522,9,New Customers,United Kingdom
16323,196,2,353.65999999999997,2,2,2,222,6,Lost,United Kingdom
16324,128,3,428.68,3,3,2,332,8,Loyal Customers,United Kingdom
16325,47,12,3597.5,4,5,5,455,14,Champions,United Kingdom
16326,6,24,4826.99,5,5,5,555,15,Champions,United Kingdom
16327,14,16,10731.34,5,5,5,555,15,Champions,United Kingdom
16328,563,1,310.83,1,1,2,112,4,Lost,United Kingdom
16329,428,4,1703.07,1,4,4,144,9,At Risk,United Kingdom
16330,18,7,634.33,5,4,3,543,12,Loyal Customers,United Kingdom
16331,432,6,2037.7,1,4,4,144,9,At Risk,United Kingdom
16332,28,11,2010.41,4,5,4,454,13,Champions,United Kingdom
16333,8,22,26626.8,5,5,5,555,15,Champions,United Kingdom
16334,492,1,277.48,1,1,1,111,3,Lost,United Kingdom
16335,552,7,2774.0,1,4,4,144,9,At Risk,United Kingdom
16336,421,4,3517.69,1,4,5,145,10,At Risk,United Kingdom
16337,37,1,151.05,4,1,1,411,6,New Customers,United Kingdom
16338,157,1,214.8,3,1,1,311,5,Promising,United Kingdom
16339,284,1,109.95,2,1,1,211,4,Lost,United Kingdom
16340,107,3,1526.06,3,3,4,334,10,Loyal Customers,United Kingdom
16341,25,7,3850.79,4,4,5,445,13,Champions,United Kingdom
16342,75,4,322.41,3,4,2,342,9,Loyal Customers,United Kingdom
16343,16,3,687.07,5,3,3,533,11,Loyal Customers,United Kingdom
16344,158,4,842.42,3,4,3,343,10,Loyal Customers,United Kingdom
16345,44,2,1198.74,4,2,3,423,9,New Customers,United Kingdom
16346,385,1,224.51,2,1,1,211,4,Lost,United Kingdom
16347,11,11,3509.41,5,5,5,555,15,Champions,United Kingdom
16348,32,8,1798.22,4,5,4,454,13,Champions,United Kingdom
16349,291,1,53.5,2,1,1,211,4,Lost,United Kingdom
16350,21,9,2253.89,4,5,4,454,13,Champions,United Kingdom
16351,333,13,3330.0299999999997,2,5,5,255,12,At Risk,United Kingdom
16352,18,2,494.44,5,2,2,522,9,New Customers,United Kingdom
16353,4,38,9999.46,5,5,5,555,15,Champions,United Kingdom
16354,63,5,1129.51,3,4,3,343,10,Loyal Customers,United Kingdom
16355,375,1,416.35,2,1,2,212,5,Lost,United Kingdom
16356,198,6,415.87,2,4,2,242,8,At Risk,United Kingdom
16357,33,4,868.37,4,4,3,443,11,Loyal Customers,United Kingdom
16358,1,5,2919.65,5,4,4,544,13,Champions,United Kingdom
16359,7,16,2697.75,5,5,4,554,14,Champions,United Kingdom
16360,5,6,3512.53,5,4,5,545,14,Champions,United Kingdom
16361,10,4,896.66,5,4,3,543,12,Loyal Customers,United Kingdom
16362,32,6,946.94,4,4,3,443,11,Loyal Customers,United Kingdom
16363,53,1,109.36,4,1,1,411,6,New Customers,United Kingdom
16364,12,2,707.04,5,2,3,523,10,New Customers,United Kingdom
16365,18,15,3307.2,5,5,5,555,15,Champions,United Kingdom
16366,19,4,1548.1299999999999,5,4,4,544,13,Champions,United Kingdom
16367,37,3,1362.4,4,3,4,434,11,Loyal Customers,United Kingdom
16368,2,3,640.21,5,3,3,533,11,Loyal Customers,United Kingdom
16369,18,7,2664.81,5,4,4,544,13,Champions,United Kingdom
16370,82,4,1320.56,3,4,4,344,11,Loyal Customers,United Kingdom
16371,449,1,157.2,1,1,1,111,3,Lost,United Kingdom
16372,33,5,1328.61,4,4,4,444,12,Champions,United Kingdom
16373,382,2,309.49,2,2,2,222,6,Lost,United Kingdom
16374,66,5,1771.45,3,4,4,344,11,Loyal Customers,United Kingdom
16375,470,2,104.0,1,2,1,121,4,Lost,United Kingdom
16376,9,2,987.01,5,2,3,523,10,New Customers,United Kingdom
16377,267,2,1308.48,2,2,4,224,8,Needs Attention,United Kingdom
16378,247,3,362.95,2,3,2,232,7,Needs Attention,United Kingdom
16379,4,4,2157.4,5,4,4,544,13,Champions,United Kingdom
16380,61,1,1780.59,3,1,4,314,8,Needs Attention,United Kingdom
16381,396,2,258.7,2,2,1,221,5,Lost,United Kingdom
16382,408,2,353.1,2,2,2,222,6,Lost,United Kingdom
16383,75,7,2974.84,3,4,5,345,12,Loyal Customers,United Kingdom
16384,90,4,1358.95,3,4,4,344,11,Loyal Customers,United Kingdom
16385,60,5,1030.61,3,4,3,343,10,Loyal Customers,United Kingdom
16386,29,3,1102.59,4,3,3,433,10,Loyal Customers,United Kingdom
16387,323,5,918.55,2,4,3,243,9,At Risk,United Kingdom
16388,654,1,186.05,1,1,1,111,3,Lost,United Kingdom
16389,53,4,1382.07,4,4,4,444,12,Champions,United Kingdom
16390,537,3,467.5,1,3,2,132,6,Needs Attention,United Kingdom
16391,401,4,1103.61,2,4,3,243,9,At Risk,United Kingdom
16392,270,3,763.05,2,3,3,233,8,Needs Attention,United Kingdom
16393,2,23,5561.66,5,5,5,555,15,Champions,United Kingdom
16394,57,5,1555.34,4,4,4,444,12,Champions,United Kingdom
16395,61,14,3537.85,3,5,5,355,13,Loyal Customers,United Kingdom
16396,476,1,137.8,1,1,1,111,3,Lost,United Kingdom
16397,628,1,127.88,1,1,1,111,3,Lost,United Kingdom
16398,154,2,1705.8,3,2,4,324,9,Needs Attention,United Kingdom
16399,19,3,641.82,5,3,3,533,11,Loyal Customers,United Kingdom
16400,95,9,3159.44,3,5,5,355,13,Loyal Customers,United Kingdom
16401,1,23,6849.15,5,5,5,555,15,Champions,United Kingdom
16402,265,2,511.4,2,2,2,222,6,Lost,United Kingdom
16403,312,1,177.5,2,1,1,211,4,Lost,United Kingdom
16404,70,1,443.05,3,1,2,312,6,Promising,United Kingdom
16405,302,2,167.25,2,2,1,221,5,Lost,United Kingdom
16406,19,3,552.68,5,3,2,532,10,Loyal Customers,United Kingdom
16407,13,14,2821.65,5,5,4,554,14,Champions,United Kingdom
16408,591,1,231.93,1,1,1,111,3,Lost,United Kingdom
16409,36,12,5709.04,4,5,5,455,14,Champions,United Kingdom
16410,734,1,130.32,1,1,1,111,3,Lost,United Kingdom
16411,19,4,910.19,5,4,3,543,12,Loyal Customers,United Kingdom
16412,54,5,647.23,4,4,3,443,11,Loyal Customers,United Kingdom
16413,57,2,528.98,4,2,2,422,8,New Customers,United Kingdom
16414,22,5,559.71,4,4,2,442,10,Loyal Customers,United Kingdom
16415,44,3,719.44,4,3,3,433,10,Loyal Customers,United Kingdom
16416,27,9,2972.88,4,5,5,455,14,Champions,United Kingdom
16417,493,1,35.7,1,1,1,111,3,Lost,United Kingdom
16418,45,5,1101.94,4,4,3,443,11,Loyal Customers,United Kingdom
16419,113,8,1487.42,3,5,4,354,12,Loyal Customers,United Kingdom
16420,396,1,75.0,2,1,1,211,4,Lost,United Kingdom
16421,376,3,526.27,2,3,2,232,7,Needs Attention,United Kingdom
16422,17,109,63651.47,5,5,5,555,15,Champions,United Kingdom
16423,25,1,346.12,4,1,2,412,7,New Customers,United Kingdom
16424,191,2,443.06,2,2,2,222,6,Lost,United Kingdom
16425,302,1,302.7,2,1,2,212,5,Lost,United Kingdom
16426,2,10,1908.25,5,5,4,554,14,Champions,United Kingdom
16427,263,2,241.06,2,2,1,221,5,Lost,United Kingdom
16428,414,3,660.28,1,3,3,133,7,Needs Attention,United Kingdom
16429,106,1,284.55,3,1,1,311,5,Promising,United Kingdom
16430,57,7,1117.94,4,4,3,443,11,Loyal Customers,United Kingdom
16431,213,3,642.81,2,3,3,233,8,Needs Attention,United Kingdom
16432,64,1,287.40000000000003,3,1,1,311,5,Promising,United Kingdom
16433,28,2,384.52,4,2,2,422,8,New Customers,United Kingdom
16434,29,12,2741.74,4,5,4,454,13,Champions,United Kingdom
16435,512,3,1011.5699999999999,1,3,3,133,7,Needs Attention,United Kingdom
16436,668,3,329.34,1,3,2,132,6,Needs Attention,United Kingdom
16437,381,2,301.25,2,2,2,222,6,Lost,United Kingdom
16438,6,5,798.35,5,4,3,543,12,Loyal Customers,United Kingdom
16439,722,1,310.7,1,1,2,112,4,Lost,United Kingdom
16440,8,6,3856.97,5,4,5,545,14,Champions,United Kingdom
16441,67,5,1034.43,3,4,3,343,10,Loyal Customers,United Kingdom
16442,2,5,899.47,5,4,3,543,12,Loyal Customers,United Kingdom
16443,521,1,162.24,1,1,1,111,3,Lost,United Kingdom
16444,46,17,3656.58,4,5,5,455,14,Champions,United Kingdom
16445,34,4,602.73,4,4,2,442,10,Loyal Customers,United Kingdom
16446,1,2,168472.5,5,2,5,525,12,New Customers,United Kingdom
16447,136,3,775.14,3,3,3,333,9,Loyal Customers,United Kingdom
16448,198,2,367.87,2,2,2,222,6,Lost,United Kingdom
16449,198,2,707.69,2,2,3,223,7,Needs Attention,United Kingdom
16450,150,3,1505.73,3,3,4,334,10,Loyal Customers,United Kingdom
16451,88,3,1013.15,3,3,3,333,9,Loyal Customers,United Kingdom
16452,631,2,332.17,1,2,2,122,5,Lost,United Kingdom
16453,531,2,251.71,1,2,1,121,4,Lost,United Kingdom
16454,45,4,30.950000000000003,4,4,1,441,9,Loyal Customers,United Kingdom
16455,64,11,4384.37,3,5,5,355,13,Loyal Customers,United Kingdom
16456,99,13,6862.91,3,5,5,355,13,Loyal Customers,United Kingdom
16457,218,1,208.36,2,1,1,211,4,Lost,United Kingdom
16458,3,30,5715.34,5,5,5,555,15,Champions,United Kingdom
16459,730,1,71.78999999999999,1,1,1,111,3,Lost,United Kingdom
16460,28,3,814.72,4,3,3,433,10,Loyal Customers,United Kingdom
16461,178,3,1615.22,3,3,4,334,10,Loyal Customers,United Kingdom
16462,74,3,136.0,3,3,1,331,7,Loyal Customers,United Kingdom
16463,21,4,1422.4,4,4,4,444,12,Champions,United Kingdom
16464,20,3,1314.68,4,3,4,434,11,Loyal Customers,United Kingdom
16465,421,2,746.24,1,2,3,123,6,Needs Attention,United Kingdom
16466,34,15,3838.59,4,5,5,455,14,Champions,United Kingdom
16467,509,7,2869.16,1,4,4,144,9,At Risk,United Kingdom
16468,74,3,787.52,3,3,3,333,9,Loyal Customers,United Kingdom
16469,24,5,828.91,4,4,3,443,11,Loyal Customers,United Kingdom
16470,52,11,2458.6,4,5,4,454,13,Champions,United Kingdom
16471,275,4,1189.98,2,4,3,243,9,At Risk,United Kingdom
16472,434,2,789.6,1,2,3,123,6,Needs Attention,United Kingdom
16473,165,4,470.83,3,4,2,342,9,Loyal Customers,United Kingdom
16474,7,7,1871.5,5,4,4,544,13,Champions,United Kingdom
16475,88,4,544.3,3,4,2,342,9,Loyal Customers,United Kingdom
16476,432,1,350.35,1,1,2,112,4,Lost,United Kingdom
16477,64,11,4320.0199999999995,3,5,5,355,13,Loyal Customers,United Kingdom
16478,25,3,331.0,4,3,2,432,9,Loyal Customers,United Kingdom
16479,10,2,300.83,5,2,2,522,9,New Customers,United Kingdom
16480,76,1,769.29,3,1,3,313,7,Needs Attention,United Kingdom
16481,682,1,453.38,1,1,2,112,4,Lost,United Kingdom
16482,16,1,220.62,5,1,1,511,7,New Customers,United Kingdom
16483,192,1,139.35,2,1,1,211,4,Lost,United Kingdom
16484,174,2,404.3,3,2,2,322,7,Promising,United Kingdom
16485,77,5,2294.68,3,4,4,344,11,Loyal Customers,United Kingdom
16486,538,1,134.36,1,1,1,111,3,Lost,United Kingdom
16487,577,2,209.4,1,2,1,121,4,Lost,United Kingdom
16488,33,3,498.8,4,3,2,432,9,Loyal Customers,United Kingdom
16489,380,2,303.7,2,2,2,222,6,Lost,United Kingdom
16490,436,1,205.41,1,1,1,111,3,Lost,United Kingdom
16491,47,2,1533.16,4,2,4,424,10,New Customers,United Kingdom
16492,541,1,385.56,1,1,2,112,4,Lost,United Kingdom
16493,80,7,2132.09,3,4,4,344,11,Loyal Customers,United Kingdom
16494,297,1,826.53,2,1,3,213,6,Needs Attention,United Kingdom
16495,3,3,684.41,5,3,3,533,11,Loyal Customers,United Kingdom
16496,9,6,2330.77,5,4,4,544,13,Champions,United Kingdom
16497,50,23,6695.28,4,5,5,455,14,Champions,United Kingdom
16498,161,2,100.97,3,2,1,321,6,Promising,United Kingdom
16499,360,8,2578.34,2,5,4,254,11,At Risk,United Kingdom
16500,5,9,843.91,5,5,3,553,13,Loyal Customers,United Kingdom
16501,383,1,1237.23,2,1,3,213,6,Needs Attention,United Kingdom
16502,620,2,266.5,1,2,1,121,4,Lost,United Kingdom
16503,107,11,3614.34,3,5,5,355,13,Loyal Customers,United Kingdom
16504,25,1,484.38,4,1,2,412,7,New Customers,United Kingdom
16505,32,1,777.5999999999999,4,1,3,413,8,New Customers,United Kingdom
16506,20,2,90.3,4,2,1,421,7,New Customers,United Kingdom
16507,572,1,152.76,1,1,1,111,3,Lost,United Kingdom
16508,630,1,248.8,1,1,1,111,3,Lost,United Kingdom
16509,297,1,363.7,2,1,2,212,5,Lost,United Kingdom
16510,372,6,2100.0,2,4,4,244,10,At Risk,United Kingdom
16511,22,6,1819.02,4,4,4,444,12,Champions,United Kingdom
16513,5,4,874.59,5,4,3,543,12,Loyal Customers,United Kingdom
16515,52,10,3216.3,4,5,5,455,14,Champions,United Kingdom
16516,30,1,101.69999999999999,4,1,1,411,6,New Customers,United Kingdom
16517,277,1,162.70000000000002,2,1,1,211,4,Lost,United Kingdom
16518,61,4,959.37,3,4,3,343,10,Loyal Customers,United Kingdom
16519,25,4,556.26,4,4,2,442,10,Loyal Customers,United Kingdom
16520,186,6,2482.62,3,4,4,344,11,Loyal Customers,United Kingdom
16521,415,3,1148.01,1,3,3,133,7,Needs Attention,United Kingdom
16522,436,2,433.36,1,2,2,122,5,Lost,United Kingdom
16523,2,28,11916.33,5,5,5,555,15,Champions,United Kingdom
16524,446,2,308.14,1,2,2,122,5,Lost,United Kingdom
16525,2,48,24582.64,5,5,5,555,15,Champions,United Kingdom
16526,172,2,717.21,3,2,3,323,8,Needs Attention,United Kingdom
16527,81,2,1272.44,3,2,4,324,9,Needs Attention,United Kingdom
16528,4,1,244.41,5,1,1,511,7,New Customers,United Kingdom
16529,190,4,2012.0,2,4,4,244,10,At Risk,United Kingdom
16530,668,1,48.35,1,1,1,111,3,Lost,United Kingdom
16531,22,11,2298.33,4,5,4,454,13,Champions,United Kingdom
16532,18,5,8756.64,5,4,5,545,14,Champions,United Kingdom
16533,19,3,1095.56,5,3,3,533,11,Loyal Customers,United Kingdom
16534,642,1,635.9,1,1,3,113,5,Needs Attention,United Kingdom
16535,5,3,1001.59,5,3,3,533,11,Loyal Customers,United Kingdom
16536,110,1,548.97,3,1,2,312,6,Promising,United Kingdom
16537,641,1,23.35,1,1,1,111,3,Lost,United Kingdom
16538,541,3,399.62,1,3,2,132,6,Needs Attention,United Kingdom
16539,3,10,3732.0099999999998,5,5,5,555,15,Champions,United Kingdom
16540,414,1,226.7,1,1,1,111,3,Lost,United Kingdom
16541,735,1,424.03,1,1,2,112,4,Lost,United Kingdom
16542,54,2,257.32,4,2,1,421,7,New Customers,United Kingdom
16543,592,1,292.21,1,1,2,112,4,Lost,United Kingdom
16544,520,4,376.7,1,4,2,142,7,At Risk,United Kingdom
16545,165,2,689.8199999999999,3,2,3,323,8,Needs Attention,United Kingdom
16546,291,5,5606.47,2,4,5,245,11,At Risk,United Kingdom
16547,546,1,111.71,1,1,1,111,3,Lost,United Kingdom
16548,599,1,30.15,1,1,1,111,3,Lost,United Kingdom
16549,10,34,13182.19,5,5,5,555,15,Champions,United Kingdom
16550,109,18,9435.13,3,5,5,355,13,Loyal Customers,United Kingdom
16551,96,7,2237.12,3,4,4,344,11,Loyal Customers,United Kingdom
16552,243,2,475.02,2,2,2,222,6,Lost,United Kingdom
16553,163,33,16644.01,3,5,5,355,13,Loyal Customers,United Kingdom
16554,42,8,2841.72,4,5,4,454,13,Champions,United Kingdom
16555,35,6,1915.68,4,4,4,444,12,Champions,United Kingdom
16556,67,17,8012.58,3,5,5,355,13,Loyal Customers,United Kingdom
16557,24,2,281.85,4,2,1,421,7,New Customers,United Kingdom
16558,1,38,13873.51,5,5,5,555,15,Champions,United Kingdom
16559,397,1,185.2,2,1,1,211,4,Lost,United Kingdom
16560,27,8,3048.38,4,5,5,455,14,Champions,United Kingdom
16561,6,2,511.12,5,2,2,522,9,New Customers,United Kingdom
16562,477,1,223.86,1,1,1,111,3,Lost,United Kingdom
16563,54,6,4422.76,4,4,5,445,13,Champions,United Kingdom
16564,569,1,87.80000000000001,1,1,1,111,3,Lost,United Kingdom
16565,364,4,773.05,2,4,3,243,9,At Risk,United Kingdom
16566,15,5,614.66,5,4,2,542,11,Loyal Customers,United Kingdom
16567,194,2,865.6,2,2,3,223,7,Needs Attention,United Kingdom
16568,428,2,1020.9,1,2,3,123,6,Needs Attention,United Kingdom
16569,3,5,1455.23,5,4,4,544,13,Champions,United Kingdom
16570,15,20,7434.31,5,5,5,555,15,Champions,United Kingdom
16571,27,10,4248.74,4,5,5,455,14,Champions,United Kingdom
16572,127,3,1009.6,3,3,3,333,9,Loyal Customers,United Kingdom
16573,85,2,663.61,3,2,3,323,8,Needs Attention,United Kingdom
16574,71,3,1301.78,3,3,4,334,10,Loyal Customers,United Kingdom
16576,420,2,540.87,1,2,2,122,5,Lost,United Kingdom
16577,667,1,380.0,1,1,2,112,4,Lost,United Kingdom
16578,626,1,156.6,1,1,1,111,3,Lost,United Kingdom
16579,426,1,295.05,1,1,2,112,4,Lost,United Kingdom
16581,183,1,105.84,3,1,1,311,5,Promising,United Kingdom
16582,113,1,313.62,3,1,2,312,6,Promising,United Kingdom
16583,374,2,531.4,2,2,2,222,6,Lost,United Kingdom
16584,80,5,3163.67,3,4,5,345,12,Loyal Customers,United Kingdom
16585,594,2,341.59000000000003,1,2,2,122,5,Lost,United Kingdom
16586,249,3,1462.78,2,3,4,234,9,Needs Attention,United Kingdom
16587,232,1,225.15,2,1,1,211,4,Lost,United Kingdom
16588,386,4,1361.28,2,4,4,244,10,At Risk,United Kingdom
16589,71,4,612.36,3,4,2,342,9,Loyal Customers,United Kingdom
16590,401,2,605.9,2,2,2,222,6,Lost,United Kingdom
16591,69,1,213.5,3,1,1,311,5,Promising,United Kingdom
16592,4,28,7807.91,5,5,5,555,15,Champions,United Kingdom
16593,51,8,1071.14,4,5,3,453,12,Loyal Customers,United Kingdom
16594,75,1,181.09,3,1,1,311,5,Promising,United Kingdom
16595,61,5,1810.18,3,4,4,344,11,Loyal Customers,United Kingdom
16596,16,4,579.63,5,4,2,542,11,Loyal Customers,United Kingdom
16597,4,1,90.03999999999999,5,1,1,511,7,New Customers,United Kingdom
16598,286,1,145.05,2,1,1,211,4,Lost,United Kingdom
16599,386,1,172.8,2,1,1,211,4,Lost,United Kingdom
16600,4,13,2153.41,5,5,4,554,14,Champions,United Kingdom
16601,41,3,684.25,4,3,3,433,10,Loyal Customers,United Kingdom
16602,36,2,763.3299999999999,4,2,3,423,9,New Customers,United Kingdom
16603,75,2,482.46999999999997,3,2,2,322,7,Promising,United Kingdom
16604,563,2,432.45,1,2,2,122,5,Lost,United Kingdom
16605,724,1,60.48,1,1,1,111,3,Lost,United Kingdom
16606,404,2,357.66,2,2,2,222,6,Lost,United Kingdom
16607,18,25,5706.87,5,5,5,555,15,Champions,United Kingdom
16608,454,2,1288.72,1,2,4,124,7,Needs Attention,United Kingdom
16609,15,7,5493.46,5,4,5,545,14,Champions,United Kingdom
16610,219,1,75.66,2,1,1,211,4,Lost,United Kingdom
16611,186,6,1785.1299999999999,3,4,4,344,11,Loyal Customers,United Kingdom
16612,33,9,3245.43,4,5,5,455,14,Champions,United Kingdom
16613,70,1,618.59,3,1,3,313,7,Needs Attention,United Kingdom
16614,183,3,1179.79,3,3,3,333,9,Loyal Customers,United Kingdom
16615,626,1,291.5,1,1,2,112,4,Lost,United Kingdom
16616,15,2,500.42,5,2,2,522,9,New Customers,United Kingdom
16617,236,1,151.85,2,1,1,211,4,Lost,United Kingdom
16618,31,5,2647.59,4,4,4,444,12,Champions,United Kingdom
16619,264,4,1938.33,2,4,4,244,10,At Risk,United Kingdom
16620,4,6,1758.93,5,4,4,544,13,Champions,United Kingdom
16621,52,4,813.48,4,4,3,443,11,Loyal Customers,United Kingdom
16622,544,1,225.4,1,1,1,111,3,Lost,United Kingdom
16623,246,4,1015.24,2,4,3,243,9,At Risk,United Kingdom
16624,81,2,810.57,3,2,3,323,8,Needs Attention,United Kingdom
16625,275,5,1654.03,2,4,4,244,10,At Risk,United Kingdom
16626,1,17,4413.1,5,5,5,555,15,Champions,United Kingdom
16627,79,1,322.8,3,1,2,312,6,Promising,United Kingdom
16628,30,7,2318.1,4,4,4,444,12,Champions,United Kingdom
16629,74,2,417.73,3,2,2,322,7,Promising,United Kingdom
16630,407,1,106.8,2,1,1,211,4,Lost,United Kingdom
16631,482,7,1892.52,1,4,4,144,9,At Risk,United Kingdom
16632,486,2,406.4,1,2,2,122,5,Lost,United Kingdom
16633,17,6,2883.1,5,4,4,544,13,Champions,United Kingdom
16634,223,6,1814.61,2,4,4,244,10,At Risk,United Kingdom
16635,407,1,473.0,2,1,2,212,5,Lost,United Kingdom
16636,438,4,3802.04,1,4,5,145,10,At Risk,United Kingdom
16637,32,4,1154.47,4,4,3,443,11,Loyal Customers,United Kingdom
16638,23,15,2430.53,4,5,4,454,13,Champions,United Kingdom
16639,31,4,1747.98,4,4,4,444,12,Champions,United Kingdom
16640,398,1,179.4,2,1,1,211,4,Lost,United Kingdom
16641,106,2,554.5,3,2,2,322,7,Promising,United Kingdom
16642,5,3,1077.45,5,3,3,533,11,Loyal Customers,United Kingdom
16643,246,2,923.11,2,2,3,223,7,Needs Attention,United Kingdom
16644,178,2,833.78,3,2,3,323,8,Needs Attention,United Kingdom
16645,736,1,160.39,1,1,1,111,3,Lost,United Kingdom
16646,449,1,678.8,1,1,3,113,5,Needs Attention,United Kingdom
16647,170,4,541.9,3,4,2,342,9,Loyal Customers,United Kingdom
16648,43,3,672.8,4,3,3,433,10,Loyal Customers,United Kingdom
16649,520,1,306.58,1,1,2,112,4,Lost,United Kingdom
16650,72,7,1916.11,3,4,4,344,11,Loyal Customers,United Kingdom
16651,587,1,136.2,1,1,1,111,3,Lost,United Kingdom
16652,59,16,17550.39,4,5,5,455,14,Champions,United Kingdom
16653,16,2,1212.66,5,2,3,523,10,New Customers,United Kingdom
16654,141,8,1711.47,3,5,4,354,12,Loyal Customers,United Kingdom
16655,18,13,6548.37,5,5,5,555,15,Champions,United Kingdom
16656,22,30,16833.170000000002,4,5,5,455,14,Champions,United Kingdom
16657,10,4,933.62,5,4,3,543,12,Loyal Customers,United Kingdom
16658,368,6,814.07,2,4,3,243,9,At Risk,United Kingdom
16659,189,1,39.12,3,1,1,311,5,Promising,United Kingdom
16660,16,7,1879.55,5,4,4,544,13,Champions,United Kingdom
16661,540,4,986.63,1,4,3,143,8,At Risk,United Kingdom
16662,394,1,163.8,2,1,1,211,4,Lost,United Kingdom
16663,729,1,165.0,1,2,1,121,4,Lost,United Kingdom
16664,569,1,109.2,1,2,1,121,4,Lost,United Kingdom
16665,362,1,135.4,2,2,1,221,5,Lost,United Kingdom
16666,19,2,225.94,5,2,1,521,8,New Customers,United Kingdom
16667,68,2,570.13,3,2,2,322,7,Promising,United Kingdom
16668,15,13,862.42,5,5,3,553,13,Loyal Customers,United Kingdom
16669,24,3,1374.87,4,3,4,434,11,Loyal Customers,United Kingdom
16670,17,20,8030.15,5,5,5,555,15,Champions,United Kingdom
16671,28,3,1692.27,4,3,4,434,11,Loyal Customers,United Kingdom
16672,2,20,8134.94,5,5,5,555,15,Champions,United Kingdom
16673,679,1,188.82999999999998,1,2,1,121,4,Lost,United Kingdom
16674,55,2,319.61,4,2,2,422,8,New Customers,United Kingdom
16675,442,2,608.86,1,2,2,122,5,Lost,United Kingdom
16676,34,6,2361.9,4,4,4,444,12,Champions,United Kingdom
16677,411,2,880.62,1,2,3,123,6,Needs Attention,United Kingdom
16678,3,12,3109.99,5,5,5,555,15,Champions,United Kingdom
16679,366,3,793.06,2,3,3,233,8,Needs Attention,United Kingdom
16680,43,3,821.45,4,3,3,433,10,Loyal Customers,United Kingdom
16681,73,7,1921.84,3,4,4,344,11,Loyal Customers,United Kingdom
16682,5,5,1028.0,5,4,3,543,12,Loyal Customers,United Kingdom
16683,534,1,320.25,1,2,2,122,5,Lost,United Kingdom
16684,4,55,147142.77,5,5,5,555,15,Champions,United Kingdom
16685,61,2,324.24,3,2,2,322,7,Promising,United Kingdom
16686,47,16,5070.92,4,5,5,455,14,Champions,United Kingdom
16687,391,1,157.63,2,2,1,221,5,Lost,United Kingdom
16688,1,4,1260.8600000000001,5,4,4,544,13,Champions,United Kingdom
16689,76,2,422.6,3,2,2,322,7,Promising,United Kingdom
16690,72,4,353.03000000000003,3,4,2,342,9,Loyal Customers,United Kingdom
16691,418,2,178.82999999999998,1,2,1,121,4,Lost,United Kingdom
16692,256,4,1914.7,2,4,4,244,10,At Risk,United Kingdom
16693,69,5,1199.46,3,4,3,343,10,Loyal Customers,United Kingdom
16694,723,1,98.3,1,2,1,121,4,Lost,United Kingdom
16695,562,2,193.15,1,2,1,121,4,Lost,United Kingdom
16696,135,4,657.9,3,4,3,343,10,Loyal Customers,United Kingdom
16697,241,1,112.75,2,2,1,221,5,Lost,United Kingdom
16698,227,2,1998.0,2,2,4,224,8,Needs Attention,United Kingdom
16699,380,7,994.6,2,4,3,243,9,At Risk,United Kingdom
16700,9,25,9167.71,5,5,5,555,15,Champions,United Kingdom
16701,9,26,9916.73,5,5,5,555,15,Champions,United Kingdom
16702,415,4,1110.83,1,4,3,143,8,At Risk,United Kingdom
16704,618,2,695.66,1,2,3,123,6,Needs Attention,United Kingdom
16705,1,42,43515.05,5,5,5,555,15,Champions,United Kingdom
16706,37,3,531.35,4,3,2,432,9,Loyal Customers,United Kingdom
16707,400,4,551.11,2,4,2,242,8,At Risk,United Kingdom
16708,46,1,656.63,4,2,3,423,9,New Customers,United Kingdom
16709,85,14,9087.46,3,5,5,355,13,Loyal Customers,United Kingdom
16710,19,22,6349.09,5,5,5,555,15,Champions,United Kingdom
16711,3,9,2868.48,5,5,4,554,14,Champions,United Kingdom
16712,9,13,4266.99,5,5,5,555,15,Champions,United Kingdom
16713,19,32,14560.69,5,5,5,555,15,Champions,United Kingdom
16714,219,4,1529.8,2,4,4,244,10,At Risk,United Kingdom
16715,78,2,625.52,3,2,3,323,8,Needs Attention,United Kingdom
16716,267,3,2149.68,2,3,4,234,9,Needs Attention,United Kingdom
16717,24,14,6986.23,4,5,5,455,14,Champions,United Kingdom
16718,369,5,3647.53,2,4,5,245,11,At Risk,United Kingdom
16719,15,14,3973.3,5,5,5,555,15,Champions,United Kingdom
16720,26,3,795.48,4,3,3,433,10,Loyal Customers,United Kingdom
16721,262,1,292.47,2,2,2,222,6,Lost,United Kingdom
16722,17,22,8989.08,5,5,5,555,15,Champions,United Kingdom
16723,91,4,1301.63,3,4,4,344,11,Loyal Customers,United Kingdom
16724,405,1,147.35,2,2,1,221,5,Lost,United Kingdom
16725,302,14,1882.11,2,5,4,254,11,At Risk,United Kingdom
16726,26,7,2088.41,4,4,4,444,12,Champions,United Kingdom
16727,364,4,1437.42,2,4,4,244,10,At Risk,United Kingdom
16728,46,4,1054.67,4,4,3,443,11,Loyal Customers,United Kingdom
16729,38,21,7239.92,4,5,5,455,14,Champions,United Kingdom
16730,52,3,743.11,4,3,3,433,10,Loyal Customers,United Kingdom
16731,648,1,174.05,1,2,1,121,4,Lost,United Kingdom
16732,32,4,4387.64,4,4,5,445,13,Champions,United Kingdom
16733,530,1,259.68,1,2,1,121,4,Lost,United Kingdom
16734,52,3,650.51,4,3,3,433,10,Loyal Customers,United Kingdom
16735,79,14,6270.56,3,5,5,355,13,Loyal Customers,United Kingdom
16736,506,5,2956.56,1,4,4,144,9,At Risk,United Kingdom
16737,53,2,835.2,4,2,3,423,9,New Customers,United Kingdom
16738,298,1,3.75,2,2,1,221,5,Lost,United Kingdom
16739,177,2,786.43,3,2,3,323,8,Needs Attention,United Kingdom
16740,395,1,236.81,2,2,1,221,5,Lost,United Kingdom
16741,625,1,173.06,1,2,1,121,4,Lost,United Kingdom
16742,47,14,2852.61,4,5,4,454,13,Champions,United Kingdom
16743,29,14,4253.26,4,5,5,455,14,Champions,United Kingdom
16744,11,7,1304.76,5,4,4,544,13,Champions,United Kingdom
16745,87,17,7194.3,3,5,5,355,13,Loyal Customers,United Kingdom
16746,5,42,18066.4,5,5,5,555,15,Champions,United Kingdom
16747,38,2,836.06,4,2,3,423,9,New Customers,United Kingdom
16748,18,14,3637.33,5,5,5,555,15,Champions,United Kingdom
16749,591,2,4387.08,1,2,5,125,8,Needs Attention,United Kingdom
16750,45,5,623.9300000000001,4,4,3,443,11,Loyal Customers,United Kingdom
16751,31,1,1764.72,4,2,4,424,10,New Customers,United Kingdom
16752,373,1,415.0,2,2,2,222,6,Lost,United Kingdom
16753,58,1,223.92000000000002,4,2,1,421,7,New Customers,United Kingdom
16754,372,29,67502.47,2,5,5,255,12,At Risk,United Kingdom
16755,114,7,2900.58,3,4,4,344,11,Loyal Customers,United Kingdom
16756,215,7,1312.37,2,4,4,244,10,At Risk,United Kingdom
16757,319,2,270.47999999999996,2,2,1,221,5,Lost,United Kingdom
16758,65,1,369.34,3,2,2,322,7,Promising,United Kingdom
16759,8,3,789.79,5,3,3,533,11,Loyal Customers,United Kingdom
16760,430,1,228.0,1,2,1,121,4,Lost,United Kingdom
16761,97,1,316.62,3,2,2,322,7,Promising,United Kingdom
16762,20,3,1501.3799999999999,4,3,4,434,11,Loyal Customers,United Kingdom
16763,199,2,964.7,2,2,3,223,7,Needs Attention,United Kingdom
16764,4,13,2799.25,5,5,4,554,14,Champions,United Kingdom
16765,294,2,454.75,2,2,2,222,6,Lost,United Kingdom
16766,273,2,1145.6,2,2,3,223,7,Needs Attention,United Kingdom
16767,31,15,8073.8,4,5,5,455,14,Champions,United Kingdom
16768,48,9,1708.1200000000001,4,5,4,454,13,Champions,United Kingdom
16769,260,4,1141.75,2,4,3,243,9,At Risk,United Kingdom
16770,58,9,1932.1299999999999,4,5,4,454,13,Champions,United Kingdom
16771,33,10,3967.6,4,5,5,455,14,Champions,United Kingdom
16772,423,3,3723.5499999999997,1,3,5,135,9,Needs Attention,United Kingdom
16773,57,3,421.24,4,3,2,432,9,Loyal Customers,United Kingdom
16774,68,8,1594.45,3,5,4,354,12,Loyal Customers,United Kingdom
16775,10,16,3056.89,5,5,5,555,15,Champions,United Kingdom
16776,60,2,619.85,3,2,3,323,8,Needs Attention,United Kingdom
16777,80,5,1307.76,3,4,4,344,11,Loyal Customers,United Kingdom
16778,74,2,245.94,3,2,1,321,6,Promising,United Kingdom
16779,2,53,33268.24,5,5,5,555,15,Champions,United Kingdom
16780,100,3,605.55,3,3,2,332,8,Loyal Customers,United Kingdom
16781,372,2,934.25,2,2,3,223,7,Needs Attention,United Kingdom
16782,10,38,10438.41,5,5,5,555,15,Champions,United Kingdom
16783,437,1,391.95,1,2,2,122,5,Lost,United Kingdom
16784,20,5,896.53,4,4,3,443,11,Loyal Customers,United Kingdom
16785,410,1,533.78,2,2,2,222,6,Lost,United Kingdom
16786,394,1,51.84,2,2,1,221,5,Lost,United Kingdom
16787,398,4,1035.43,2,4,3,243,9,At Risk,United Kingdom
16788,123,5,1950.3,3,4,4,344,11,Loyal Customers,United Kingdom
16789,8,1,80.8,5,2,1,521,8,New Customers,United Kingdom
16790,4,6,1545.6200000000001,5,4,4,544,13,Champions,United Kingdom
16791,29,15,4038.69,4,5,5,455,14,Champions,United Kingdom
16792,282,5,623.46,2,4,3,243,9,At Risk,United Kingdom
16793,57,1,243.84,4,2,1,421,7,New Customers,United Kingdom
16794,1,15,2090.91,5,5,4,554,14,Champions,United Kingdom
16795,365,3,2492.39,2,3,4,234,9,Needs Attention,United Kingdom
16796,89,1,305.62,3,2,2,322,7,Promising,United Kingdom
16797,393,5,1827.77,2,4,4,244,10,At Risk,United Kingdom
16798,554,3,848.71,1,3,3,133,7,Needs Attention,United Kingdom
16799,432,2,495.98,1,2,2,122,5,Lost,United Kingdom
16800,11,1,1201.49,5,2,3,523,10,New Customers,United Kingdom
16801,163,4,1619.73,3,4,4,344,11,Loyal Customers,United Kingdom
16802,679,2,582.61,1,2,2,122,5,Lost,United Kingdom
16803,65,1,332.3,3,2,2,322,7,Promising,United Kingdom
16804,23,3,536.99,4,3,2,432,9,Loyal Customers,United Kingdom
16805,174,5,1097.24,3,4,3,343,10,Loyal Customers,United Kingdom
16806,103,4,801.49,3,4,3,343,10,Loyal Customers,United Kingdom
16807,143,6,2123.88,3,4,4,344,11,Loyal Customers,United Kingdom
16808,99,2,288.42,3,2,1,321,6,Promising,United Kingdom
16809,23,9,1727.43,4,5,4,454,13,Champions,United Kingdom
16810,192,2,842.04,2,2,3,223,7,Needs Attention,United Kingdom
16811,5,2,547.0699999999999,5,2,2,522,9,New Customers,United Kingdom
16812,361,4,2392.0,2,4,4,244,10,At Risk,United Kingdom
16813,8,10,1692.98,5,5,4,554,14,Champions,United Kingdom
16814,14,36,12499.710000000001,5,5,5,555,15,Champions,United Kingdom
16815,454,2,410.97,1,2,2,122,5,Lost,United Kingdom
16816,103,4,417.06,3,4,2,342,9,Loyal Customers,United Kingdom
16817,3,13,2804.9,5,5,4,554,14,Champions,United Kingdom
16818,11,11,3349.57,5,5,5,555,15,Champions,United Kingdom
16819,465,2,182.59,1,2,1,121,4,Lost,United Kingdom
16820,96,1,497.61,3,2,2,322,7,Promising,United Kingdom
16821,382,1,113.35,2,2,1,221,5,Lost,United Kingdom
16822,686,1,181.39,1,2,1,121,4,Lost,United Kingdom
16823,227,7,2260.09,2,4,4,244,10,At Risk,United Kingdom
16824,16,3,686.24,5,3,3,533,11,Loyal Customers,United Kingdom
16825,39,5,1826.8899999999999,4,4,4,444,12,Champions,United Kingdom
16826,51,1,341.7,4,2,2,422,8,New Customers,United Kingdom
16827,393,5,392.13,2,4,2,242,8,At Risk,United Kingdom
16828,93,2,128.5,3,2,1,321,6,Promising,United Kingdom
16829,157,2,513.32,3,2,2,322,7,Promising,United Kingdom
16830,39,4,1207.5,4,4,3,443,11,Loyal Customers,United Kingdom
16831,565,1,91.8,1,2,1,121,4,Lost,United Kingdom
16832,184,5,417.61,3,4,2,342,9,Loyal Customers,United Kingdom
16833,1,6,2409.04,5,4,4,544,13,Champions,United Kingdom
16834,228,2,898.9599999999999,2,3,3,233,8,Needs Attention,United Kingdom
16835,128,6,1538.41,3,4,4,344,11,Loyal Customers,United Kingdom
16836,40,4,782.37,4,4,3,443,11,Loyal Customers,United Kingdom
16837,31,11,3170.98,4,5,5,455,14,Champions,United Kingdom
16838,197,4,1159.6100000000001,2,4,3,243,9,At Risk,United Kingdom
16839,9,44,22310.489999999998,5,5,5,555,15,Champions,United Kingdom
16840,603,2,139.85,1,3,1,131,5,Needs Attention,United Kingdom
16841,37,12,4006.06,4,5,5,455,14,Champions,United Kingdom
16842,101,3,1264.19,3,3,4,334,10,Loyal Customers,United Kingdom
16843,43,35,19571.43,4,5,5,455,14,Champions,United Kingdom
16844,563,2,614.34,1,3,2,132,6,Needs Attention,United Kingdom
16845,618,1,253.88,1,2,1,121,4,Lost,United Kingdom
16846,50,3,842.41,4,3,3,433,10,Loyal Customers,United Kingdom
16847,43,2,614.89,4,3,2,432,9,Loyal Customers,United Kingdom
16848,53,4,1411.62,4,4,4,444,12,Champions,United Kingdom
16849,187,1,124.57,3,2,1,321,6,Promising,United Kingdom
16850,334,1,332.40999999999997,2,2,2,222,6,Lost,United Kingdom
16851,4,3,342.45,5,3,2,532,10,Loyal Customers,United Kingdom
16852,10,2,144.91,5,3,1,531,9,Loyal Customers,United Kingdom
16854,417,2,1408.96,1,3,4,134,8,Needs Attention,United Kingdom
16855,24,2,328.4,4,3,2,432,9,Loyal Customers,United Kingdom
16856,15,3,358.49,5,3,2,532,10,Loyal Customers,United Kingdom
16857,443,1,352.8,1,2,2,122,5,Lost,United Kingdom
16858,369,10,4668.28,2,5,5,255,12,At Risk,United Kingdom
16859,145,7,1932.41,3,4,4,344,11,Loyal Customers,United Kingdom
16860,453,3,1610.62,1,3,4,134,8,Needs Attention,United Kingdom
16861,60,5,946.59,3,4,3,343,10,Loyal Customers,United Kingdom
16862,547,4,662.3299999999999,1,4,3,143,8,At Risk,United Kingdom
16863,31,3,998.52,4,3,3,433,10,Loyal Customers,United Kingdom
16864,434,2,409.25,1,3,2,132,6,Needs Attention,United Kingdom
16865,402,1,130.95,2,2,1,221,5,Lost,United Kingdom
16866,141,3,207.74,3,3,1,331,7,Loyal Customers,United Kingdom
16867,690,1,76.74,1,2,1,121,4,Lost,United Kingdom
16868,394,3,393.39,2,3,2,232,7,Needs Attention,United Kingdom
16869,23,4,825.42,4,4,3,443,11,Loyal Customers,United Kingdom
16870,469,1,450.15999999999997,1,2,2,122,5,Lost,United Kingdom
16871,22,6,2812.34,4,4,4,444,12,Champions,United Kingdom
16872,77,6,1213.1299999999999,3,4,3,343,10,Loyal Customers,United Kingdom
16873,5,12,14617.39,5,5,5,555,15,Champions,United Kingdom
16874,379,1,217.74,2,2,1,221,5,Lost,United Kingdom
16875,67,11,4234.53,3,5,5,355,13,Loyal Customers,United Kingdom
16876,404,1,136.01,2,2,1,221,5,Lost,United Kingdom
16877,12,6,853.72,5,4,3,543,12,Loyal Customers,United Kingdom
16878,84,1,13.3,3,2,1,321,6,Promising,United Kingdom
16880,31,8,1840.86,4,5,4,454,13,Champions,United Kingdom
16881,67,1,432.0,3,2,2,322,7,Promising,United Kingdom
16882,67,3,705.12,3,3,3,333,9,Loyal Customers,United Kingdom
16883,187,19,2396.59,3,5,4,354,12,Loyal Customers,United Kingdom
16884,38,4,1073.92,4,4,3,443,11,Loyal Customers,United Kingdom
16885,15,4,710.74,5,4,3,543,12,Loyal Customers,United Kingdom
16886,456,1,134.0,1,2,1,121,4,Lost,United Kingdom
16887,35,3,660.72,4,3,3,433,10,Loyal Customers,United Kingdom
16888,401,3,437.15,2,3,2,232,7,Needs Attention,United Kingdom
16889,195,6,2530.9,2,4,4,244,10,At Risk,United Kingdom
16890,477,3,285.40999999999997,1,3,1,131,5,Needs Attention,United Kingdom
16891,2,11,2056.82,5,5,4,554,14,Champions,United Kingdom
16892,1,7,762.1,5,4,3,543,12,Loyal Customers,United Kingdom
16893,367,2,401.77,2,3,2,232,7,Needs Attention,United Kingdom
16894,502,3,1324.06,1,3,4,134,8,Needs Attention,United Kingdom
16895,65,5,1121.42,3,4,3,343,10,Loyal Customers,United Kingdom
16896,555,1,103.95,1,2,1,121,4,Lost,United Kingdom
16897,299,2,289.78,2,3,1,231,6,Needs Attention,United Kingdom
16898,26,5,1016.37,4,4,3,443,11,Loyal Customers,United Kingdom
16899,8,8,1721.02,5,5,4,554,14,Champions,United Kingdom
16900,17,3,887.11,5,3,3,533,11,Loyal Customers,United Kingdom
16901,729,1,204.26,1,2,1,121,4,Lost,United Kingdom
16902,116,1,1706.88,3,2,4,324,9,Needs Attention,United Kingdom
16903,29,3,1062.28,4,3,3,433,10,Loyal Customers,United Kingdom
16904,4,21,5132.37,5,5,5,555,15,Champions,United Kingdom
16905,5,17,5034.15,5,5,5,555,15,Champions,United Kingdom
16906,82,7,1448.8,3,4,4,344,11,Loyal Customers,United Kingdom
16907,29,9,1707.9,4,5,4,454,13,Champions,United Kingdom
16908,722,1,252.59,1,2,1,121,4,Lost,United Kingdom
16909,72,1,379.14,3,2,2,322,7,Promising,United Kingdom
16910,4,8,1510.06,5,5,4,554,14,Champions,United Kingdom
16911,636,2,255.25,1,3,1,131,5,Needs Attention,United Kingdom
16912,29,15,4480.31,4,5,5,455,14,Champions,United Kingdom
16913,290,3,423.91,2,3,2,232,7,Needs Attention,United Kingdom
16914,36,1,208.46,4,2,1,421,7,New Customers,United Kingdom
16915,9,11,1543.18,5,5,4,554,14,Champions,United Kingdom
16916,24,4,1123.4,4,4,3,443,11,Loyal Customers,United Kingdom
16917,277,2,1857.83,2,3,4,234,9,Needs Attention,United Kingdom
16918,50,16,3213.29,4,5,5,455,14,Champions,United Kingdom
16919,156,24,5125.91,3,5,5,355,13,Loyal Customers,United Kingdom
16920,411,1,355.45,1,2,2,122,5,Lost,United Kingdom
16921,61,3,446.67,3,3,2,332,8,Loyal Customers,United Kingdom
16922,573,1,611.08,1,2,2,122,5,Lost,United Kingdom
16923,12,32,13378.36,5,5,5,555,15,Champions,United Kingdom
16924,21,3,846.75,4,3,3,433,10,Loyal Customers,United Kingdom
16925,540,1,125.65,1,2,1,121,4,Lost,United Kingdom
16926,371,5,1421.35,2,4,4,244,10,At Risk,United Kingdom
16927,116,3,543.05,3,3,2,332,8,Loyal Customers,United Kingdom
16928,80,29,4113.23,3,5,5,355,13,Loyal Customers,United Kingdom
16929,4,7,1295.39,5,4,4,544,13,Champions,United Kingdom
16930,26,3,380.55,4,3,2,432,9,Loyal Customers,United Kingdom
16931,5,23,5233.62,5,5,5,555,15,Champions,United Kingdom
16932,53,3,440.71,4,3,2,432,9,Loyal Customers,United Kingdom
16933,1,9,3181.25,5,5,5,555,15,Champions,United Kingdom
16934,55,6,2110.99,4,4,4,444,12,Champions,United Kingdom
16935,382,3,535.1,2,3,2,232,7,Needs Attention,United Kingdom
16936,26,2,551.17,4,3,2,432,9,Loyal Customers,United Kingdom
16937,499,1,202.1,1,2,1,121,4,Lost,United Kingdom
16938,9,9,7043.18,5,5,5,555,15,Champions,United Kingdom
16939,489,3,449.0,1,3,2,132,6,Needs Attention,United Kingdom
16940,52,8,6427.66,4,5,5,455,14,Champions,United Kingdom
16941,612,1,33.0,1,2,1,121,4,Lost,United Kingdom
16942,13,9,1920.5900000000001,5,5,4,554,14,Champions,United Kingdom
16943,212,5,1299.49,2,4,4,244,10,At Risk,United Kingdom
16944,610,1,101.36,1,2,1,121,4,Lost,United Kingdom
16945,22,33,8548.16,4,5,5,455,14,Champions,United Kingdom
16946,383,5,1222.04,2,4,3,243,9,At Risk,United Kingdom
16947,236,5,955.21,2,4,3,243,9,At Risk,United Kingdom
16948,139,7,868.77,3,4,3,343,10,Loyal Customers,United Kingdom
16949,4,6,1286.27,5,4,4,544,13,Champions,United Kingdom
16950,57,10,3784.37,4,5,5,455,14,Champions,United Kingdom
16951,135,3,1277.75,3,3,4,334,10,Loyal Customers,United Kingdom
16952,109,5,798.78,3,4,3,343,10,Loyal Customers,United Kingdom
16953,30,1,20.8,4,2,1,421,7,New Customers,United Kingdom
16954,1,20,6081.88,5,5,5,555,15,Champions,United Kingdom
16955,185,6,1309.4099999999999,3,4,4,344,11,Loyal Customers,United Kingdom
16956,18,1,308.74,5,2,2,522,9,New Customers,United Kingdom
16957,239,2,416.64,2,3,2,232,7,Needs Attention,United Kingdom
16958,435,1,809.44,1,2,3,123,6,Needs Attention,United Kingdom
16959,87,1,117.35,3,2,1,321,6,Promising,United Kingdom
16960,39,8,2043.43,4,5,4,454,13,Champions,United Kingdom
16961,116,3,794.56,3,3,3,333,9,Loyal Customers,United Kingdom
16962,410,1,251.04,2,2,1,221,5,Lost,United Kingdom
16963,187,1,110.55,3,2,1,321,6,Promising,United Kingdom
16964,733,2,207.85000000000002,1,3,1,131,5,Needs Attention,United Kingdom
16965,227,1,201.19,2,2,1,221,5,Lost,United Kingdom
16966,8,7,2154.9700000000003,5,4,4,544,13,Champions,United Kingdom
16967,189,1,319.02,3,2,2,322,7,Promising,United Kingdom
16968,4,2,439.43,5,3,2,532,10,Loyal Customers,United Kingdom
16969,39,3,650.41,4,3,3,433,10,Loyal Customers,United Kingdom
16970,626,1,71.4,1,2,1,121,4,Lost,United Kingdom
16971,38,1,357.21,4,2,2,422,8,New Customers,United Kingdom
16972,383,2,786.25,2,3,3,233,8,Needs Attention,United Kingdom
16973,386,1,127.0,2,2,1,221,5,Lost,United Kingdom
16974,523,2,365.5,1,3,2,132,6,Needs Attention,United Kingdom
16975,423,3,926.12,1,3,3,133,7,Needs Attention,United Kingdom
16976,267,1,251.51999999999998,2,2,1,221,5,Lost,United Kingdom
16977,395,4,496.0,2,4,2,242,8,At Risk,United Kingdom
16978,78,3,768.88,3,3,3,333,9,Loyal Customers,United Kingdom
16979,4,9,2859.74,5,5,4,554,14,Champions,United Kingdom
16980,255,3,1473.33,2,3,4,234,9,Needs Attention,United Kingdom
16982,61,1,384.06,3,2,2,322,7,Promising,United Kingdom
16983,13,11,3710.22,5,5,5,555,15,Champions,United Kingdom
16984,88,9,10754.8,3,5,5,355,13,Loyal Customers,United Kingdom
16985,17,23,10923.16,5,5,5,555,15,Champions,United Kingdom
16986,30,11,4888.75,4,5,5,455,14,Champions,United Kingdom
16987,3,11,2535.9,5,5,4,554,14,Champions,United Kingdom
16988,5,2,382.67,5,3,2,532,10,Loyal Customers,United Kingdom
16989,7,6,1133.25,5,4,3,543,12,Loyal Customers,United Kingdom
16990,219,2,344.0,2,3,2,232,7,Needs Attention,United Kingdom
16991,421,1,1041.21,1,2,3,123,6,Needs Attention,United Kingdom
16992,11,13,5476.5,5,5,5,555,15,Champions,United Kingdom
16993,464,2,1950.95,1,3,4,134,8,Needs Attention,United Kingdom
16996,30,9,2123.61,4,5,4,454,13,Champions,United Kingdom
16997,288,3,702.0,2,3,3,233,8,Needs Attention,United Kingdom
16998,150,5,402.0,3,4,2,342,9,Loyal Customers,United Kingdom
16999,23,2,484.82,4,3,2,432,9,Loyal Customers,United Kingdom
17000,396,2,406.3,2,3,2,232,7,Needs Attention,United Kingdom
17001,1,19,6640.8,5,5,5,555,15,Champions,United Kingdom
17002,86,7,2571.55,3,4,4,344,11,Loyal Customers,United Kingdom
17003,402,4,830.16,2,4,3,243,9,At Risk,United Kingdom
17004,46,4,2425.16,4,4,4,444,12,Champions,United Kingdom
17005,471,2,742.36,1,3,3,133,7,Needs Attention,United Kingdom
17006,5,8,1636.32,5,5,4,554,14,Champions,United Kingdom
17007,51,7,1120.1,4,4,3,443,11,Loyal Customers,United Kingdom
17008,429,1,81.36,1,2,1,121,4,Lost,United Kingdom
17009,551,1,242.06,1,2,1,121,4,Lost,United Kingdom
17010,18,1,195.36,5,2,1,521,8,New Customers,United Kingdom
17011,30,3,671.7,4,3,3,433,10,Loyal Customers,United Kingdom
17012,725,1,384.16,1,2,2,122,5,Lost,United Kingdom
17014,8,3,586.33,5,3,2,532,10,Loyal Customers,United Kingdom
17015,29,3,1842.56,4,3,4,434,11,Loyal Customers,United Kingdom
17016,577,1,552.4,1,2,2,122,5,Lost,United Kingdom
17017,3,29,14110.61,5,5,5,555,15,Champions,United Kingdom
17018,41,6,2287.7,4,4,4,444,12,Champions,United Kingdom
17019,11,11,4012.2,5,5,5,555,15,Champions,United Kingdom
17020,542,2,935.62,1,3,3,133,7,Needs Attention,United Kingdom
17021,442,6,1182.22,1,4,3,143,8,At Risk,United Kingdom
17022,31,2,260.0,4,3,1,431,8,Loyal Customers,United Kingdom
17023,417,3,800.18,1,3,3,133,7,Needs Attention,United Kingdom
17024,45,3,95.85,4,3,1,431,8,Loyal Customers,United Kingdom
17025,61,5,1510.6399999999999,3,4,4,344,11,Loyal Customers,United Kingdom
17026,185,3,208.98000000000002,3,3,1,331,7,Loyal Customers,United Kingdom
17027,79,9,1327.11,3,5,4,354,12,Loyal Customers,United Kingdom
17028,581,3,1593.83,1,3,4,134,8,Needs Attention,United Kingdom
17029,111,7,2137.3,3,4,4,344,11,Loyal Customers,United Kingdom
17030,64,1,146.87,3,2,1,321,6,Promising,United Kingdom
17031,12,6,2773.85,5,4,4,544,13,Champions,United Kingdom
17032,548,8,3004.6,1,5,5,155,11,At Risk,United Kingdom
17033,86,4,1332.79,3,4,4,344,11,Loyal Customers,United Kingdom
17034,16,5,1283.92,5,4,4,544,13,Champions,United Kingdom
17035,246,4,613.59,2,4,2,242,8,At Risk,United Kingdom
17036,383,1,176.9,2,2,1,221,5,Lost,United Kingdom
17037,88,1,1267.32,3,2,4,324,9,Needs Attention,United Kingdom
17038,30,2,743.17,4,3,3,433,10,Loyal Customers,United Kingdom
17039,604,1,1954.99,1,2,4,124,7,Needs Attention,United Kingdom
17040,138,2,463.25,3,3,2,332,8,Loyal Customers,United Kingdom
17041,27,6,1686.28,4,4,4,444,12,Champions,United Kingdom
17042,3,5,1044.38,5,4,3,543,12,Loyal Customers,United Kingdom
17043,32,8,2616.55,4,5,4,454,13,Champions,United Kingdom
17044,25,12,11962.3,4,5,5,455,14,Champions,United Kingdom
17045,113,5,827.6800000000001,3,4,3,343,10,Loyal Customers,United Kingdom
17046,157,5,1906.07,3,4,4,344,11,Loyal Customers,United Kingdom
17047,85,6,2289.23,3,4,4,344,11,Loyal Customers,United Kingdom
17048,118,7,2071.68,3,4,4,344,11,Loyal Customers,United Kingdom
17049,3,19,9947.48,5,5,5,555,15,Champions,United Kingdom
17050,96,11,4691.79,3,5,5,355,13,Loyal Customers,United Kingdom
17051,194,4,714.39,2,4,3,243,9,At Risk,United Kingdom
17052,28,1,413.75,4,2,2,422,8,New Customers,United Kingdom
17053,131,1,498.48,3,2,2,322,7,Promising,United Kingdom
17054,28,5,1356.33,4,4,4,444,12,Champions,United Kingdom
17055,446,1,239.55,1,2,1,121,4,Lost,United Kingdom
17056,738,1,128.60000000000002,1,2,1,121,4,Lost,United Kingdom
17057,596,1,294.74,1,2,2,122,5,Lost,United Kingdom
17058,82,3,1179.89,3,3,3,333,9,Loyal Customers,United Kingdom
17059,30,9,5602.53,4,5,5,455,14,Champions,United Kingdom
17060,266,1,234.23999999999998,2,2,1,221,5,Lost,United Kingdom
17061,74,11,5232.23,3,5,5,355,13,Loyal Customers,United Kingdom
17062,314,6,1208.22,2,4,3,243,9,At Risk,United Kingdom
17063,21,13,3638.53,4,5,5,455,14,Champions,United Kingdom
17064,59,3,859.35,4,3,3,433,10,Loyal Customers,United Kingdom
17065,638,2,194.7,1,3,1,131,5,Needs Attention,United Kingdom
17066,726,1,228.34,1,2,1,121,4,Lost,United Kingdom
17067,725,3,454.53999999999996,1,3,2,132,6,Needs Attention,United Kingdom
17068,12,47,9161.08,5,5,5,555,15,Champions,United Kingdom
17069,28,14,5794.28,4,5,5,455,14,Champions,United Kingdom
17070,114,2,445.32,3,3,2,332,8,Loyal Customers,United Kingdom
17071,28,13,3801.2,4,5,5,455,14,Champions,United Kingdom
17072,625,1,282.05,1,2,1,121,4,Lost,United Kingdom
17073,18,4,1446.09,5,4,4,544,13,Champions,United Kingdom
17074,563,1,203.05,1,2,1,121,4,Lost,United Kingdom
17075,18,10,2241.73,5,5,4,554,14,Champions,United Kingdom
17076,36,6,1242.75,4,4,3,443,11,Loyal Customers,United Kingdom
17077,578,1,306.0,1,2,2,122,5,Lost,United Kingdom
17078,36,2,378.2,4,3,2,432,9,Loyal Customers,United Kingdom
17079,78,1,118.8,3,2,1,321,6,Promising,United Kingdom
17080,22,7,957.53,4,4,3,443,11,Loyal Customers,United Kingdom
17081,25,6,964.39,4,4,3,443,11,Loyal Customers,United Kingdom
17082,33,6,4732.03,4,4,5,445,13,Champions,United Kingdom
17083,109,9,4049.79,3,5,5,355,13,Loyal Customers,United Kingdom
17084,35,3,5202.97,4,3,5,435,12,Loyal Customers,United Kingdom
17085,123,28,7891.41,3,5,5,355,13,Loyal Customers,United Kingdom
17086,7,6,2050.08,5,4,4,544,13,Champions,United Kingdom
17087,738,1,221.53,1,2,1,121,4,Lost,United Kingdom
17088,28,4,1991.01,4,4,4,444,12,Champions,United Kingdom
17089,386,1,128.45,2,2,1,221,5,Lost,United Kingdom
17090,4,13,3149.48,5,5,5,555,15,Champions,United Kingdom
17091,3,19,7811.1,5,5,5,555,15,Champions,United Kingdom
17092,50,11,5594.96,4,5,5,455,14,Champions,United Kingdom
17093,593,1,235.88,1,2,1,121,4,Lost,United Kingdom
17094,322,2,402.2,2,3,2,232,7,Needs Attention,United Kingdom
17095,23,7,2572.25,4,4,4,444,12,Champions,United Kingdom
17096,15,11,3759.18,5,5,5,555,15,Champions,United Kingdom
17097,2,9,1340.45,5,5,4,554,14,Champions,Spain
17098,382,3,591.07,2,3,2,232,7,Needs Attention,United Kingdom
17099,533,1,582.17,1,2,2,122,5,Lost,United Kingdom
17100,18,2,971.74,5,3,3,533,11,Loyal Customers,United Kingdom
17101,10,7,2507.05,5,4,4,544,13,Champions,United Kingdom
17102,262,1,25.5,2,2,1,221,5,Lost,United Kingdom
17103,722,1,424.3,1,2,2,122,5,Lost,United Kingdom
17104,424,1,474.03000000000003,1,2,2,122,5,Lost,United Kingdom
17105,159,2,665.78,3,3,3,333,9,Loyal Customers,United Kingdom
17106,389,1,491.23,2,2,2,222,6,Lost,United Kingdom
17107,33,10,16075.42,4,5,5,455,14,Champions,United Kingdom
17108,664,1,174.95,1,2,1,121,4,Lost,United Kingdom
17109,29,8,1295.46,4,5,4,454,13,Champions,United Kingdom
17110,165,3,510.7,3,3,2,332,8,Loyal Customers,United Kingdom
17111,47,2,476.58,4,3,2,432,9,Loyal Customers,United Kingdom
17112,503,1,205.17000000000002,1,2,1,121,4,Lost,United Kingdom
17113,574,6,2322.59,1,4,4,144,9,At Risk,United Kingdom
17114,6,8,808.62,5,5,3,553,13,Loyal Customers,United Kingdom
17115,8,7,2761.49,5,4,4,544,13,Champions,United Kingdom
17116,648,1,389.78,1,2,2,122,5,Lost,United Kingdom
17117,288,1,116.2,2,2,1,221,5,Lost,United Kingdom
17118,318,1,157.02,2,2,1,221,5,Lost,United Kingdom
17119,3,2,606.91,5,3,2,532,10,Loyal Customers,United Kingdom
17120,233,1,307.46,2,2,2,222,6,Lost,United Kingdom
17121,403,1,314.74,2,2,2,222,6,Lost,United Kingdom
17122,119,4,570.5,3,4,2,342,9,Loyal Customers,United Kingdom
17123,162,3,977.1700000000001,3,3,3,333,9,Loyal Customers,United Kingdom
17124,185,1,298.89,3,2,2,322,7,Promising,United Kingdom
17125,50,1,259.35,4,2,1,421,7,New Customers,United Kingdom
17126,152,9,2070.44,3,5,4,354,12,Loyal Customers,United Kingdom
17127,429,5,1155.03,1,4,3,143,8,At Risk,United Kingdom
17128,335,1,157.09,2,2,1,221,5,Lost,United Kingdom
17129,520,1,31.85,1,2,1,121,4,Lost,United Kingdom
17131,5,5,2463.17,5,4,4,544,13,Champions,United Kingdom
17132,452,2,1272.8,1,3,4,134,8,Needs Attention,United Kingdom
17133,16,12,14622.33,5,5,5,555,15,Champions,United Kingdom
17134,107,3,637.1,3,3,3,333,9,Loyal Customers,United Kingdom
17135,16,10,1954.1599999999999,5,5,4,554,14,Champions,United Kingdom
17136,662,1,231.68,1,2,1,121,4,Lost,United Kingdom
17137,416,6,1133.63,1,4,3,143,8,At Risk,United Kingdom
17138,276,7,4417.2699999999995,2,4,5,245,11,At Risk,United Kingdom
17139,16,25,19584.46,5,5,5,555,15,Champions,United Kingdom
17140,247,1,465.32,2,2,2,222,6,Lost,United Kingdom
17141,418,4,754.33,1,4,3,143,8,At Risk,United Kingdom
17142,239,4,1283.75,2,4,4,244,10,At Risk,United Kingdom
17143,417,2,924.11,1,3,3,133,7,Needs Attention,United Kingdom
17144,1,2,984.57,5,3,3,533,11,Loyal Customers,United Kingdom
17145,513,4,3120.91,1,4,5,145,10,At Risk,United Kingdom
17146,106,13,5860.24,3,5,5,355,13,Loyal Customers,United Kingdom
17147,23,9,3199.95,4,5,5,455,14,Champions,United Kingdom
17148,52,1,124.88,4,2,1,421,7,New Customers,United Kingdom
17149,451,1,143.10000000000002,1,2,1,121,4,Lost,United Kingdom
17150,377,6,1375.65,2,4,4,244,10,At Risk,United Kingdom
17151,735,1,231.90000000000003,1,2,1,121,4,Lost,United Kingdom
17152,195,4,2016.5,2,4,4,244,10,At Risk,United Kingdom
17153,24,1,213.78,4,2,1,421,7,New Customers,United Kingdom
17154,75,1,329.34,3,2,2,322,7,Promising,United Kingdom
17155,18,7,892.46,5,4,3,543,12,Loyal Customers,United Kingdom
17156,492,1,591.87,1,2,2,122,5,Lost,United Kingdom
17157,8,19,5151.900000000001,5,5,5,555,15,Champions,United Kingdom
17158,32,5,1980.0,4,4,4,444,12,Champions,United Kingdom
17159,22,5,2099.59,4,4,4,444,12,Champions,United Kingdom
17160,31,17,10209.16,4,5,5,455,14,Champions,United Kingdom
17161,444,1,856.01,1,2,3,123,6,Needs Attention,United Kingdom
17162,29,10,1715.46,4,5,4,454,13,Champions,United Kingdom
17163,22,4,699.78,4,4,3,443,11,Loyal Customers,United Kingdom
17164,33,7,2467.35,4,4,4,444,12,Champions,United Kingdom
17165,284,6,1794.32,2,4,4,244,10,At Risk,United Kingdom
17166,39,2,206.34,4,3,1,431,8,Loyal Customers,United Kingdom
17167,380,3,867.11,2,3,3,233,8,Needs Attention,United Kingdom
17168,499,1,400.2,1,2,2,122,5,Lost,United Kingdom
17169,58,3,1156.73,4,3,3,433,10,Loyal Customers,United Kingdom
17170,374,2,178.68,2,3,1,231,6,Needs Attention,United Kingdom
17171,289,2,384.59000000000003,2,3,2,232,7,Needs Attention,United Kingdom
17172,79,3,956.5699999999999,3,3,3,333,9,Loyal Customers,United Kingdom
17173,5,8,3766.6,5,5,5,555,15,Champions,United Kingdom
17174,218,1,59.9,2,2,1,221,5,Lost,United Kingdom
17175,44,4,1443.69,4,4,4,444,12,Champions,United Kingdom
17176,202,3,902.3199999999999,2,3,3,233,8,Needs Attention,United Kingdom
17177,505,1,119.5,1,2,1,121,4,Lost,United Kingdom
17178,731,1,436.71000000000004,1,2,2,122,5,Lost,United Kingdom
17179,178,6,1507.26,3,4,4,344,11,Loyal Customers,United Kingdom
17180,56,11,2256.98,4,5,4,454,13,Champions,United Kingdom
17181,57,3,465.37,4,3,2,432,9,Loyal Customers,United Kingdom
17182,423,2,321.3,1,3,2,132,6,Needs Attention,United Kingdom
17183,8,6,3347.31,5,4,5,545,14,Champions,United Kingdom
17184,569,2,198.41,1,3,1,131,5,Needs Attention,United Kingdom
17185,592,3,229.46,1,3,1,131,5,Needs Attention,United Kingdom
17186,47,2,144.0,4,3,1,431,8,Loyal Customers,United Kingdom
17187,227,2,467.71,2,3,2,232,7,Needs Attention,United Kingdom
17188,11,13,4592.93,5,5,5,555,15,Champions,United Kingdom
17189,106,5,957.63,3,4,3,343,10,Loyal Customers,United Kingdom
17190,59,7,1743.04,4,4,4,444,12,Champions,United Kingdom
17191,28,15,4836.05,4,5,5,455,14,Champions,United Kingdom
17192,536,1,77.83,1,2,1,121,4,Lost,United Kingdom
17193,36,9,2310.04,4,5,4,454,13,Champions,United Kingdom
17194,274,3,812.5,2,3,3,233,8,Needs Attention,United Kingdom
17195,655,1,562.98,1,2,2,122,5,Lost,United Kingdom
17196,428,1,352.9,1,2,2,122,5,Lost,United Kingdom
17197,30,1,1013.01,4,2,3,423,9,New Customers,United Kingdom
17198,24,3,1213.88,4,3,3,433,10,Loyal Customers,United Kingdom
17199,582,1,145.12,1,2,1,121,4,Lost,United Kingdom
17200,387,4,356.71,2,4,2,242,8,At Risk,United Kingdom
17201,54,4,1242.04,4,4,3,443,11,Loyal Customers,United Kingdom
17202,421,1,160.65,1,2,1,121,4,Lost,United Kingdom
17203,36,10,5575.88,4,5,5,455,14,Champions,United Kingdom
17204,175,9,5504.69,3,5,5,355,13,Loyal Customers,United Kingdom
17205,54,3,999.35,4,3,3,433,10,Loyal Customers,United Kingdom
17206,53,1,204.24,4,2,1,421,7,New Customers,United Kingdom
17207,652,1,303.21999999999997,1,2,2,122,5,Lost,United Kingdom
17208,396,1,115.35,2,2,1,221,5,Lost,United Kingdom
17209,649,3,611.6,1,3,2,132,6,Needs Attention,United Kingdom
17210,393,1,253.37,2,2,1,221,5,Lost,United Kingdom
17211,27,13,4046.65,4,5,5,455,14,Champions,United Kingdom
17212,253,3,794.41,2,3,3,233,8,Needs Attention,United Kingdom
17213,40,13,5182.3,4,5,5,455,14,Champions,United Kingdom
17214,60,6,1069.12,3,4,3,343,10,Loyal Customers,United Kingdom
17215,464,1,186.15,1,2,1,121,4,Lost,United Kingdom
17216,554,1,65.05,1,2,1,121,4,Lost,United Kingdom
17217,234,2,218.0,2,3,1,231,6,Needs Attention,United Kingdom
17218,4,18,4192.68,5,5,5,555,15,Champions,United Kingdom
17219,32,2,259.13,4,3,1,431,8,Loyal Customers,United Kingdom
17220,24,21,4481.75,4,5,5,455,14,Champions,United Kingdom
17221,7,5,978.52,5,4,3,543,12,Loyal Customers,United Kingdom
17222,65,6,1605.01,3,4,4,344,11,Loyal Customers,United Kingdom
17223,310,3,873.53,2,3,3,233,8,Needs Attention,United Kingdom
17224,501,1,100.86000000000001,1,2,1,121,4,Lost,United Kingdom
17225,582,1,131.15,1,2,1,121,4,Lost,United Kingdom
17226,309,3,900.12,2,3,3,233,8,Needs Attention,United Kingdom
17227,19,12,2022.03,5,5,4,554,14,Champions,United Kingdom
17228,16,13,3177.24,5,5,5,555,15,Champions,United Kingdom
17229,96,2,318.76,3,3,2,332,8,Loyal Customers,United Kingdom
17230,264,18,9924.95,2,5,5,255,12,At Risk,United Kingdom
17231,12,25,7197.04,5,5,5,555,15,Champions,United Kingdom
17232,3,2,421.52,5,3,2,532,10,Loyal Customers,United Kingdom
17233,35,3,560.86,4,3,2,432,9,Loyal Customers,United Kingdom
17234,183,1,149.89,3,2,1,321,6,Promising,United Kingdom
17235,25,8,1904.88,4,5,4,454,13,Champions,United Kingdom
17236,13,12,1929.26,5,5,4,554,14,Champions,United Kingdom
17237,11,4,1002.08,5,4,3,543,12,Loyal Customers,United Kingdom
17238,3,32,7783.1,5,5,5,555,15,Champions,United Kingdom
17239,313,4,1189.45,2,4,3,243,9,At Risk,United Kingdom
17240,596,1,130.6,1,2,1,121,4,Lost,United Kingdom
17241,385,12,2744.14,2,5,4,254,11,At Risk,United Kingdom
17242,108,5,2889.2799999999997,3,4,4,344,11,Loyal Customers,United Kingdom
17243,1,69,20889.86,5,5,5,555,15,Champions,United Kingdom
17244,53,5,1826.04,4,4,4,444,12,Champions,United Kingdom
17245,205,2,371.63,2,3,2,232,7,Needs Attention,United Kingdom
17246,547,2,38.92,1,3,1,131,5,Needs Attention,United Kingdom
17247,15,1,282.19,5,2,1,521,8,New Customers,United Kingdom
17248,120,2,546.16,3,3,2,332,8,Loyal Customers,United Kingdom
17249,429,1,68.03,1,2,1,121,4,Lost,United Kingdom
17250,4,2,384.52,5,3,2,532,10,Loyal Customers,United Kingdom
17251,363,3,812.4300000000001,2,3,3,233,8,Needs Attention,United Kingdom
17252,117,2,353.86,3,3,2,332,8,Loyal Customers,United Kingdom
17253,18,1,178.26,5,2,1,521,8,New Customers,United Kingdom
17254,5,3,470.73,5,3,2,532,10,Loyal Customers,United Kingdom
17255,41,4,799.13,4,4,3,443,11,Loyal Customers,United Kingdom
17256,107,5,498.93,3,4,2,342,9,Loyal Customers,United Kingdom
17257,436,2,192.73,1,3,1,131,5,Needs Attention,United Kingdom
17258,397,2,417.3,2,3,2,232,7,Needs Attention,United Kingdom
17259,148,6,1889.34,3,4,4,344,11,Loyal Customers,United Kingdom
17260,411,1,120.95,1,2,1,121,4,Lost,United Kingdom
17261,510,1,230.44,1,2,1,121,4,Lost,United Kingdom
17262,52,11,2757.62,4,5,4,454,13,Champions,United Kingdom
17263,208,1,63.440000000000005,2,2,1,221,5,Lost,United Kingdom
17264,424,1,279.59,1,2,1,121,4,Lost,United Kingdom
17265,139,2,562.9,3,3,2,332,8,Loyal Customers,United Kingdom
17266,2,5,517.73,5,4,2,542,11,Loyal Customers,United Kingdom
17267,127,2,317.62,3,3,2,332,8,Loyal Customers,United Kingdom
17268,108,11,1733.8899999999999,3,5,4,354,12,Loyal Customers,United Kingdom
17269,386,1,537.46,2,2,2,222,6,Lost,United Kingdom
17270,469,2,604.4,1,3,2,132,6,Needs Attention,United Kingdom
17271,736,1,210.39,1,2,1,121,4,Lost,United Kingdom
17272,42,4,2148.63,4,4,4,444,12,Champions,United Kingdom
17273,424,1,141.12,1,2,1,121,4,Lost,United Kingdom
17274,35,2,577.38,4,3,2,432,9,Loyal Customers,United Kingdom
17275,383,1,114.52,2,2,1,221,5,Lost,United Kingdom
17276,402,1,508.39,2,2,2,222,6,Lost,United Kingdom
17277,228,2,1065.35,2,3,3,233,8,Needs Attention,United Kingdom
17278,241,2,271.24,2,3,1,231,6,Needs Attention,United Kingdom
17279,58,1,187.82999999999998,4,2,1,421,7,New Customers,United Kingdom
17280,438,1,118.86,1,2,1,121,4,Lost,United Kingdom
17281,374,6,797.85,2,4,3,243,9,At Risk,United Kingdom
17282,130,5,2339.66,3,4,4,344,11,Loyal Customers,United Kingdom
17283,379,1,188.46,2,2,1,221,5,Lost,United Kingdom
17284,60,8,2793.16,3,5,4,354,12,Loyal Customers,United Kingdom
17285,628,2,428.34,1,3,2,132,6,Needs Attention,United Kingdom
17286,22,3,395.48,4,3,2,432,9,Loyal Customers,United Kingdom
17287,26,21,4111.96,4,5,5,455,14,Champions,United Kingdom
17288,9,11,2499.98,5,5,4,554,14,Champions,United Kingdom
17289,32,9,2079.39,4,5,4,454,13,Champions,United Kingdom
17290,4,8,1501.44,5,5,4,554,14,Champions,United Kingdom
17291,308,1,550.8,2,2,2,222,6,Lost,United Kingdom
17292,472,2,271.75,1,3,1,131,5,Needs Attention,United Kingdom
17293,8,17,3774.23,5,5,5,555,15,Champions,United Kingdom
17294,669,2,467.79,1,3,2,132,6,Needs Attention,United Kingdom
17295,29,3,556.95,4,3,2,432,9,Loyal Customers,United Kingdom
17296,730,1,338.13,1,2,2,122,5,Lost,United Kingdom
17297,17,1,131.78,5,2,1,521,8,New Customers,United Kingdom
17298,101,5,957.5600000000001,3,4,3,343,10,Loyal Customers,United Kingdom
17299,12,6,1016.08,5,4,3,543,12,Loyal Customers,United Kingdom
17300,391,2,393.64,2,3,2,232,7,Needs Attention,United Kingdom
17301,21,2,330.43,4,3,2,432,9,Loyal Customers,United Kingdom
17302,15,5,1135.63,5,4,3,543,12,Loyal Customers,United Kingdom
17303,361,1,250.04,2,2,1,221,5,Lost,United Kingdom
17304,534,1,111.5,1,2,1,121,4,Lost,United Kingdom
17305,649,1,2135.46,1,2,4,124,7,Needs Attention,United Kingdom
17306,11,21,9782.35,5,5,5,555,15,Champions,United Kingdom
17307,395,11,3999.89,2,5,5,255,12,At Risk,United Kingdom
17308,393,2,4511.76,2,3,5,235,10,Needs Attention,United Kingdom
17309,95,3,330.59,3,3,2,332,8,Loyal Customers,United Kingdom
17310,387,2,1025.1,2,3,3,233,8,Needs Attention,United Kingdom
17311,78,6,3566.56,3,4,5,345,12,Loyal Customers,United Kingdom
17312,139,3,644.3,3,3,3,333,9,Loyal Customers,United Kingdom
17313,31,1,2328.84,4,2,4,424,10,New Customers,United Kingdom
17314,25,17,4904.43,4,5,5,455,14,Champions,United Kingdom
17315,2,43,9650.6,5,5,5,555,15,Champions,United Kingdom
17316,420,1,124.45,1,2,1,121,4,Lost,United Kingdom
17317,46,3,2600.34,4,3,4,434,11,Loyal Customers,United Kingdom
17318,725,1,164.28,1,2,1,121,4,Lost,United Kingdom
17319,669,1,29.099999999999998,1,2,1,121,4,Lost,United Kingdom
17320,100,6,2895.77,3,4,4,344,11,Loyal Customers,United Kingdom
17321,8,6,1741.18,5,4,4,544,13,Champions,United Kingdom
17322,376,5,922.59,2,4,3,243,9,At Risk,United Kingdom
17323,15,12,1565.59,5,5,4,554,14,Champions,United Kingdom
17324,18,12,2301.87,5,5,4,554,14,Champions,United Kingdom
17325,280,3,609.5699999999999,2,3,2,232,7,Needs Attention,United Kingdom
17326,408,2,321.95,2,3,2,232,7,Needs Attention,United Kingdom
17327,410,2,152.35,2,3,1,231,6,Needs Attention,United Kingdom
17328,673,1,104.7,1,2,1,121,4,Lost,United Kingdom
17329,14,5,1004.43,5,4,3,543,12,Loyal Customers,United Kingdom
17330,23,4,423.8,4,4,2,442,10,Loyal Customers,United Kingdom
17331,124,1,175.2,3,2,1,321,6,Promising,United Kingdom
17332,528,5,838.27,1,4,3,143,8,At Risk,United Kingdom
17333,86,1,494.25,3,2,2,322,7,Promising,United Kingdom
17334,302,3,635.15,2,3,3,233,8,Needs Attention,United Kingdom
17335,384,2,508.0,2,3,2,232,7,Needs Attention,United Kingdom
17336,472,1,81.12,1,2,1,121,4,Lost,United Kingdom
17337,151,4,2027.8700000000001,3,4,4,344,11,Loyal Customers,United Kingdom
17338,17,17,12142.57,5,5,5,555,15,Champions,United Kingdom
17339,94,3,362.36,3,3,2,332,8,Loyal Customers,United Kingdom
17340,30,18,22404.82,4,5,5,455,14,Champions,United Kingdom
17341,157,5,1889.83,3,4,4,344,11,Loyal Customers,United Kingdom
17342,380,4,1227.54,2,4,3,243,9,At Risk,United Kingdom
17343,355,6,1259.94,2,4,4,244,10,At Risk,United Kingdom
17344,46,2,468.11,4,3,2,432,9,Loyal Customers,United Kingdom
17345,15,10,1604.68,5,5,4,554,14,Champions,United Kingdom
17346,4,26,5323.0,5,5,5,555,15,Champions,United Kingdom
17347,86,1,228.96,3,2,1,321,6,Promising,United Kingdom
17348,15,9,2476.41,5,5,4,554,14,Champions,United Kingdom
17349,179,5,852.25,3,4,3,343,10,Loyal Customers,United Kingdom
17350,8,7,1906.04,5,4,4,544,13,Champions,United Kingdom
17351,36,12,1988.23,4,5,4,454,13,Champions,United Kingdom
17352,696,1,36.25,1,2,1,121,4,Lost,United Kingdom
17353,129,4,3242.0,3,4,5,345,12,Loyal Customers,United Kingdom
17354,51,4,3143.46,4,4,5,445,13,Champions,United Kingdom
17355,386,1,285.11,2,2,1,221,5,Lost,United Kingdom
17356,312,5,946.47,2,4,3,243,9,At Risk,United Kingdom
17357,24,2,388.14,4,3,2,432,9,Loyal Customers,United Kingdom
17358,303,5,866.05,2,4,3,243,9,At Risk,United Kingdom
17359,11,2,284.46,5,3,1,531,9,Loyal Customers,United Kingdom
17360,17,6,1231.3799999999999,5,4,3,543,12,Loyal Customers,United Kingdom
17361,49,5,880.64,4,4,3,443,11,Loyal Customers,United Kingdom
17362,239,7,1024.04,2,4,3,243,9,At Risk,United Kingdom
17363,395,3,940.86,2,3,3,233,8,Needs Attention,United Kingdom
17364,1,28,12070.42,5,5,5,555,15,Champions,United Kingdom
17365,13,15,8224.98,5,5,5,555,15,Champions,United Kingdom
17366,432,2,1096.24,1,3,3,133,7,Needs Attention,United Kingdom
17367,238,1,168.4,2,2,1,221,5,Lost,United Kingdom
17368,23,14,2826.14,4,5,4,454,13,Champions,United Kingdom
17369,456,1,979.2,1,2,3,123,6,Needs Attention,United Kingdom
17370,73,4,446.18,3,4,2,342,9,Loyal Customers,United Kingdom
17371,17,6,662.55,5,4,3,543,12,Loyal Customers,United Kingdom
17372,41,28,4377.56,4,5,5,455,14,Champions,United Kingdom
17373,40,7,1167.5,4,4,3,443,11,Loyal Customers,United Kingdom
17374,219,3,727.11,2,3,3,233,8,Needs Attention,United Kingdom
17375,199,4,660.55,2,4,3,243,9,At Risk,United Kingdom
17376,71,4,453.64,3,4,2,342,9,Loyal Customers,United Kingdom
17377,24,78,18319.41,4,5,5,455,14,Champions,United Kingdom
17378,374,1,10.95,2,2,1,221,5,Lost,United Kingdom
17379,11,1,404.65999999999997,5,2,2,522,9,New Customers,United Kingdom
17380,434,3,645.0,1,3,3,133,7,Needs Attention,United Kingdom
17381,9,38,40002.37,5,5,5,555,15,Champions,United Kingdom
17382,65,8,902.28,3,5,3,353,11,Loyal Customers,United Kingdom
17383,4,2,309.99,5,3,2,532,10,Loyal Customers,United Kingdom
17384,19,3,507.55,5,3,2,532,10,Loyal Customers,United Kingdom
17385,15,1,261.11,5,2,1,521,8,New Customers,United Kingdom
17386,8,7,2812.77,5,4,4,544,13,Champions,United Kingdom
17387,20,2,784.11,4,3,3,433,10,Loyal Customers,United Kingdom
17388,78,11,2691.57,3,5,4,354,12,Loyal Customers,United Kingdom
17389,1,61,57224.68,5,5,5,555,15,Champions,United Kingdom
17390,421,1,149.3,1,2,1,121,4,Lost,United Kingdom
17391,164,2,508.8,3,3,2,332,8,Loyal Customers,United Kingdom
17392,307,3,626.56,2,3,3,233,8,Needs Attention,United Kingdom
17393,411,2,381.15000000000003,1,3,2,132,6,Needs Attention,United Kingdom
17394,219,1,203.87,2,2,1,221,5,Lost,United Kingdom
17395,508,1,97.5,1,2,1,121,4,Lost,United Kingdom
17396,39,14,8807.1,4,5,5,455,14,Champions,United Kingdom
17397,22,3,1233.18,4,3,3,433,10,Loyal Customers,United Kingdom
17398,115,3,653.38,3,3,3,333,9,Loyal Customers,United Kingdom
17400,126,8,4677.05,3,5,5,355,13,Loyal Customers,United Kingdom
17401,541,1,114.85,1,2,1,121,4,Lost,United Kingdom
17402,5,23,5096.18,5,5,5,555,15,Champions,United Kingdom
17403,36,2,400.57,4,3,2,432,9,Loyal Customers,United Kingdom
17404,4,23,47781.12,5,5,5,555,15,Champions,Sweden
17405,1,3,1031.41,5,3,3,533,11,Loyal Customers,United Kingdom
17406,333,13,4905.05,2,5,5,255,12,At Risk,United Kingdom
17407,412,1,552.9,1,2,2,122,5,Lost,United Kingdom
17408,163,3,316.09,3,3,2,332,8,Loyal Customers,United Kingdom
17409,185,10,7793.51,3,5,5,355,13,Loyal Customers,United Kingdom
17410,16,5,1214.72,5,4,3,543,12,Loyal Customers,United Kingdom
17411,12,5,1425.38,5,4,4,544,13,Champions,United Kingdom
17412,3,16,4417.5199999999995,5,5,5,555,15,Champions,United Kingdom
17413,405,2,560.14,2,3,2,232,7,Needs Attention,United Kingdom
17414,44,6,2249.52,4,4,4,444,12,Champions,United Kingdom
17415,80,1,507.84,3,2,2,322,7,Promising,United Kingdom
17416,30,22,17298.45,4,5,5,455,14,Champions,United Kingdom
17417,549,1,164.18,1,2,1,121,4,Lost,United Kingdom
17418,42,3,670.06,4,3,3,433,10,Loyal Customers,United Kingdom
17419,11,18,6500.5199999999995,5,5,5,555,15,Champions,United Kingdom
17420,50,6,1084.43,4,4,3,443,11,Loyal Customers,United Kingdom
17421,386,3,1059.41,2,3,3,233,8,Needs Attention,United Kingdom
17422,16,11,3594.7599999999998,5,5,5,555,15,Champions,United Kingdom
17423,46,3,1118.95,4,3,3,433,10,Loyal Customers,United Kingdom
17425,19,2,759.1700000000001,5,3,3,533,11,Loyal Customers,United Kingdom
17426,8,13,8077.7699999999995,5,5,5,555,15,Champions,United Kingdom
17427,72,1,100.8,3,2,1,321,6,Promising,United Kingdom
17428,1,45,31819.76,5,5,5,555,15,Champions,United Kingdom
17429,128,5,1357.46,3,4,4,344,11,Loyal Customers,United Kingdom
17430,33,4,735.17,4,4,3,443,11,Loyal Customers,United Kingdom
17431,313,1,403.3,2,2,2,222,6,Lost,United Kingdom
17432,18,9,1751.3899999999999,5,5,4,554,14,Champions,United Kingdom
17433,88,2,569.96,3,3,2,332,8,Loyal Customers,United Kingdom
17434,2,7,2373.82,5,4,4,544,13,Champions,United Kingdom
17435,411,1,331.34999999999997,1,2,2,122,5,Lost,United Kingdom
17436,2,5,534.0600000000001,5,4,2,542,11,Loyal Customers,United Kingdom
17437,530,1,373.17,1,2,2,122,5,Lost,United Kingdom
17438,254,5,1422.77,2,4,4,244,10,At Risk,United Kingdom
17439,656,1,325.74,1,2,2,122,5,Lost,United Kingdom
17440,157,4,323.58,3,4,2,342,9,Loyal Customers,United Kingdom
17441,732,1,293.34999999999997,1,2,2,122,5,Lost,United Kingdom
17442,37,15,4620.3,4,5,5,455,14,Champions,United Kingdom
17443,220,1,534.24,2,2,2,222,6,Lost,Canada
17444,148,3,2940.04,3,3,4,334,10,Loyal Customers,Canada
17446,177,2,120.89999999999999,3,3,1,331,7,Loyal Customers,United Kingdom
17447,40,2,541.53,4,3,2,432,9,Loyal Customers,United Kingdom
17448,497,46,14556.97,1,5,5,155,11,At Risk,United Kingdom
17449,2,13,4951.15,5,5,5,555,15,Champions,United Kingdom
17450,8,51,246973.09,5,5,5,555,15,Champions,United Kingdom
17451,1,7,1721.3999999999999,5,4,4,544,13,Champions,United Kingdom
17453,18,2,486.72,5,3,2,532,10,Loyal Customers,United Kingdom
17454,192,10,1547.94,2,5,4,254,11,At Risk,United Kingdom
17455,204,1,131.7,2,2,1,221,5,Lost,United Kingdom
17456,365,2,1225.42,2,3,3,233,8,Needs Attention,United Kingdom
17457,127,14,5984.81,3,5,5,355,13,Loyal Customers,United Kingdom
17458,15,2,529.58,5,3,2,532,10,Loyal Customers,United Kingdom
17459,43,2,657.3,4,3,3,433,10,Loyal Customers,United Kingdom
17460,94,16,2228.27,3,5,4,354,12,Loyal Customers,United Kingdom
17461,23,3,757.46,4,3,3,433,10,Loyal Customers,United Kingdom
17462,60,2,675.69,3,3,3,333,9,Loyal Customers,United Kingdom
17463,16,7,2557.91,5,4,4,544,13,Champions,United Kingdom
17464,158,3,1000.94,3,3,3,333,9,Loyal Customers,United Kingdom
17465,426,7,2542.79,1,4,4,144,9,At Risk,United Kingdom
17466,10,2,763.28,5,3,3,533,11,Loyal Customers,United Kingdom
17467,395,1,102.6,2,2,1,221,5,Lost,United Kingdom
17468,10,3,194.8,5,3,1,531,9,Loyal Customers,United Kingdom
17469,16,17,5051.25,5,5,5,555,15,Champions,United Kingdom
17470,45,11,2804.87,4,5,4,454,13,Champions,United Kingdom
17471,475,1,321.65,1,2,2,122,5,Lost,United Kingdom
17472,191,4,935.1,2,4,3,243,9,At Risk,United Kingdom
17473,409,2,607.0,2,3,2,232,7,Needs Attention,United Kingdom
17474,600,1,1047.0,1,2,3,123,6,Needs Attention,United Kingdom
17475,79,1,194.37,3,2,1,321,6,Promising,United Kingdom
17476,396,2,489.86,2,3,2,232,7,Needs Attention,United Kingdom
17477,613,2,1144.3,1,3,3,133,7,Needs Attention,United Kingdom
17478,408,2,1272.8,2,3,4,234,9,Needs Attention,United Kingdom
17479,633,1,389.26,1,2,2,122,5,Lost,United Kingdom
17480,78,2,902.03,3,3,3,333,9,Loyal Customers,United Kingdom
17481,4,4,1255.59,5,4,4,544,13,Champions,United Kingdom
17482,487,2,778.19,1,3,3,133,7,Needs Attention,United Kingdom
17483,65,4,591.73,3,4,2,342,9,Loyal Customers,United Kingdom
17484,576,2,209.57,1,3,1,131,5,Needs Attention,United Kingdom
17486,261,1,396.87,2,2,2,222,6,Lost,United Kingdom
17487,728,1,160.55,1,2,1,121,4,Lost,United Kingdom
17488,641,1,336.5,1,2,2,122,5,Lost,United Kingdom
17489,59,2,376.64,4,3,2,432,9,Loyal Customers,United Kingdom
17490,1,9,2750.5,5,5,4,554,14,Champions,United Kingdom
17491,1,17,5981.07,5,5,5,555,15,Champions,United Kingdom
17492,248,3,1122.42,2,3,3,233,8,Needs Attention,United Kingdom
17493,385,1,100.91,2,2,1,221,5,Lost,United Kingdom
17494,502,1,54.7,1,2,1,121,4,Lost,United Kingdom
17495,8,3,806.72,5,3,3,533,11,Loyal Customers,United Kingdom
17496,359,4,1412.89,2,4,4,244,10,At Risk,United Kingdom
17497,390,2,287.25,2,3,1,231,6,Needs Attention,United Kingdom
17498,76,1,272.21999999999997,3,2,1,321,6,Promising,United Kingdom
17499,290,2,1341.39,2,3,4,234,9,Needs Attention,United Kingdom
17500,17,3,1138.0,5,3,3,533,11,Loyal Customers,United Kingdom
17501,221,2,288.6,2,3,1,231,6,Needs Attention,United Kingdom
17502,9,4,689.1,5,4,3,543,12,Loyal Customers,United Kingdom
17503,3,2,558.96,5,3,2,532,10,Loyal Customers,United Kingdom
17504,206,18,9565.12,2,5,5,255,12,At Risk,United Kingdom
17505,162,5,2435.48,3,4,4,344,11,Loyal Customers,United Kingdom
17506,76,1,302.2,3,2,2,322,7,Promising,United Kingdom
17507,262,2,605.58,2,3,2,232,7,Needs Attention,United Kingdom
17508,281,8,4579.23,2,5,5,255,12,At Risk,Greece
17509,58,8,6115.14,4,5,5,455,14,Champions,United Kingdom
17510,25,2,514.56,4,3,2,432,9,Loyal Customers,United Kingdom
17511,3,60,175603.55,5,5,5,555,15,Champions,United Kingdom
17512,29,18,5467.82,4,5,5,455,14,Champions,United Kingdom
17513,72,3,1158.8,3,3,3,333,9,Loyal Customers,United Kingdom
17514,128,2,542.83,3,3,2,332,8,Loyal Customers,United Kingdom
17515,31,9,1617.46,4,5,4,454,13,Champions,United Kingdom
17516,15,6,957.55,5,4,3,543,12,Loyal Customers,United Kingdom
17517,309,1,153.94,2,2,1,221,5,Lost,United Kingdom
17518,426,2,329.42,1,3,2,132,6,Needs Attention,United Kingdom
17519,17,15,5109.47,5,5,5,555,15,Champions,United Kingdom
17520,54,1,546.81,4,2,2,422,8,New Customers,United Kingdom
17521,30,5,1278.06,4,4,4,444,12,Champions,United Kingdom
17522,2,5,1070.71,5,4,3,543,12,Loyal Customers,United Kingdom
17523,11,4,652.74,5,4,3,543,12,Loyal Customers,United Kingdom
17524,361,3,539.14,2,3,2,232,7,Needs Attention,United Kingdom
17525,360,3,1161.9,2,3,3,233,8,Needs Attention,United Kingdom
17526,5,12,4166.04,5,5,5,555,15,Champions,United Kingdom
17527,54,4,939.37,4,4,3,443,11,Loyal Customers,United Kingdom
17528,1,8,3628.5,5,5,5,555,15,Champions,United Kingdom
17529,610,2,1240.25,1,3,3,133,7,Needs Attention,United Kingdom
17530,1,12,3141.51,5,5,5,555,15,Champions,United Kingdom
17531,190,3,1266.82,2,3,4,234,9,Needs Attention,United Kingdom
17532,386,1,65.34,2,2,1,221,5,Lost,United Kingdom
17533,435,1,34.8,1,2,1,121,4,Lost,United Kingdom
17534,54,5,1668.83,4,4,4,444,12,Champions,United Kingdom
17535,280,1,164.4,2,2,1,221,5,Lost,United Kingdom
17536,177,3,364.83,3,3,2,332,8,Loyal Customers,United Kingdom
17537,30,2,897.62,4,3,3,433,10,Loyal Customers,United Kingdom
17538,26,1,98.42,4,2,1,421,7,New Customers,United Kingdom
17539,618,4,1226.57,1,4,3,143,8,At Risk,United Kingdom
17540,25,6,1590.6,4,4,4,444,12,Champions,United Kingdom
17541,510,1,124.46,1,2,1,121,4,Lost,United Kingdom
17542,270,3,341.7,2,3,2,232,7,Needs Attention,United Kingdom
17543,550,1,120.05,1,2,1,121,4,Lost,United Kingdom
17544,390,3,960.6899999999999,2,3,3,233,8,Needs Attention,United Kingdom
17545,43,6,1448.54,4,4,4,444,12,Champions,United Kingdom
17547,376,2,727.85,2,3,3,233,8,Needs Attention,United Kingdom
17548,234,4,731.26,2,4,3,243,9,At Risk,United Kingdom
17549,24,2,148.86,4,3,1,431,8,Loyal Customers,United Kingdom
17550,197,9,2547.64,2,5,4,254,11,At Risk,United Kingdom
17551,359,1,306.84,2,2,2,222,6,Lost,United Kingdom
17552,60,12,3085.29,3,5,5,355,13,Loyal Customers,United Kingdom
17553,130,4,3757.6,3,4,5,345,12,Loyal Customers,United Kingdom
17554,1,5,1952.45,5,4,4,544,13,Champions,United Kingdom
17555,20,5,1057.74,4,4,3,443,11,Loyal Customers,United Kingdom
17556,206,2,300.66999999999996,2,3,2,232,7,Needs Attention,United Kingdom
17557,14,4,575.46,5,4,2,542,11,Loyal Customers,United Kingdom
17558,393,1,259.17,2,2,1,221,5,Lost,United Kingdom
17559,513,1,167.62,1,2,1,121,4,Lost,United Kingdom
17560,95,8,1895.8,3,5,4,354,12,Loyal Customers,United Kingdom
17561,19,4,722.34,5,4,3,543,12,Loyal Customers,United Kingdom
17562,14,7,1122.38,5,4,3,543,12,Loyal Customers,United Kingdom
17563,578,2,392.38,1,3,2,132,6,Needs Attention,United Kingdom
17564,24,3,454.01,4,3,2,432,9,Loyal Customers,United Kingdom
17565,587,1,131.83,1,2,1,121,4,Lost,United Kingdom
17566,8,2,901.21,5,3,3,533,11,Loyal Customers,United Kingdom
17567,7,9,5356.03,5,5,5,555,15,Champions,United Kingdom
17568,633,1,382.79,1,2,2,122,5,Lost,United Kingdom
17569,332,1,344.14,2,2,2,222,6,Lost,United Kingdom
17570,382,1,100.0,2,2,1,221,5,Lost,United Kingdom
17571,50,5,1703.75,4,4,4,444,12,Champions,United Kingdom
17572,71,10,723.01,3,5,3,353,11,Loyal Customers,United Kingdom
17573,29,3,380.6,4,3,2,432,9,Loyal Customers,United Kingdom
17574,243,1,185.65,2,2,1,221,5,Lost,United Kingdom
17575,667,1,171.7,1,2,1,121,4,Lost,United Kingdom
17576,8,41,9056.81,5,5,5,555,15,Champions,United Kingdom
17577,645,2,348.75,1,3,2,132,6,Needs Attention,United Kingdom
17578,218,7,1047.33,2,4,3,243,9,At Risk,United Kingdom
17579,5,4,753.28,5,4,3,543,12,Loyal Customers,United Kingdom
17580,253,5,545.27,2,4,2,242,8,At Risk,United Kingdom
17581,1,43,18757.75,5,5,5,555,15,Champions,United Kingdom
17582,236,5,1450.7,2,4,4,244,10,At Risk,United Kingdom
17583,560,1,135.95,1,2,1,121,4,Lost,United Kingdom
17584,7,6,5309.42,5,4,5,545,14,Champions,United Kingdom
17585,109,7,2093.3,3,4,4,344,11,Loyal Customers,United Kingdom
17586,619,1,167.4,1,2,1,121,4,Lost,United Kingdom
17587,628,1,181.66,1,2,1,121,4,Lost,United Kingdom
17588,100,7,2939.55,3,4,4,344,11,Loyal Customers,United Kingdom
17589,60,18,14049.87,3,5,5,355,13,Loyal Customers,United Kingdom
17590,2,3,1479.22,5,3,4,534,12,Loyal Customers,United Kingdom
17591,73,8,2776.67,3,5,4,354,12,Loyal Customers,United Kingdom
17592,739,1,148.3,1,2,1,121,4,Lost,United Kingdom
17593,4,11,8095.8,5,5,5,555,15,Champions,United Kingdom
17594,85,4,2497.88,3,4,4,344,11,Loyal Customers,United Kingdom
17595,12,2,388.79,5,3,2,532,10,Loyal Customers,United Kingdom
17596,23,13,4920.67,4,5,5,455,14,Champions,United Kingdom
17597,214,5,3484.09,2,4,5,245,11,At Risk,United Kingdom
17598,381,1,409.98,2,2,2,222,6,Lost,United Kingdom
17599,478,1,52.05,1,2,1,121,4,Lost,United Kingdom
17600,18,1,161.67,5,2,1,521,8,New Customers,United Kingdom
17601,239,2,421.48,2,3,2,232,7,Needs Attention,United Kingdom
17602,2,14,7451.13,5,5,5,555,15,Champions,United Kingdom
17603,78,4,1793.48,3,4,4,344,11,Loyal Customers,United Kingdom
17604,217,6,945.93,2,4,3,243,9,At Risk,United Kingdom
17605,590,1,160.75,1,2,1,121,4,Lost,United Kingdom
17606,737,1,87.3,1,2,1,121,4,Lost,United Kingdom
17607,376,1,333.81,2,2,2,222,6,Lost,United Kingdom
17608,33,4,498.53,4,4,2,442,10,Loyal Customers,United Kingdom
17609,41,11,1894.34,4,5,4,454,13,Champions,United Kingdom
17610,540,5,1529.49,1,4,4,144,9,At Risk,United Kingdom
17611,7,28,8371.98,5,5,5,555,15,Champions,United Kingdom
17612,53,18,5394.86,4,5,5,455,14,Champions,United Kingdom
17613,23,14,4559.15,4,5,5,455,14,Champions,United Kingdom
17614,57,1,390.07,4,2,2,422,8,New Customers,United Kingdom
17615,130,6,733.2,3,4,3,343,10,Loyal Customers,United Kingdom
17616,174,4,1060.8,3,4,3,343,10,Loyal Customers,United Kingdom
17617,559,1,395.33,1,2,2,122,5,Lost,United Kingdom
17618,6,11,4073.24,5,5,5,555,15,Champions,United Kingdom
17619,312,1,218.52,2,2,1,221,5,Lost,United Kingdom
17620,60,1,81.44,3,2,1,321,6,Promising,United Kingdom
17621,21,6,3175.12,4,4,5,445,13,Champions,United Kingdom
17622,598,2,1130.21,1,3,3,133,7,Needs Attention,United Kingdom
17623,33,7,2383.67,4,4,4,444,12,Champions,United Kingdom
17624,15,4,1568.6299999999999,5,4,4,544,13,Champions,United Kingdom
17625,18,8,6067.8,5,5,5,555,15,Champions,United Kingdom
17626,603,1,254.0,1,2,1,121,4,Lost,United Kingdom
17627,479,1,296.36,1,2,2,122,5,Lost,United Kingdom
17628,81,1,75.75,3,2,1,321,6,Promising,United Kingdom
17629,6,10,2455.52,5,5,4,554,14,Champions,United Kingdom
17630,170,2,503.6,3,3,2,332,8,Loyal Customers,United Kingdom
17631,2,7,998.49,5,4,3,543,12,Loyal Customers,United Kingdom
17633,31,7,2057.39,4,4,4,444,12,Champions,United Kingdom
17634,36,9,2361.97,4,5,4,454,13,Champions,United Kingdom
17635,424,3,1265.58,1,3,4,134,8,Needs Attention,United Kingdom
17636,19,1,285.56,5,2,1,521,8,New Customers,United Kingdom
17637,31,2,547.06,4,3,2,432,9,Loyal Customers,United Kingdom
17638,647,2,842.4000000000001,1,3,3,133,7,Needs Attention,United Kingdom
17639,276,6,615.17,2,4,2,242,8,At Risk,United Kingdom
17640,87,6,3168.94,3,4,5,345,12,Loyal Customers,United Kingdom
17642,120,5,1824.49,3,4,4,344,11,Loyal Customers,United Kingdom
17643,373,2,541.25,2,3,2,232,7,Needs Attention,United Kingdom
17644,1,20,6028.6,5,5,5,555,15,Champions,United Kingdom
17646,219,12,4149.79,2,5,5,255,12,At Risk,United Kingdom
17647,65,3,331.66,3,3,2,332,8,Loyal Customers,United Kingdom
17648,61,5,2216.37,3,4,4,344,11,Loyal Customers,United Kingdom
17649,138,3,1578.89,3,3,4,334,10,Loyal Customers,United Kingdom
17650,21,1,166.07999999999998,4,2,1,421,7,New Customers,United Kingdom
17651,12,16,5703.52,5,5,5,555,15,Champions,United Kingdom
17652,25,12,4867.72,4,5,5,455,14,Champions,United Kingdom
17653,37,4,1207.56,4,4,3,443,11,Loyal Customers,United Kingdom
17654,277,1,117.55,2,2,1,221,5,Lost,United Kingdom
17655,11,9,3652.48,5,5,5,555,15,Champions,United Kingdom
17656,73,5,1674.69,3,4,4,344,11,Loyal Customers,United Kingdom
17657,430,1,126.0,1,2,1,121,4,Lost,United Kingdom
17658,26,2,595.42,4,3,2,432,9,Loyal Customers,United Kingdom
17659,17,14,3834.79,5,5,5,555,15,Champions,United Kingdom
17660,141,2,359.47,3,3,2,332,8,Loyal Customers,United Kingdom
17662,662,2,412.92,1,3,2,132,6,Needs Attention,United Kingdom
17663,26,17,5175.83,4,5,5,455,14,Champions,United Kingdom
17664,19,4,1166.23,5,4,3,543,12,Loyal Customers,United Kingdom
17665,493,1,563.1,1,2,2,122,5,Lost,United Kingdom
17666,4,5,2047.8,5,4,4,544,13,Champions,United Kingdom
17667,66,9,3950.7,3,5,5,355,13,Loyal Customers,United Kingdom
17668,1,2,347.75,5,3,2,532,10,Loyal Customers,United Kingdom
17669,43,10,6142.35,4,5,5,455,14,Champions,United Kingdom
17670,228,1,205.7,2,2,1,221,5,Lost,United Kingdom
17671,16,5,2403.34,5,4,4,544,13,Champions,United Kingdom
17672,50,7,5778.63,4,4,5,445,13,Champions,United Kingdom
17673,2,13,4233.58,5,5,5,555,15,Champions,United Kingdom
17674,74,2,851.7,3,3,3,333,9,Loyal Customers,United Kingdom
17675,1,70,38259.6,5,5,5,555,15,Champions,United Kingdom
17676,4,10,2765.84,5,5,4,554,14,Champions,United Kingdom
17677,2,54,36692.909999999996,5,5,5,555,15,Champions,United Kingdom
17678,264,2,599.76,2,3,2,232,7,Needs Attention,United Kingdom
17679,53,7,3577.61,4,4,5,445,13,Champions,United Kingdom
17680,24,3,497.45,4,3,2,432,9,Loyal Customers,United Kingdom
17681,597,5,731.2,1,4,3,143,8,At Risk,United Kingdom
17682,10,11,4456.78,5,5,5,555,15,Champions,United Kingdom
17683,386,3,819.01,2,3,3,233,8,Needs Attention,United Kingdom
17684,44,1,239.41,4,2,1,421,7,New Customers,United Kingdom
17685,17,12,5943.17,5,5,5,555,15,Champions,United Kingdom
17686,7,9,8296.81,5,5,5,555,15,Champions,United Kingdom
17687,421,1,432.68,1,2,2,122,5,Lost,United Kingdom
17688,394,1,304.2,2,2,2,222,6,Lost,United Kingdom
17689,388,2,317.08,2,3,2,232,7,Needs Attention,United Kingdom
17690,30,20,7448.1,4,5,5,455,14,Champions,United Kingdom
17691,358,4,780.05,2,4,3,243,9,At Risk,United Kingdom
17692,127,12,2975.7999999999997,3,5,5,355,13,Loyal Customers,United Kingdom
17693,137,1,200.47,3,2,1,321,6,Promising,United Kingdom
17694,142,3,1695.97,3,3,4,334,10,Loyal Customers,United Kingdom
17695,132,5,1746.04,3,4,4,344,11,Loyal Customers,United Kingdom
17696,38,27,7679.59,4,5,5,455,14,Champions,United Kingdom
17697,236,1,338.95,2,2,2,222,6,Lost,United Kingdom
17698,261,1,154.95,2,2,1,221,5,Lost,United Kingdom
17699,477,2,442.0,1,3,2,132,6,Needs Attention,United Kingdom
17700,17,14,6679.97,5,5,5,555,15,Champions,United Kingdom
17701,253,1,417.95,2,2,2,222,6,Lost,United Kingdom
17702,30,6,3144.04,4,4,5,445,13,Champions,United Kingdom
17703,35,4,1094.84,4,4,3,443,11,Loyal Customers,United Kingdom
17704,169,2,885.1899999999999,3,3,3,333,9,Loyal Customers,United Kingdom
17705,3,11,2083.9,5,5,4,554,14,Champions,United Kingdom
17706,4,31,20749.98,5,5,5,555,15,Champions,United Kingdom
17707,185,8,609.3,3,5,2,352,10,Loyal Customers,United Kingdom
17708,188,4,887.93,3,4,3,343,10,Loyal Customers,United Kingdom
17709,170,5,671.01,3,4,3,343,10,Loyal Customers,United Kingdom
17710,424,1,293.5,1,2,2,122,5,Lost,United Kingdom
17711,11,2,385.1,5,3,2,532,10,Loyal Customers,United Kingdom
17712,45,1,522.91,4,2,2,422,8,New Customers,United Kingdom
17713,382,4,1198.09,2,4,3,243,9,At Risk,United Kingdom
17714,321,5,1410.18,2,4,4,244,10,At Risk,United Kingdom
17715,201,2,489.59999999999997,2,3,2,232,7,Needs Attention,United Kingdom
17716,23,24,15956.97,4,5,5,455,14,Champions,United Kingdom
17717,421,1,376.92,1,2,2,122,5,Lost,United Kingdom
17718,232,2,439.18,2,3,2,232,7,Needs Attention,United Kingdom
17719,38,15,5396.04,4,5,5,455,14,Champions,United Kingdom
17720,26,10,2768.91,4,5,4,454,13,Champions,United Kingdom
17721,659,1,307.21000000000004,1,2,2,122,5,Lost,United Kingdom
17722,96,5,4430.36,3,4,5,345,12,Loyal Customers,United Kingdom
17723,127,7,3378.4,3,4,5,345,12,Loyal Customers,United Kingdom
17724,71,3,1033.0,3,3,3,333,9,Loyal Customers,United Kingdom
17725,16,11,3439.08,5,5,5,555,15,Champions,United Kingdom
17726,395,7,1092.06,2,4,3,243,9,At Risk,United Kingdom
17727,15,1,1060.25,5,2,3,523,10,New Customers,United Kingdom
17728,4,5,4238.76,5,4,5,545,14,Champions,United Kingdom
17729,596,1,438.65,1,2,2,122,5,Lost,United Kingdom
17730,3,20,7773.8,5,5,5,555,15,Champions,United Kingdom
17731,79,6,1708.99,3,4,4,344,11,Loyal Customers,United Kingdom
17732,373,8,2470.39,2,5,4,254,11,At Risk,United Kingdom
17733,39,2,692.19,4,3,3,433,10,Loyal Customers,United Kingdom
17734,54,6,1442.32,4,4,4,444,12,Champions,United Kingdom
17735,2,26,17244.93,5,5,5,555,15,Champions,United Kingdom
17736,9,3,377.44,5,3,2,532,10,Loyal Customers,United Kingdom
17737,9,2,168.24,5,3,1,531,9,Loyal Customers,United Kingdom
17738,19,13,4183.5599999999995,5,5,5,555,15,Champions,United Kingdom
17739,12,18,7730.59,5,5,5,555,15,Champions,United Kingdom
17740,389,6,426.9,2,4,2,242,8,At Risk,United Kingdom
17741,407,2,101.1,2,3,1,231,6,Needs Attention,United Kingdom
17742,113,11,2098.48,3,5,4,354,12,Loyal Customers,United Kingdom
17743,448,1,229.2,1,2,1,121,4,Lost,United Kingdom
17744,4,7,2649.14,5,4,4,544,13,Champions,United Kingdom
17745,478,2,600.34,1,3,2,132,6,Needs Attention,United Kingdom
17746,240,4,904.18,2,4,3,243,9,At Risk,United Kingdom
17747,113,1,71.4,3,2,1,321,6,Promising,United Kingdom
17748,527,1,358.15,1,2,2,122,5,Lost,United Kingdom
17749,178,3,1026.18,3,3,3,333,9,Loyal Customers,United Kingdom
17750,5,9,1797.57,5,5,4,554,14,Champions,United Kingdom
17751,421,1,157.85999999999999,1,2,1,121,4,Lost,United Kingdom
17752,359,1,80.64,2,2,1,221,5,Lost,United Kingdom
17753,464,4,390.56,1,4,2,142,7,At Risk,United Kingdom
17754,1,13,4577.53,5,5,5,555,15,Champions,United Kingdom
17756,376,3,733.7,2,3,3,233,8,Needs Attention,United Kingdom
17757,1,56,9422.45,5,5,5,555,15,Champions,United Kingdom
17758,19,12,5012.53,5,5,5,555,15,Champions,United Kingdom
17759,17,5,1276.91,5,4,4,544,13,Champions,United Kingdom
17760,22,6,918.93,4,4,3,443,11,Loyal Customers,United Kingdom
17761,33,1,712.78,4,2,3,423,9,New Customers,United Kingdom
17762,456,1,129.75,1,2,1,121,4,Lost,United Kingdom
17763,263,4,86.15,2,4,1,241,7,At Risk,United Kingdom
17764,51,5,1623.64,4,4,4,444,12,Champions,United Kingdom
17765,159,4,530.8,3,4,2,342,9,Loyal Customers,United Kingdom
17766,381,2,299.61,2,3,2,232,7,Needs Attention,United Kingdom
17767,15,2,413.05,5,3,2,532,10,Loyal Customers,United Kingdom
17768,8,7,3509.51,5,4,5,545,14,Champions,United Kingdom
17769,13,17,7103.08,5,5,5,555,15,Champions,United Kingdom
17770,199,5,1143.27,2,4,3,243,9,At Risk,United Kingdom
17771,57,4,387.41,4,4,2,442,10,Loyal Customers,United Kingdom
17772,11,3,384.77,5,3,2,532,10,Loyal Customers,United Kingdom
17773,514,2,585.27,1,3,2,132,6,Needs Attention,United Kingdom
17774,97,9,3328.05,3,5,5,355,13,Loyal Customers,United Kingdom
17775,255,1,56.4,2,2,1,221,5,Lost,United Kingdom
17776,387,2,338.56,2,3,2,232,7,Needs Attention,United Kingdom
17777,25,3,665.86,4,3,3,433,10,Loyal Customers,United Kingdom
17778,662,1,197.7,1,2,1,121,4,Lost,United Kingdom
17779,21,3,658.57,4,3,3,433,10,Loyal Customers,United Kingdom
17780,667,3,352.91,1,3,2,132,6,Needs Attention,United Kingdom
17781,159,2,188.02,3,3,1,331,7,Loyal Customers,United Kingdom
17782,383,2,679.02,2,3,3,233,8,Needs Attention,United Kingdom
17783,72,3,379.91,3,3,2,332,8,Loyal Customers,United Kingdom
17784,550,1,112.86,1,2,1,121,4,Lost,United Kingdom
17785,53,3,403.38,4,3,2,432,9,Loyal Customers,United Kingdom
17786,85,2,278.74,3,3,1,331,7,Loyal Customers,United Kingdom
17787,153,4,2601.47,3,4,4,344,11,Loyal Customers,United Kingdom
17788,74,2,1117.9,3,3,3,333,9,Loyal Customers,United Kingdom
17789,281,2,397.15,2,3,2,232,7,Needs Attention,United Kingdom
17790,27,20,2783.61,4,5,4,454,13,Champions,United Kingdom
17791,30,1,106.1,4,2,1,421,7,New Customers,United Kingdom
17792,467,2,370.05,1,3,2,132,6,Needs Attention,United Kingdom
17793,25,1,323.04,4,2,2,422,8,New Customers,United Kingdom
17794,687,2,147.3,1,3,1,131,5,Needs Attention,United Kingdom
17795,180,2,350.39,3,3,2,332,8,Loyal Customers,United Kingdom
17796,40,7,1361.99,4,4,4,444,12,Champions,United Kingdom
17797,22,8,1985.87,4,5,4,454,13,Champions,United Kingdom
17798,582,1,183.09,1,2,1,121,4,Lost,United Kingdom
17799,22,20,6341.89,4,5,5,455,14,Champions,United Kingdom
17800,37,9,1199.01,4,5,3,453,12,Loyal Customers,United Kingdom
17801,451,3,798.33,1,3,3,133,7,Needs Attention,United Kingdom
17802,82,10,5053.12,3,5,5,355,13,Loyal Customers,United Kingdom
17803,392,1,184.66,2,2,1,221,5,Lost,United Kingdom
17804,376,3,385.23,2,3,2,232,7,Needs Attention,United Kingdom
17805,74,2,927.03,3,3,3,333,9,Loyal Customers,United Kingdom
17806,11,1,546.04,5,2,2,522,9,New Customers,United Kingdom
17807,395,3,437.87,2,3,2,232,7,Needs Attention,United Kingdom
17808,549,4,262.64,1,4,1,141,6,At Risk,United Kingdom
17809,16,20,11337.39,5,5,5,555,15,Champions,United Kingdom
17810,669,2,374.81,1,3,2,132,6,Needs Attention,United Kingdom
17811,4,47,9609.8,5,5,5,555,15,Champions,United Kingdom
17812,13,7,1165.89,5,4,3,543,12,Loyal Customers,United Kingdom
17813,14,5,1770.88,5,4,4,544,13,Champions,United Kingdom
17814,375,2,1617.32,2,3,4,234,9,Needs Attention,United Kingdom
17815,393,1,591.96,2,2,2,222,6,Lost,United Kingdom
17816,37,6,112.32,4,4,1,441,9,Loyal Customers,United Kingdom
17817,4,6,807.85,5,4,3,543,12,Loyal Customers,United Kingdom
17818,738,1,130.18,1,2,1,121,4,Lost,United Kingdom
17819,72,12,6612.5199999999995,3,5,5,355,13,Loyal Customers,United Kingdom
17820,374,1,183.56,2,2,1,221,5,Lost,United Kingdom
17821,406,1,334.62,2,2,2,222,6,Lost,United Kingdom
17822,420,5,2188.5,1,4,4,144,9,At Risk,United Kingdom
17823,421,2,494.25,1,3,2,132,6,Needs Attention,United Kingdom
17824,51,1,298.4,4,2,2,422,8,New Customers,United Kingdom
17825,599,4,731.96,1,4,3,143,8,At Risk,United Kingdom
17826,374,1,134.59,2,2,1,221,5,Lost,United Kingdom
17827,5,6,2388.05,5,4,4,544,13,Champions,United Kingdom
17828,23,4,1820.09,4,4,4,444,12,Champions,Malta
17829,299,5,4756.74,2,4,5,245,11,At Risk,United Arab Emirates
17830,2,3,398.7,5,3,2,532,10,Loyal Customers,United Kingdom
17831,33,1,35.4,4,2,1,421,7,New Customers,United Kingdom
17832,50,1,155.37,4,2,1,421,7,New Customers,United Kingdom
17833,723,1,342.36,1,2,2,122,5,Lost,United Kingdom
17834,415,2,730.47,1,3,3,133,7,Needs Attention,United Kingdom
17835,3,3,350.64,5,3,2,532,10,Loyal Customers,United Kingdom
17836,47,1,110.21000000000001,4,2,1,421,7,New Customers,United Kingdom
17837,42,8,1593.38,4,5,4,454,13,Champions,United Kingdom
17838,27,13,6722.9,4,5,5,455,14,Champions,United Kingdom
17839,42,1,338.8,4,2,2,422,8,New Customers,United Kingdom
17840,444,1,185.72,1,2,1,121,4,Lost,United Kingdom
17841,2,211,70884.07,5,5,5,555,15,Champions,United Kingdom
17842,602,1,430.69,1,2,2,122,5,Lost,United Kingdom
17843,303,2,326.23,2,3,2,232,7,Needs Attention,United Kingdom
17844,107,1,51.559999999999995,3,2,1,321,6,Promising,Canada
17845,555,4,598.1899999999999,1,4,2,142,7,At Risk,United Kingdom
17846,85,1,2033.1,3,2,4,324,9,Needs Attention,United Kingdom
17847,516,2,129.69,1,3,1,131,5,Needs Attention,United Kingdom
17848,81,30,3650.9,3,5,5,355,13,Loyal Customers,United Kingdom
17849,218,8,1063.76,2,5,3,253,10,At Risk,United Kingdom
17850,372,155,56600.08,2,5,5,255,12,At Risk,United Kingdom
17851,422,6,1563.34,1,4,4,144,9,At Risk,United Kingdom
17852,12,5,663.21,5,4,3,543,12,Loyal Customers,United Kingdom
17853,407,3,1608.19,2,3,4,234,9,Needs Attention,United Kingdom
17854,185,6,1071.45,3,4,3,343,10,Loyal Customers,United Kingdom
17855,373,1,417.94,2,2,2,222,6,Lost,United Kingdom
17856,2,4,1418.03,5,4,4,544,13,Champions,United Kingdom
17857,4,24,28682.24,5,5,5,555,15,Champions,United Kingdom
17858,6,30,12797.65,5,5,5,555,15,Champions,United Kingdom
17859,305,1,148.21,2,2,1,221,5,Lost,United Kingdom
17860,369,4,1015.54,2,4,3,243,9,At Risk,United Kingdom
17861,3,18,5127.69,5,5,5,555,15,Champions,United Kingdom
17862,324,4,1279.09,2,4,4,244,10,At Risk,United Kingdom
17863,59,12,5745.2,4,5,5,455,14,Champions,United Kingdom
17864,13,5,924.32,5,4,3,543,12,Loyal Customers,United Kingdom
17865,31,46,26374.39,4,5,5,455,14,Champions,United Kingdom
17866,143,3,1134.95,3,3,3,333,9,Loyal Customers,United Kingdom
17867,30,15,1621.28,4,5,4,454,13,Champions,United Kingdom
17868,386,1,234.65,2,2,1,221,5,Lost,United Kingdom
17869,107,7,1036.16,3,4,3,343,10,Loyal Customers,United Kingdom
17870,2,13,3108.15,5,5,5,555,15,Champions,United Kingdom
17871,205,5,1118.99,2,4,3,243,9,At Risk,United Kingdom
17872,382,1,235.87,2,2,1,221,5,Lost,United Kingdom
17873,80,18,6515.88,3,5,5,355,13,Loyal Customers,United Kingdom
17874,185,6,683.46,3,4,3,343,10,Loyal Customers,United Kingdom
17875,688,1,167.1,1,2,1,121,4,Lost,United Kingdom
17876,400,3,3424.02,2,3,5,235,10,Needs Attention,United Kingdom
17877,170,1,237.60999999999999,3,2,1,321,6,Promising,United Kingdom
17878,44,3,1412.33,4,3,4,434,11,Loyal Customers,United Kingdom
17879,174,1,178.52,3,2,1,321,6,Promising,United Kingdom
17880,365,3,824.92,2,3,3,233,8,Needs Attention,United Kingdom
17881,304,1,133.35,2,2,1,221,5,Lost,United Kingdom
17882,379,2,313.46,2,3,2,232,7,Needs Attention,United Kingdom
17883,3,7,995.85,5,4,3,543,12,Loyal Customers,United Kingdom
17884,4,20,3072.89,5,5,5,555,15,Champions,United Kingdom
17885,12,1,190.19,5,2,1,521,8,New Customers,United Kingdom
17886,32,6,1608.38,4,4,4,444,12,Champions,United Kingdom
17887,129,1,111.35,3,2,1,321,6,Promising,United Kingdom
17888,21,25,1820.44,4,5,4,454,13,Champions,United Kingdom
17889,212,7,774.87,2,4,3,243,9,At Risk,United Kingdom
17890,323,2,602.09,2,3,2,232,7,Needs Attention,United Kingdom
17891,162,1,203.85999999999999,3,2,1,321,6,Promising,United Kingdom
17892,56,3,244.1,4,3,1,431,8,Loyal Customers,United Kingdom
17893,225,1,112.25,2,2,1,221,5,Lost,United Kingdom
17894,72,18,2453.38,3,5,4,354,12,Loyal Customers,United Kingdom
17895,44,1,98.0,4,2,1,421,7,New Customers,United Kingdom
17896,23,1,256.32,4,2,1,421,7,New Customers,United Kingdom
17897,173,9,2585.0,3,5,4,354,12,Loyal Customers,United Kingdom
17898,85,4,299.18,3,4,2,342,9,Loyal Customers,United Kingdom
17899,159,1,155.8,3,2,1,321,6,Promising,United Kingdom
17900,190,2,112.19999999999999,2,3,1,231,6,Needs Attention,United Kingdom
17901,29,3,260.08,4,3,1,431,8,Loyal Customers,United Kingdom
17902,547,1,216.4,1,2,1,121,4,Lost,United Kingdom
17903,394,1,381.09000000000003,2,2,2,222,6,Lost,United Kingdom
17904,21,1,191.67000000000002,4,2,1,421,7,New Customers,United Kingdom
17905,71,13,2383.52,3,5,4,354,12,Loyal Customers,United Kingdom
17906,247,1,72.9,2,2,1,221,5,Lost,United Kingdom
17907,641,1,291.76,1,2,2,122,5,Lost,United Kingdom
17908,374,5,1411.54,2,4,4,244,10,At Risk,United Kingdom
17909,737,1,132.55,1,2,1,121,4,Lost,United Kingdom
17910,726,1,261.7,1,2,1,121,4,Lost,United Kingdom
17911,9,1,366.23,5,2,2,522,9,New Customers,United Kingdom
17912,310,6,375.5,2,4,2,242,8,At Risk,United Kingdom
17913,59,14,3479.64,4,5,5,455,14,Champions,United Kingdom
17914,4,1,336.43,5,2,2,522,9,New Customers,United Kingdom
17915,551,1,242.13,1,2,1,121,4,Lost,United Kingdom
17916,629,2,43.87,1,3,1,131,5,Needs Attention,United Kingdom
17917,45,3,341.28,4,3,2,432,9,Loyal Customers,United Kingdom
17918,501,3,396.39,1,3,2,132,6,Needs Attention,United Kingdom
17919,88,2,1840.32,3,3,4,334,10,Loyal Customers,United Kingdom
17920,4,54,24516.46,5,5,5,555,15,Champions,United Kingdom
17921,64,10,2423.5,3,5,4,354,12,Loyal Customers,United Kingdom
17922,543,1,170.4,1,2,1,121,4,Lost,United Kingdom
17923,282,3,497.0,2,3,2,232,7,Needs Attention,United Kingdom
17924,12,8,3536.7,5,5,5,555,15,Champions,United Kingdom
17925,373,1,488.16,2,2,2,222,6,Lost,United Kingdom
17926,133,5,1035.49,3,4,3,343,10,Loyal Customers,United Kingdom
17927,722,1,294.0,1,2,2,122,5,Lost,United Kingdom
17928,45,3,341.24,4,3,2,432,9,Loyal Customers,United Kingdom
17929,11,12,3082.1,5,5,5,555,15,Champions,United Kingdom
17930,36,13,4275.22,4,5,5,455,14,Champions,United Kingdom
17931,134,14,3437.29,3,5,5,355,13,Loyal Customers,United Kingdom
17932,29,3,1331.57,4,3,4,434,11,Loyal Customers,United Kingdom
17933,632,1,114.69,1,2,1,121,4,Lost,United Kingdom
17934,52,3,1049.15,4,3,3,433,10,Loyal Customers,United Kingdom
17935,138,7,686.14,3,4,3,343,10,Loyal Customers,United Kingdom
17936,5,1,389.84,5,2,2,522,9,New Customers,United Kingdom
17937,9,7,4301.22,5,4,5,545,14,Champions,United Kingdom
17938,420,1,144.29,1,2,1,121,4,Lost,United Kingdom
17939,160,1,99.14,3,2,1,321,6,Promising,United Kingdom
17940,49,16,30393.19,4,5,5,455,14,Champions,United Kingdom
17941,131,4,1433.28,3,4,4,344,11,Loyal Customers,United Kingdom
17942,8,1,77.5,5,2,1,521,8,New Customers,United Kingdom
17944,423,1,75.41,1,2,1,121,4,Lost,United Kingdom
17945,697,3,360.34999999999997,1,3,2,132,6,Needs Attention,United Kingdom
17946,233,2,149.57999999999998,2,3,1,231,6,Needs Attention,United Kingdom
17947,37,1,176.68,4,2,1,421,7,New Customers,United Kingdom
17948,147,1,358.56,3,2,2,322,7,Promising,United Kingdom
17949,1,118,118628.08,5,5,5,555,15,Champions,United Kingdom
17950,72,7,1432.81,3,4,4,344,11,Loyal Customers,United Kingdom
17951,40,4,1636.08,4,4,4,444,12,Champions,United Kingdom
17952,378,4,819.61,2,4,3,243,9,At Risk,United Kingdom
17953,540,1,160.82,1,2,1,121,4,Lost,United Kingdom
17954,5,19,3966.05,5,5,5,555,15,Champions,United Kingdom
17955,199,6,949.9,2,4,3,243,9,At Risk,United Kingdom
17956,249,1,12.75,2,2,1,221,5,Lost,United Kingdom
17957,66,1,111.68,3,2,1,321,6,Promising,United Kingdom
17958,117,2,973.88,3,3,3,333,9,Loyal Customers,United Kingdom
17959,592,1,140.75,1,2,1,121,4,Lost,United Kingdom
17960,171,3,135.08,3,3,1,331,7,Loyal Customers,United Kingdom
17961,21,100,2995.54,4,5,5,455,14,Champions,United Kingdom
17962,142,4,687.42,3,4,3,343,10,Loyal Customers,United Kingdom
17963,471,4,651.51,1,4,3,143,8,At Risk,United Kingdom
17964,32,2,733.46,4,3,3,433,10,Loyal Customers,United Kingdom
17965,38,29,7240.98,4,5,5,455,14,Champions,United Kingdom
17966,38,10,1974.42,4,5,4,454,13,Champions,United Kingdom
17967,372,2,357.29,2,3,2,232,7,Needs Attention,United Kingdom
17968,374,4,888.04,2,4,3,243,9,At Risk,United Kingdom
17969,166,20,2369.94,3,5,4,354,12,Loyal Customers,United Kingdom
17970,211,1,582.59,2,2,2,222,6,Lost,United Kingdom
17971,548,1,161.94,1,2,1,121,4,Lost,United Kingdom
17972,242,1,136.04,2,2,1,221,5,Lost,United Kingdom
17973,52,1,337.04,4,2,2,422,8,New Customers,United Kingdom
17974,25,6,1858.06,4,4,4,444,12,Champions,United Kingdom
17975,15,24,7028.83,5,5,5,555,15,Champions,United Kingdom
17976,372,1,706.38,2,2,3,223,7,Needs Attention,United Kingdom
17977,29,2,1565.6299999999999,4,3,4,434,11,Loyal Customers,United Kingdom
17978,365,4,1461.76,2,4,4,244,10,At Risk,United Kingdom
17979,36,4,757.71,4,4,3,443,11,Loyal Customers,United Kingdom
17980,166,4,1033.42,3,4,3,343,10,Loyal Customers,United Kingdom
17981,411,1,239.12,1,2,1,121,4,Lost,United Kingdom
17982,681,1,138.18,1,2,1,121,4,Lost,United Kingdom
17983,395,1,171.71,2,2,1,221,5,Lost,United Kingdom
17984,145,5,1191.27,3,4,3,343,10,Loyal Customers,United Kingdom
17985,22,1,634.95,4,2,3,423,9,New Customers,United Kingdom
17986,56,1,20.8,4,2,1,421,7,New Customers,United Kingdom
17987,185,5,1003.64,3,4,3,343,10,Loyal Customers,United Kingdom
17988,12,14,489.54,5,5,2,552,12,Loyal Customers,United Kingdom
17989,379,1,228.83,2,2,1,221,5,Lost,United Kingdom
17990,237,6,1527.61,2,4,4,244,10,At Risk,United Kingdom
17991,225,3,320.55,2,3,2,232,7,Needs Attention,United Kingdom
17992,389,1,254.13,2,2,1,221,5,Lost,United Kingdom
17993,617,1,235.19,1,2,1,121,4,Lost,United Kingdom
17994,122,11,2313.32,3,5,4,354,12,Loyal Customers,United Kingdom
17995,282,3,495.48,2,3,2,232,7,Needs Attention,United Kingdom
17996,380,3,482.33,2,3,2,232,7,Needs Attention,United Kingdom
17997,74,8,1970.67,3,5,4,354,12,Loyal Customers,United Kingdom
17998,380,3,639.24,2,3,3,233,8,Needs Attention,United Kingdom
17999,37,3,730.9,4,3,3,433,10,Loyal Customers,United Kingdom
18000,564,1,124.25,1,2,1,121,4,Lost,United Kingdom
18001,12,6,953.84,5,4,3,543,12,Loyal Customers,United Kingdom
18002,376,4,249.92,2,4,1,241,7,At Risk,United Kingdom
18003,376,1,358.61,2,2,2,222,6,Lost,United Kingdom
18004,362,1,169.47,2,2,1,221,5,Lost,United Kingdom
18005,4,2,249.72,5,3,1,531,9,Loyal Customers,United Kingdom
18006,23,4,997.86,4,4,3,443,11,Loyal Customers,United Kingdom
18007,393,1,220.32,2,2,1,221,5,Lost,United Kingdom
18008,70,23,19787.13,3,5,5,355,13,Loyal Customers,United Kingdom
18009,235,8,2155.83,2,5,4,254,11,At Risk,United Kingdom
18010,257,1,174.8,2,2,1,221,5,Lost,United Kingdom
18011,373,2,527.03,2,3,2,232,7,Needs Attention,United Kingdom
18012,723,1,115.3,1,2,1,121,4,Lost,United Kingdom
18013,155,2,187.29,3,3,1,331,7,Loyal Customers,United Kingdom
18014,28,1,166.42,4,2,1,421,7,New Customers,United Kingdom
18015,4,1,120.03,5,2,1,521,8,New Customers,United Kingdom
18016,32,7,1960.46,4,4,4,444,12,Champions,United Kingdom
18017,81,4,688.0,3,4,3,343,10,Loyal Customers,United Kingdom
18018,108,4,297.99,3,4,2,342,9,Loyal Customers,United Kingdom
18019,52,1,38.45,4,2,1,421,7,New Customers,United Kingdom
18020,544,1,190.48,1,2,1,121,4,Lost,United Kingdom
18021,510,2,227.06,1,3,1,131,5,Needs Attention,United Kingdom
18022,36,5,1651.79,4,4,4,444,12,Champions,United Kingdom
18024,153,2,389.78,3,3,2,332,8,Loyal Customers,United Kingdom
18025,380,6,1177.72,2,4,3,243,9,At Risk,United Kingdom
18026,501,2,2074.07,1,3,4,134,8,Needs Attention,United Kingdom
18027,99,1,115.31,3,2,1,321,6,Promising,United Kingdom
18028,583,1,192.04999999999998,1,2,1,121,4,Lost,United Kingdom
18029,642,1,433.77,1,2,2,122,5,Lost,United Kingdom
18030,4,2,230.64999999999998,5,3,1,531,9,Loyal Customers,United Kingdom
18031,379,1,462.09999999999997,2,2,2,222,6,Lost,United Kingdom
18032,334,1,73.5,2,2,1,221,5,Lost,United Kingdom
18033,65,1,97.97,3,2,1,321,6,Promising,United Kingdom
18034,22,3,793.7,4,3,3,433,10,Loyal Customers,United Kingdom
18035,36,5,1276.74,4,4,4,444,12,Champions,United Kingdom
18036,32,11,1563.64,4,5,4,454,13,Champions,United Kingdom
18037,154,15,167.42,3,5,1,351,9,Loyal Customers,United Kingdom
18038,556,1,149.41,1,2,1,121,4,Lost,United Kingdom
18039,374,4,579.17,2,4,2,242,8,At Risk,United Kingdom
18040,19,2,357.2,5,3,2,532,10,Loyal Customers,United Kingdom
18041,12,38,8752.38,5,5,5,555,15,Champions,United Kingdom
18042,54,2,281.15,4,3,1,431,8,Loyal Customers,United Kingdom
18043,25,3,875.97,4,3,3,433,10,Loyal Customers,United Kingdom
18044,4,18,3505.61,5,5,5,555,15,Champions,United Kingdom
18045,45,1,189.4,4,2,1,421,7,New Customers,United Kingdom
18046,650,1,189.63,1,2,1,121,4,Lost,United Kingdom
18047,381,2,342.69,2,3,2,232,7,Needs Attention,United Kingdom
18048,203,3,401.73,2,3,2,232,7,Needs Attention,United Kingdom
18049,437,2,556.52,1,3,2,132,6,Needs Attention,United Kingdom
18050,359,2,412.06,2,3,2,232,7,Needs Attention,United Kingdom
18051,634,7,2282.2799999999997,1,4,4,144,9,At Risk,United Kingdom
18052,565,1,10877.18,1,2,5,125,8,Needs Attention,United Kingdom
18053,71,3,571.07,3,3,2,332,8,Loyal Customers,United Kingdom
18054,393,1,176.5,2,2,1,221,5,Lost,United Kingdom
18055,7,14,11195.57,5,5,5,555,15,Champions,United Kingdom
18056,288,2,554.6,2,3,2,232,7,Needs Attention,United Kingdom
18057,393,3,1203.56,2,3,3,233,8,Needs Attention,United Kingdom
18058,10,3,774.06,5,3,3,533,11,Loyal Customers,United Kingdom
18059,23,3,306.46,4,3,2,432,9,Loyal Customers,United Kingdom
18060,408,2,1185.46,2,3,3,233,8,Needs Attention,United Kingdom
18061,22,28,6488.97,4,5,5,455,14,Champions,United Kingdom
18062,173,6,1632.67,3,4,4,344,11,Loyal Customers,United Kingdom
18063,391,2,186.6,2,3,1,231,6,Needs Attention,United Kingdom
18064,133,11,4495.03,3,5,5,355,13,Loyal Customers,United Kingdom
18065,6,29,5866.63,5,5,5,555,15,Champions,United Kingdom
18066,75,3,1440.4,3,3,4,334,10,Loyal Customers,United Kingdom
18067,40,1,396.33,4,2,2,422,8,New Customers,United Kingdom
18068,289,1,101.7,2,2,1,221,5,Lost,United Kingdom
18069,26,11,4540.56,4,5,5,455,14,Champions,United Kingdom
18070,669,1,314.1,1,2,2,122,5,Lost,United Kingdom
18071,258,6,1428.63,2,4,4,244,10,At Risk,United Kingdom
18072,186,1,247.44,3,2,1,321,6,Promising,United Kingdom
18073,114,12,3877.52,3,5,5,355,13,Loyal Customers,United Kingdom
18074,374,2,1509.04,2,3,4,234,9,Needs Attention,United Kingdom
18075,23,20,5783.29,4,5,5,455,14,Champions,United Kingdom
18076,380,1,151.49,2,2,1,221,5,Lost,United Kingdom
18077,8,18,4338.56,5,5,5,555,15,Champions,United Kingdom
18078,217,4,844.6,2,4,3,243,9,At Risk,United Kingdom
18079,45,5,4242.75,4,4,5,445,13,Champions,United Kingdom
18080,19,2,1231.5,5,3,3,533,11,Loyal Customers,United Kingdom
18081,36,3,343.45,4,3,2,432,9,Loyal Customers,United Kingdom
18082,26,1,703.37,4,2,3,423,9,New Customers,United Kingdom
18083,398,1,470.73,2,2,2,222,6,Lost,United Kingdom
18084,16,3,812.9300000000001,5,3,3,533,11,Loyal Customers,United Kingdom
18085,330,4,1645.75,2,4,4,244,10,At Risk,United Kingdom
18086,274,1,101.34,2,2,1,221,5,Lost,United Kingdom
18087,98,17,14761.52,3,5,5,355,13,Loyal Customers,United Kingdom
18088,61,1,167.67,3,2,1,321,6,Promising,United Kingdom
18089,447,1,428.45,1,2,2,122,5,Lost,United Kingdom
18090,422,1,349.4,1,2,2,122,5,Lost,United Kingdom
18091,593,1,360.85,1,2,2,122,5,Lost,United Kingdom
18092,2,18,16179.44,5,5,5,555,15,Champions,United Kingdom
18093,93,8,4452.71,3,5,5,355,13,Loyal Customers,United Kingdom
18094,82,13,6391.5199999999995,3,5,5,355,13,Loyal Customers,United Kingdom
18095,313,5,2303.09,2,4,4,244,10,At Risk,United Kingdom
18096,12,6,1805.28,5,4,4,544,13,Champions,United Kingdom
18097,8,11,4663.32,5,5,5,555,15,Champions,United Kingdom
18098,396,1,550.84,2,2,2,222,6,Lost,United Kingdom
18099,127,1,168.31,3,2,1,321,6,Promising,United Kingdom
18100,550,1,451.56,1,2,2,122,5,Lost,United Kingdom
18101,11,5,629.16,5,4,3,543,12,Loyal Customers,United Kingdom
18102,1,145,608821.65,5,5,5,555,15,Champions,United Kingdom
18103,549,1,105.8,1,2,1,121,4,Lost,United Kingdom
18104,37,1,754.64,4,2,3,423,9,New Customers,United Kingdom
18105,38,1,113.47999999999999,4,2,1,421,7,New Customers,United Kingdom
18106,330,6,1461.46,2,4,4,244,10,At Risk,United Kingdom
18107,442,1,167.13,1,2,1,121,4,Lost,United Kingdom
18108,254,3,848.81,2,3,3,233,8,Needs Attention,United Kingdom
18109,2,38,9893.960000000001,5,5,5,555,15,Champions,United Kingdom
18110,20,2,435.43,4,3,2,432,9,Loyal Customers,United Kingdom
18111,589,1,405.85,1,2,2,122,5,Lost,United Kingdom
18112,12,4,775.96,5,4,3,543,12,Loyal Customers,United Kingdom
18113,369,1,152.64,2,2,1,221,5,Lost,United Kingdom
18114,290,1,220.1,2,2,1,221,5,Lost,United Kingdom
18115,698,1,9.700000000000001,1,2,1,121,4,Lost,United Kingdom
18116,68,13,2154.3,3,5,4,354,12,Loyal Customers,United Kingdom
18117,26,1,320.71999999999997,4,2,2,422,8,New Customers,United Kingdom
18118,11,29,6733.22,5,5,5,555,15,Champions,United Kingdom
18119,368,1,362.24,2,2,2,222,6,Lost,United Kingdom
18120,214,1,111.15,2,2,1,221,5,Lost,United Kingdom
18121,149,2,673.1,3,3,3,333,9,Loyal Customers,United Kingdom
18122,8,6,1826.21,5,4,4,544,13,Champions,United Kingdom
18123,24,3,684.59,4,3,3,433,10,Loyal Customers,United Kingdom
18124,472,1,111.53,1,2,1,121,4,Lost,United Kingdom
18125,30,4,1142.99,4,4,3,443,11,Loyal Customers,United Kingdom
18126,61,1,206.83,3,2,1,321,6,Promising,United Kingdom
18127,19,4,561.53,5,4,2,542,11,Loyal Customers,United Kingdom
18128,537,1,420.04,1,2,2,122,5,Lost,United Kingdom
18129,243,1,112.55,2,2,1,221,5,Lost,United Kingdom
18130,15,3,1059.39,5,3,3,533,11,Loyal Customers,United Kingdom
18131,632,1,222.96,1,2,1,121,4,Lost,United Kingdom
18132,504,1,226.9,1,2,1,121,4,Lost,United Kingdom
18133,212,1,931.5,2,2,3,223,7,Needs Attention,United Kingdom
18134,598,2,445.0,1,3,2,132,6,Needs Attention,United Kingdom
18135,29,10,1249.62,4,5,4,454,13,Champions,United Kingdom
18136,63,5,1631.36,3,4,4,344,11,Loyal Customers,United Kingdom
18137,551,2,145.99,1,3,1,131,5,Needs Attention,United Kingdom
18138,295,1,152.65,2,2,1,221,5,Lost,United Kingdom
18139,18,6,8438.34,5,4,5,545,14,Champions,United Kingdom
18140,474,1,536.41,1,2,2,122,5,Lost,West Indies
18141,402,2,882.47,2,3,3,233,8,Needs Attention,United Kingdom
18142,157,2,1019.52,3,3,3,333,9,Loyal Customers,United Kingdom
18143,117,2,1000.16,3,3,3,333,9,Loyal Customers,United Kingdom
18144,8,19,5058.0,5,5,5,555,15,Champions,United Kingdom
18145,13,11,5617.79,5,5,5,555,15,Champions,United Kingdom
18146,141,2,160.35,3,3,1,331,7,Loyal Customers,United Kingdom
18147,46,2,179.34,4,3,1,431,8,Loyal Customers,United Kingdom
18148,647,1,114.1,1,2,1,121,4,Lost,United Kingdom
18149,51,7,1624.71,4,4,4,444,12,Champions,United Kingdom
18150,32,3,566.5799999999999,4,3,2,432,9,Loyal Customers,United Kingdom
18151,135,6,1879.44,3,4,4,344,11,Loyal Customers,United Kingdom
18152,646,1,426.69,1,2,2,122,5,Lost,United Kingdom
18153,659,1,246.22,1,2,1,121,4,Lost,United Kingdom
18154,3,5,932.6,5,4,3,543,12,Loyal Customers,United Kingdom
18155,75,3,371.62,3,3,2,332,8,Loyal Customers,United Kingdom
18156,13,2,941.17,5,3,3,533,11,Loyal Customers,United Kingdom
18157,571,1,215.35,1,2,1,121,4,Lost,United Kingdom
18158,9,2,453.4,5,3,2,532,10,Loyal Customers,United Kingdom
18159,301,1,530.15,2,2,2,222,6,Lost,United Kingdom
18160,57,3,1003.88,4,3,3,433,10,Loyal Customers,United Kingdom
18161,15,6,1803.1,5,4,4,544,13,Champions,United Kingdom
18162,732,1,379.15999999999997,1,2,2,122,5,Lost,United Kingdom
18163,584,1,728.84,1,2,3,123,6,Needs Attention,United Kingdom
18164,37,1,399.65,4,2,2,422,8,New Customers,United Kingdom
18165,177,1,302.46,3,2,2,322,7,Promising,United Kingdom
18166,624,1,175.5,1,2,1,121,4,Lost,United Kingdom
18167,23,3,1384.86,4,3,4,434,11,Loyal Customers,United Kingdom
18168,176,16,3770.27,3,5,5,355,13,Loyal Customers,United Kingdom
18169,61,1,202.65,3,2,1,321,6,Promising,United Kingdom
18170,33,9,2878.0,4,5,4,454,13,Champions,United Kingdom
18171,59,9,2437.31,4,5,4,454,13,Champions,United Kingdom
18172,15,52,17479.84,5,5,5,555,15,Champions,United Kingdom
18173,87,5,2696.36,3,4,4,344,11,Loyal Customers,United Kingdom
18174,7,2,162.5,5,3,1,531,9,Loyal Customers,United Kingdom
18175,676,1,176.1,1,2,1,121,4,Lost,United Kingdom
18176,358,1,476.34999999999997,2,2,2,222,6,Lost,United Kingdom
18177,31,9,2216.87,4,5,4,454,13,Champions,United Kingdom
18178,129,11,6103.74,3,5,5,355,13,Loyal Customers,United Kingdom
18179,9,8,2547.55,5,5,4,554,14,Champions,United Kingdom
18180,5,6,1843.75,5,4,4,544,13,Champions,United Kingdom
18181,24,5,1205.94,4,4,3,443,11,Loyal Customers,United Kingdom
18182,463,1,291.13,1,2,1,121,4,Lost,United Kingdom
18183,227,2,632.07,2,3,3,233,8,Needs Attention,United Kingdom
18184,15,1,49.8,5,2,1,521,8,New Customers,United Kingdom
18185,249,1,304.25,2,2,2,222,6,Lost,United Kingdom
18186,723,1,329.58000000000004,1,2,2,122,5,Lost,United Kingdom
18187,632,1,724.89,1,2,3,123,6,Needs Attention,United Kingdom
18188,15,6,3280.59,5,4,5,545,14,Champions,United Kingdom
18189,78,3,1403.73,3,3,4,334,10,Loyal Customers,United Kingdom
18190,192,5,745.62,2,4,3,243,9,At Risk,United Kingdom
18191,262,2,529.4,2,3,2,232,7,Needs Attention,United Kingdom
18192,72,1,957.97,3,2,3,323,8,Needs Attention,United Kingdom
18193,165,3,1207.35,3,3,3,333,9,Loyal Customers,United Kingdom
18194,82,6,4162.04,3,4,5,345,12,Loyal Customers,United Kingdom
18195,387,1,101.16,2,2,1,221,5,Lost,United Kingdom
18196,95,4,1464.31,3,4,4,344,11,Loyal Customers,United Kingdom
18197,576,1,230.1,1,2,1,121,4,Lost,United Kingdom
18198,4,17,5425.56,5,5,5,555,15,Champions,United Kingdom
18199,684,1,344.75,1,2,2,122,5,Lost,United Kingdom
18200,106,1,163.8,3,2,1,321,6,Promising,United Kingdom
18201,723,1,447.53,1,2,2,122,5,Lost,United Kingdom
18202,200,3,1396.99,2,3,4,234,9,Needs Attention,United Kingdom
18203,157,4,504.42,3,4,2,342,9,Loyal Customers,United Kingdom
18204,71,3,1993.7,3,3,4,334,10,Loyal Customers,United Kingdom
18205,36,2,517.36,4,3,2,432,9,Loyal Customers,United Kingdom
18206,553,1,314.65999999999997,1,2,2,122,5,Lost,United Kingdom
18207,499,1,544.47,1,2,2,122,5,Lost,United Kingdom
18208,566,1,360.08,1,2,2,122,5,Lost,United Kingdom
18209,29,1,139.1,4,2,1,421,7,New Customers,United Kingdom
18210,2,7,2768.83,5,4,4,544,13,Champions,United Kingdom
18211,26,5,600.07,4,4,2,442,10,Loyal Customers,United Kingdom
18212,326,2,546.72,2,3,2,232,7,Needs Attention,United Kingdom
18213,237,1,232.48,2,2,1,221,5,Lost,United Kingdom
18214,531,4,1780.34,1,4,4,144,9,At Risk,United Kingdom
18215,89,5,2247.49,3,4,4,344,11,Loyal Customers,United Kingdom
18216,31,1,481.75,4,2,2,422,8,New Customers,United Kingdom
18217,29,4,945.04,4,4,3,443,11,Loyal Customers,United Kingdom
18218,211,4,1142.0,2,4,3,243,9,At Risk,United Kingdom
18219,3,17,3562.89,5,5,5,555,15,Champions,United Kingdom
18220,227,6,1921.76,2,4,4,244,10,At Risk,United Kingdom
18221,22,6,1424.94,4,4,4,444,12,Champions,United Kingdom
18222,93,1,443.0,3,2,2,322,7,Promising,United Kingdom
18223,5,26,14000.85,5,5,5,555,15,Champions,United Kingdom
18224,264,1,158.95,2,2,1,221,5,Lost,United Kingdom
18225,3,26,13054.26,5,5,5,555,15,Champions,United Kingdom
18226,44,26,11878.88,4,5,5,455,14,Champions,United Kingdom
18227,218,2,388.75,2,3,2,232,7,Needs Attention,United Kingdom
18228,57,2,779.9,4,3,3,433,10,Loyal Customers,United Kingdom
18229,12,28,10803.71,5,5,5,555,15,Champions,United Kingdom
18230,9,9,4291.0599999999995,5,5,5,555,15,Champions,United Kingdom
18231,192,28,6880.97,2,5,5,255,12,At Risk,United Kingdom
18232,82,4,592.97,3,4,2,342,9,Loyal Customers,United Kingdom
18233,326,1,440.0,2,2,2,222,6,Lost,United Kingdom
18234,552,1,179.6,1,2,1,121,4,Lost,United Kingdom
18235,72,3,1796.48,3,3,4,334,10,Loyal Customers,United Kingdom
18236,30,12,1795.35,4,5,4,454,13,Champions,United Kingdom
18237,3,5,987.1,5,4,3,543,12,Loyal Customers,United Kingdom
18238,515,1,270.92,1,2,1,121,4,Lost,United Kingdom
18239,219,6,2150.36,2,4,4,244,10,At Risk,United Kingdom
18240,46,1,422.58,4,2,2,422,8,New Customers,United Kingdom
18241,10,21,2986.99,5,5,5,555,15,Champions,United Kingdom
18242,72,8,3605.21,3,5,5,355,13,Loyal Customers,United Kingdom
18243,414,1,515.78,1,2,2,122,5,Lost,United Kingdom
18244,431,2,568.64,1,3,2,132,6,Needs Attention,United Kingdom
18245,7,20,6324.98,5,5,5,555,15,Champions,United Kingdom
18246,24,3,758.8199999999999,4,3,3,433,10,Loyal Customers,United Kingdom
18247,415,3,839.73,1,3,3,133,7,Needs Attention,United Kingdom
18248,123,2,804.02,3,3,3,333,9,Loyal Customers,United Kingdom
18249,17,1,95.34,5,2,1,521,8,New Customers,United Kingdom
18250,310,1,349.27,2,2,2,222,6,Lost,United Kingdom
18251,87,9,26278.86,3,5,5,355,13,Loyal Customers,United Kingdom
18252,51,7,1542.09,4,4,4,444,12,Champions,United Kingdom
18253,643,1,317.88,1,2,2,122,5,Lost,United Kingdom
18254,581,1,267.9,1,2,1,121,4,Lost,United Kingdom
18255,89,2,303.15,3,3,2,332,8,Loyal Customers,United Kingdom
18256,388,1,110.69999999999999,2,2,1,221,5,Lost,United Kingdom
18257,39,12,4600.15,4,5,5,455,14,Champions,United Kingdom
18258,464,6,2059.67,1,4,4,144,9,At Risk,United Kingdom
18259,25,7,4318.2,4,4,5,445,13,Champions,United Kingdom
18260,173,23,9962.11,3,5,5,355,13,Loyal Customers,United Kingdom
18261,43,2,324.24,4,3,2,432,9,Loyal Customers,United Kingdom
18262,140,3,577.54,3,3,2,332,8,Loyal Customers,United Kingdom
18263,26,3,1213.16,4,3,3,433,10,Loyal Customers,United Kingdom
18264,499,1,603.25,1,2,2,122,5,Lost,United Kingdom
18265,72,2,801.51,3,3,3,333,9,Loyal Customers,United Kingdom
18266,434,1,251.1,1,2,1,121,4,Lost,United Kingdom
18267,673,1,269.37,1,2,1,121,4,Lost,United Kingdom
18268,134,6,1490.23,3,4,4,344,11,Loyal Customers,United Kingdom
18269,366,1,337.2,2,2,2,222,6,Lost,United Kingdom
18270,38,3,444.55,4,3,2,432,9,Loyal Customers,United Kingdom
18271,610,2,680.85,1,3,3,133,7,Needs Attention,United Kingdom
18272,3,9,4385.98,5,5,5,555,15,Champions,United Kingdom
18273,2,4,357.0,5,4,2,542,11,Loyal Customers,United Kingdom
18274,30,1,175.92,4,2,1,421,7,New Customers,United Kingdom
18275,578,2,741.85,1,3,3,133,7,Needs Attention,United Kingdom
18276,44,6,1656.52,4,4,4,444,12,Champions,United Kingdom
18277,58,5,1180.05,4,4,3,443,11,Loyal Customers,United Kingdom
18278,74,2,414.2,3,3,2,332,8,Loyal Customers,United Kingdom
18279,519,1,231.34,1,2,1,121,4,Lost,United Kingdom
18280,278,2,488.15,2,3,2,232,7,Needs Attention,United Kingdom
18281,181,2,201.14,3,3,1,331,7,Loyal Customers,United Kingdom
18282,8,2,178.05,5,3,1,531,9,Loyal Customers,United Kingdom
18283,4,22,2736.65,5,5,4,554,14,Champions,United Kingdom
18284,432,1,461.68,1,2,2,122,5,Lost,United Kingdom
18285,661,1,427.0,1,2,2,122,5,Lost,United Kingdom
18286,477,2,1296.43,1,3,4,134,8,Needs Attention,United Kingdom
18287,43,7,4182.99,4,4,5,445,13,Champions,United Kingdom
